graine;annee;colonie_id;colonie;espece;royaume;mere;colons;enfants;batiments;etablissements;humeur;sans_abri;loyaute;prestige;decouvertes;monuments;betail;champs;morts_cumules;victoires;defaites;lassitude;pieces;vivres;voyages_commerce;gain_commerce_heures;famine_detectee
401;1;1;Première colonie;Humains;0;0;12;0;6;1;0.71;0;1.00;0;5;0;0;4;0;0;0;0.00;350;68;3;-107.80;0
401;1;2;Colonie naine;Nains;0;0;12;0;6;1;0.67;0;1.00;0;5;0;0;3;0;0;0;0.00;499;64;4;-199.94;0
401;1;3;Colonie elfe;Elfes;0;0;12;0;7;1;0.72;0;1.00;0;7;0;0;3;0;1;0;6.00;393;40;7;-153.67;0
401;1;4;Colonie orque;Orques;0;0;12;1;6;1;0.65;0;1.00;0;5;0;0;4;2;0;1;32.00;488;62;4;-167.27;0
401;1;5;Colonie humaine;Humains;0;0;13;0;8;1;0.66;0;1.00;0;5;0;0;3;0;0;0;0.00;329;55;7;-108.24;0
401;1;6;Colonie naine;Nains;0;0;14;1;4;1;0.69;2;1.00;0;5;0;0;3;0;0;0;0.00;307;31;9;-86.55;0
401;2;1;Première colonie;Humains;0;0;19;4;10;1;0.70;0;1.00;0;6;0;0;4;0;0;0;0.00;350;127;7;-221.85;0
401;2;2;Colonie naine;Nains;0;0;16;3;8;1;0.67;0;1.00;0;6;0;0;3;0;0;0;0.00;587;78;8;-401.66;0
401;2;3;Colonie elfe;Elfes;0;0;13;1;7;1;0.70;1;1.00;0;8;0;0;3;0;0;0;0.00;327;54;10;-253.89;0
401;2;4;Colonie orque;Orques;0;0;10;1;8;1;0.72;0;1.00;0;5;0;0;4;4;0;0;29.00;535;66;10;-428.13;0
401;2;5;Colonie humaine;Humains;0;0;14;1;12;1;0.71;0;1.00;0;6;0;0;3;0;0;0;0.00;415;57;13;-309.56;0
401;2;6;Colonie naine;Nains;0;0;17;2;10;1;0.66;0;1.00;0;6;0;0;4;0;0;0;0.00;51;72;14;-195.82;0
401;3;1;Première colonie;Humains;0;0;25;7;15;1;0.58;1;1.00;0;7;0;0;5;1;0;0;0.00;281;0;10;-362.10;0
401;3;2;Colonie naine;Nains;0;0;19;5;9;1;0.62;0;1.00;10;7;0;0;4;0;0;0;0.00;651;70;13;-633.01;0
401;3;3;Colonie elfe;Elfes;0;0;14;2;8;1;0.68;0;1.00;0;8;0;0;3;1;0;0;0.00;599;78;17;-301.72;0
401;3;4;Colonie orque;Orques;0;0;11;1;8;1;0.68;0;1.00;0;8;0;0;4;4;0;0;0.00;45;53;12;-428.13;0
401;3;5;Colonie humaine;Humains;0;0;19;3;18;1;0.73;0;1.00;0;7;0;2;4;0;0;0;0.00;533;91;19;-435.37;0
401;3;6;Colonie naine;Nains;0;0;18;2;11;1;0.67;0;1.00;0;8;0;0;4;0;0;0;0.00;71;82;19;-311.24;0
401;4;1;Première colonie;Humains;0;0;2;2;15;1;0.00;0;1.00;0;8;0;0;7;16;0;0;0.00;323;0;14;-362.10;1
401;4;2;Colonie naine;Nains;0;0;21;5;12;1;0.67;0;1.00;10;8;0;0;4;1;0;0;0.00;599;87;18;-875.56;0
401;4;3;Colonie elfe;Elfes;0;0;15;2;9;1;0.68;0;1.00;0;9;0;0;3;1;0;0;0.00;545;77;20;-468.12;0
401;4;4;Colonie orque;Orques;0;0;12;1;7;1;0.66;0;1.00;0;9;0;0;4;4;0;0;0.00;19;40;17;-756.91;0
401;4;5;Colonie humaine;Humains;0;0;24;6;20;1;0.67;0;1.00;0;8;1;4;6;0;0;0;0.00;318;105;20;-562.39;0
401;4;6;Colonie naine;Nains;0;0;24;4;17;1;0.70;0;1.00;0;10;0;0;4;0;0;0;0.00;135;127;20;-475.78;0
401;5;1;Première colonie;Humains;0;0;1;0;15;1;0.73;0;1.00;0;9;0;0;7;17;0;0;0.00;323;7;15;-362.10;1
401;5;2;Colonie naine;Nains;0;0;23;5;12;1;0.68;0;1.00;10;11;0;0;5;1;0;0;0.00;914;106;20;-1027.08;0
401;5;3;Colonie elfe;Elfes;0;0;18;3;11;1;0.67;2;1.00;0;11;0;0;3;2;0;0;0.00;317;92;20;-658.28;0
401;5;4;Colonie orque;Orques;0;0;12;0;9;1;0.65;0;1.00;0;11;0;0;4;5;0;0;0.00;15;35;19;-866.60;0
401;5;5;Colonie humaine;Humains;0;0;26;7;20;1;0.69;0;1.00;0;11;1;9;7;0;0;0;0.00;22;97;20;-730.05;0
401;5;6;Colonie naine;Nains;0;0;26;5;19;1;0.70;0;1.00;0;11;0;0;6;0;0;0;0.00;576;129;20;-392.78;0
401;6;1;Première colonie;Humains;0;0;3;0;15;1;0.66;0;1.00;0;11;0;0;7;17;0;0;0.00;432;14;20;-362.10;1
401;6;2;Colonie naine;Nains;0;0;28;9;13;1;0.65;4;1.00;10;12;0;0;6;1;0;0;0.00;936;117;20;-1259.77;0
401;6;3;Colonie elfe;Elfes;0;0;20;2;11;1;0.71;4;1.00;0;12;0;0;3;3;0;0;0.00;273;89;20;-851.14;0
401;6;4;Colonie orque;Orques;0;0;11;0;8;1;0.68;0;1.00;0;12;0;0;4;7;0;0;0.00;15;58;20;-1098.72;0
401;6;5;Colonie humaine;Humains;0;0;29;7;23;1;0.74;0;1.00;0;12;1;9;8;0;0;0;0.00;50;97;20;-839.74;0
401;6;6;Colonie naine;Nains;0;0;26;5;22;1;0.70;0;1.00;0;12;0;1;8;0;0;0;0.00;441;113;20;-719.02;0
401;7;1;Première colonie;Humains;0;0;6;0;16;1;0.61;0;1.00;0;12;0;8;7;17;0;0;0.00;25;77;20;-362.10;1
401;7;2;Colonie naine;Nains;0;0;28;9;13;1;0.68;4;1.00;10;13;0;0;7;1;0;0;0.00;947;118;20;-1433.13;0
401;7;3;Colonie elfe;Elfes;0;0;21;3;12;1;0.71;5;1.00;0;13;0;0;4;3;0;0;0.00;193;106;20;-1059.06;0
401;7;4;Colonie orque;Orques;0;0;12;1;9;1;0.65;0;1.00;0;13;0;0;4;11;0;0;0.00;163;48;20;-1271.02;0
401;7;5;Colonie humaine;Humains;0;0;31;6;23;1;0.62;0;1.00;0;13;1;7;8;0;0;0;0.00;637;29;20;-857.79;0
401;7;6;Colonie naine;Nains;0;0;30;5;23;1;0.71;0;1.00;0;13;0;3;8;0;0;0;0.00;125;154;20;-797.41;0
401;8;1;Première colonie;Humains;0;0;10;1;16;1;0.69;0;1.00;0;13;0;8;7;17;0;0;0.00;680;58;20;-594.70;1
401;8;2;Colonie naine;Nains;0;0;29;7;14;1;0.64;5;1.00;10;13;0;0;7;1;0;0;0.00;375;95;20;-1771.16;0
401;8;3;Colonie elfe;Elfes;0;0;23;3;14;1;0.70;3;1.00;0;13;0;0;4;3;0;0;0.00;161;106;20;-1216.99;0
401;8;4;Colonie orque;Orques;0;0;9;1;9;1;0.71;0;1.00;0;13;0;0;4;15;0;0;0.00;259;41;20;-1589.74;0
401;8;5;Colonie humaine;Humains;0;0;22;4;23;1;0.58;0;1.00;0;13;1;4;10;8;0;0;0.00;0;0;20;-857.79;1
401;8;6;Colonie naine;Nains;0;0;30;4;27;2;0.73;0;1.00;0;13;0;2;10;0;0;0;0.00;144;173;20;-876.45;0
401;9;1;Première colonie;Humains;0;0;12;2;16;1;0.68;0;1.00;0;13;0;8;7;17;0;0;0.00;1115;86;20;-751.76;1
401;9;2;Colonie naine;Nains;0;0;32;7;17;1;0.66;0;1.00;10;13;0;7;8;1;0;0;0.00;131;131;20;-2017.23;0
401;9;3;Colonie elfe;Elfes;0;0;24;4;19;1;0.73;0;1.00;0;14;0;0;6;4;0;0;0.00;196;68;20;-1364.32;0
401;9;4;Colonie orque;Orques;0;0;7;0;10;1;0.56;0;1.00;0;13;0;0;4;17;0;0;0.00;237;52;20;-1886.87;0
401;9;5;Colonie humaine;Humains;1;0;14;1;23;1;0.74;0;1.00;0;14;1;4;10;9;0;0;0.00;158;57;20;-779.45;1
401;9;6;Colonie naine;Nains;0;0;31;4;29;2;0.70;0;1.00;0;14;0;4;11;0;0;0;0.00;55;166;20;-1035.91;0
401;9;7;Pont-André;Humains;1;5;6;1;2;1;0.68;0;0.86;0;14;0;0;2;1;0;0;0.00;0;53;2;0.00;0
401;10;1;Première colonie;Humains;0;0;13;3;16;1;0.69;0;1.00;0;14;0;8;7;17;0;0;0.00;1244;80;20;-928.23;1
401;10;2;Colonie naine;Nains;0;0;34;9;18;1;0.70;2;1.00;10;14;0;8;8;1;0;0;0.00;121;131;20;-2379.66;0
401;10;3;Colonie elfe;Elfes;0;0;24;4;20;1;0.69;0;1.00;0;14;0;3;7;4;0;0;0.00;49;78;20;-1616.90;0
401;10;4;Colonie orque;Orques;0;0;9;1;12;1;0.65;0;1.00;0;14;0;0;4;17;0;0;0.00;204;38;20;-2087.54;0
401;10;5;Colonie humaine;Humains;1;0;14;0;23;1;0.72;0;1.00;0;14;1;6;10;9;0;0;0.00;309;57;20;-890.18;1
401;10;6;Colonie naine;Nains;0;0;35;5;30;2;0.73;0;1.00;0;14;0;7;11;0;0;0;0.00;32;181;20;-1308.01;0
401;10;7;Pont-André;Humains;1;5;5;0;2;1;0.72;0;0.84;0;14;0;0;2;2;0;0;0.00;0;56;6;0.00;0
401;11;1;Première colonie;Humains;0;0;15;3;18;1;0.69;0;1.00;0;14;0;8;7;18;0;0;0.00;1177;77;20;-1130.19;1
401;11;2;Colonie naine;Nains;0;0;37;10;19;1;0.69;5;1.00;10;14;0;9;8;1;0;0;0.00;57;164;20;-2635.52;0
401;11;3;Colonie elfe;Elfes;0;0;24;4;21;1;0.71;0;1.00;0;15;0;2;7;4;0;0;0.00;91;70;20;-1644.30;0
401;11;4;Colonie orque;Orques;0;0;9;1;12;1;0.61;0;1.00;0;14;0;0;4;17;0;0;0.00;320;47;20;-2234.25;0
401;11;5;Colonie humaine;Humains;1;0;15;1;23;1;0.59;0;1.00;0;15;1;11;10;11;0;0;0.00;71;39;20;-1054.45;1
401;11;6;Colonie naine;Nains;0;0;39;4;35;2;0.72;0;1.00;0;15;0;11;12;0;0;0;0.00;86;202;20;-1460.32;0
401;11;7;Pont-André;Humains;1;5;5;0;2;1;0.72;0;0.82;0;14;0;0;2;2;0;0;0.00;0;19;8;0.00;0
401;12;1;Première colonie;Humains;0;0;18;4;18;1;0.68;0;1.00;0;15;0;8;7;18;0;0;0.00;964;99;20;-1325.74;1
401;12;2;Colonie naine;Nains;0;0;37;6;19;1;0.69;5;1.00;10;15;0;9;9;1;0;0;0.00;322;149;20;-2978.99;0
401;12;3;Colonie elfe;Elfes;0;0;25;4;21;1;0.70;0;1.00;0;15;0;2;7;4;0;0;0.00;231;79;20;-1735.99;0
401;12;4;Colonie orque;Orques;0;0;9;0;13;1;0.61;0;1.00;0;15;0;0;4;17;0;0;0.00;296;26;20;-2518.11;0
401;12;5;Colonie humaine;Humains;1;0;12;1;23;1;0.67;0;1.00;0;15;1;12;10;14;0;0;0.00;23;44;20;-1209.16;1
401;12;6;Colonie naine;Nains;0;0;42;6;38;2;0.73;1;1.00;0;15;0;11;12;0;0;0;0.00;37;260;20;-1794.62;0
401;12;7;Pont-André;Humains;1;5;6;0;2;1;0.73;0;0.88;0;14;0;0;2;4;0;0;0.00;0;24;12;-47.23;0
401;13;1;Première colonie;Humains;0;0;20;4;18;1;0.70;0;1.00;0;15;0;8;7;19;0;0;0.00;778;79;20;-1469.36;1
401;13;2;Colonie naine;Nains;0;0;38;7;19;1;0.69;4;1.00;10;16;0;9;9;1;0;0;0.00;442;158;20;-3263.18;0
401;13;3;Colonie elfe;Elfes;0;0;25;4;21;1;0.64;0;1.00;0;16;0;2;7;4;0;0;0.00;20;71;20;-1814.93;0
401;13;4;Colonie orque;Orques;0;0;11;0;13;1;0.70;0;1.00;0;15;0;0;4;18;0;0;0.00;362;42;20;-2638.78;0
401;13;5;Colonie humaine;Humains;1;0;11;1;23;1;0.72;0;1.00;0;16;1;12;10;15;0;0;0.00;8;38;20;-1516.06;1
401;13;6;Colonie naine;Nains;0;0;42;5;37;2;0.70;1;1.00;0;16;0;13;12;1;0;0;0.00;189;221;20;-2081.81;0
401;13;7;Pont-André;Humains;1;5;8;1;4;1;0.68;0;0.94;0;15;0;0;2;4;0;0;0.00;12;38;16;-140.87;0
401;14;1;Première colonie;Humains;0;0;21;3;20;1;0.69;0;1.00;0;16;0;8;7;20;0;0;0.00;523;112;20;-1704.06;1
401;14;2;Colonie naine;Nains;0;0;37;6;19;1;0.70;5;1.00;10;16;0;9;9;2;0;0;0.00;561;184;20;-3466.49;0
401;14;3;Colonie elfe;Elfes;0;0;26;4;21;1;0.70;0;1.00;0;16;0;3;7;4;0;0;0.00;16;66;20;-2008.62;0
401;14;4;Colonie orque;Orques;0;0;8;0;13;1;0.67;0;1.00;0;16;0;0;4;21;0;0;0.00;320;42;20;-2972.18;0
401;14;5;Colonie humaine;Humains;1;0;13;0;23;1;0.74;0;1.00;0;16;1;12;10;16;0;0;0.00;34;65;20;-1733.19;1
401;14;6;Colonie naine;Nains;0;0;46;7;38;2;0.71;5;1.00;0;17;0;14;12;1;0;0;0.00;165;227;20;-2260.96;0
401;14;7;Pont-André;Humains;1;5;12;2;9;1;0.65;4;0.94;0;16;0;0;2;4;0;0;0.00;13;58;20;-229.29;0
401;15;1;Première colonie;Humains;0;0;24;1;20;1;0.69;0;1.00;0;16;0;9;7;21;0;0;0.00;233;148;20;-1917.51;1
401;15;2;Colonie naine;Nains;0;0;37;5;19;1;0.71;5;1.00;10;17;0;9;9;3;0;0;0.00;467;183;20;-3619.22;0
401;15;3;Colonie elfe;Elfes;0;0;26;4;21;1;0.63;0;1.00;0;17;0;2;8;4;0;0;0.00;25;49;20;-2096.82;0
401;15;4;Colonie orque;Orques;0;0;9;1;13;1;0.62;0;1.00;0;16;0;0;4;23;0;0;0.00;260;33;20;-3225.29;0
401;15;5;Colonie humaine;Humains;1;0;14;1;23;1;0.75;0;1.00;0;16;1;14;10;17;0;0;0.00;52;55;20;-1885.20;1
401;15;6;Colonie naine;Nains;0;0;46;7;37;2;0.72;5;1.00;0;17;0;16;13;1;0;0;0.00;562;265;20;-2535.92;0
401;15;7;Pont-André;Humains;1;5;13;2;9;1;0.65;5;0.94;0;16;0;0;2;5;0;0;0.00;4;59;20;-488.38;0
401;16;1;Première colonie;Humains;0;0;27;1;20;1;0.69;0;1.00;0;17;0;9;7;22;0;0;0.00;84;126;20;-2144.07;1
401;16;2;Colonie naine;Nains;0;0;37;3;19;1;0.69;5;1.00;10;18;0;9;9;3;0;0;0.00;487;164;20;-3818.00;0
401;16;3;Colonie elfe;Elfes;0;0;26;4;21;1;0.65;0;1.00;0;17;0;2;8;4;0;0;0.00;3;39;20;-2147.09;0
401;16;4;Colonie orque;Orques;0;0;10;1;13;1;0.65;0;1.00;0;17;0;0;4;23;0;0;0.00;266;36;20;-3500.04;0
401;16;5;Colonie humaine;Humains;1;0;18;2;23;1;0.75;0;1.00;0;17;1;14;10;17;0;0;0.00;51;73;20;-1981.79;1
401;16;6;Colonie naine;Nains;0;0;46;4;39;3;0.73;1;1.00;0;18;0;16;13;1;0;0;0.00;667;243;20;-2748.83;0
401;16;7;Pont-André;Humains;1;5;13;1;9;1;0.69;5;0.93;0;17;0;0;3;5;0;0;0.00;13;61;20;-648.21;0
401;17;1;Première colonie;Humains;0;0;31;2;20;1;0.67;3;1.00;0;18;0;10;7;22;0;0;0.00;10;147;20;-2260.56;1
401;17;2;Colonie naine;Nains;0;0;37;2;19;1;0.68;4;1.00;10;18;0;9;9;3;0;0;0.00;421;175;20;-4079.53;0
401;17;3;Colonie elfe;Elfes;0;0;29;4;21;1;0.67;1;1.00;0;18;0;2;8;4;0;0;0.00;142;43;20;-2212.61;0
401;17;4;Colonie orque;Orques;0;0;10;0;13;1;0.68;0;1.00;0;17;0;0;4;23;0;0;0.00;328;53;20;-3835.81;0
401;17;5;Colonie humaine;Humains;1;0;25;4;23;1;0.77;0;1.00;0;18;1;19;10;17;0;0;0.00;40;107;20;-2234.17;1
401;17;6;Colonie naine;Nains;0;0;48;6;39;3;0.73;2;1.00;0;19;0;17;14;2;0;0;0.00;740;264;20;-2882.94;0
401;17;7;Pont-André;Humains;1;5;13;0;9;1;0.73;5;0.93;0;17;0;0;3;5;0;0;0.00;13;77;20;-890.42;0
401;18;1;Première colonie;Humains;0;0;33;4;20;1;0.66;5;1.00;0;19;0;12;7;23;0;0;0.00;6;132;20;-2417.75;1
401;18;2;Colonie naine;Nains;0;0;37;2;19;1;0.70;5;1.00;10;19;0;9;10;3;0;0;0.00;338;157;20;-4486.20;0
401;18;3;Colonie elfe;Elfes;0;0;29;4;21;1;0.68;1;1.00;0;19;0;2;9;4;0;0;0.00;145;26;20;-2248.55;0
401;18;4;Colonie orque;Orques;0;0;9;0;13;1;0.66;0;1.00;0;18;0;0;4;25;0;0;0.00;326;36;20;-3871.49;0
401;18;5;Colonie humaine;Humains;1;0;26;4;23;1;0.72;0;1.00;0;19;1;24;10;17;0;0;0.00;9;78;20;-2329.92;1
401;18;6;Colonie naine;Nains;0;0;48;4;39;3;0.73;2;1.00;0;19;0;17;14;2;0;0;0.00;777;271;20;-3051.28;0
401;18;7;Pont-André;Humains;1;5;13;0;9;1;0.68;5;0.95;0;18;0;0;3;5;0;0;0.00;4;91;20;-1111.85;0
401;19;1;Première colonie;Humains;0;0;35;5;20;1;0.69;7;1.00;0;19;0;11;8;24;0;0;0.00;6;96;20;-2494.28;1
401;19;2;Colonie naine;Nains;0;0;38;3;19;1;0.74;6;1.00;10;19;0;9;10;4;0;0;0.00;374;206;20;-4548.57;0
401;19;3;Colonie elfe;Elfes;0;0;13;3;21;1;0.76;0;1.00;0;19;0;4;9;4;0;0;0.00;234;83;20;-2262.86;1
401;19;4;Colonie orque;Orques;0;0;9;0;13;1;0.74;0;1.00;0;19;0;0;4;27;0;0;0.00;381;50;20;-4203.75;0
401;19;5;Colonie humaine;Humains;1;0;27;4;23;1;0.70;0;1.00;0;19;1;25;10;17;0;0;0.00;9;91;20;-2477.15;1
401;19;6;Colonie naine;Nains;0;0;49;6;40;3;0.71;4;1.00;0;19;0;18;14;4;0;0;0.00;533;258;20;-3266.74;0
401;19;7;Pont-André;Humains;1;5;13;0;9;1;0.69;5;0.90;0;19;0;0;3;5;0;0;0.00;2;73;20;-1272.02;0
401;20;1;Première colonie;Humains;0;0;33;4;20;1;0.67;5;1.00;0;19;0;5;9;26;0;0;0.00;20;41;20;-2557.79;1
401;20;2;Colonie naine;Nains;0;0;38;3;19;1;0.69;6;1.00;10;19;0;9;10;4;0;0;0.00;561;151;20;-4757.67;0
401;20;3;Colonie elfe;Elfes;0;0;15;4;21;1;0.71;0;1.00;0;19;0;8;9;4;0;0;0.00;214;85;20;-2474.75;1
401;20;4;Colonie orque;Orques;0;0;8;0;13;1;0.63;0;1.00;0;19;0;0;4;28;0;0;0.00;260;39;20;-4502.56;0
401;20;5;Colonie humaine;Humains;1;0;27;3;23;1;0.71;0;1.00;0;19;1;26;10;18;0;0;0.00;9;78;20;-2576.17;1
401;20;6;Colonie naine;Nains;0;0;48;5;41;3;0.71;4;1.00;0;19;0;18;14;6;0;0;0.00;481;262;20;-3472.34;0
401;20;7;Pont-André;Humains;1;5;13;0;9;1;0.71;4;0.92;0;19;0;0;3;5;0;0;0.00;7;79;20;-1488.32;0
401;21;1;Première colonie;Humains;0;0;33;2;21;2;0.71;1;1.00;0;19;0;11;9;26;0;0;0.00;20;111;20;-2749.10;1
401;21;2;Colonie naine;Nains;0;0;35;2;19;1;0.69;3;1.00;10;19;0;11;10;7;0;0;0.00;454;160;20;-4977.14;0
401;21;3;Colonie elfe;Elfes;0;0;16;4;21;1;0.73;0;1.00;0;19;0;8;9;4;0;0;0.00;185;76;20;-2651.08;1
401;21;4;Colonie orque;Orques;0;0;9;0;13;1;0.62;0;1.00;0;19;0;0;4;29;0;0;0.00;154;38;20;-4687.16;0
401;21;5;Colonie humaine;Humains;1;0;31;3;24;1;0.72;0;1.00;0;19;1;26;10;18;0;0;0.00;100;83;20;-2829.50;1
401;21;6;Colonie naine;Nains;0;0;47;5;41;3;0.71;4;1.00;0;19;0;19;14;9;0;0;0.00;590;269;20;-3597.23;0
401;21;7;Pont-André;Humains;1;5;13;0;9;1;0.69;5;0.93;0;19;0;0;3;5;0;0;0.00;14;79;20;-1814.60;0
401;22;1;Première colonie;Humains;0;0;29;0;21;2;0.69;1;1.00;0;19;0;11;9;30;0;0;0.00;8;143;20;-2886.67;1
401;22;2;Colonie naine;Nains;0;0;36;3;19;1;0.68;4;1.00;10;19;0;12;10;9;0;0;0.00;554;139;20;-5145.45;0
401;22;3;Colonie elfe;Elfes;0;0;17;4;21;1;0.76;0;1.00;0;19;0;8;9;4;0;0;0.00;22;88;20;-2916.56;1
401;22;4;Colonie orque;Orques;0;0;9;1;13;1;0.67;0;1.00;0;19;0;0;4;31;0;0;0.00;270;48;20;-4972.73;0
401;22;5;Colonie humaine;Humains;1;0;28;2;24;1;0.75;0;1.00;0;19;1;26;10;21;0;0;0.00;37;119;20;-2870.34;1
401;22;6;Colonie naine;Nains;0;0;46;6;41;3;0.71;4;1.00;0;19;0;20;14;11;0;0;0.00;617;224;20;-3793.77;0
401;22;7;Pont-André;Humains;1;5;12;0;9;1;0.65;4;0.96;0;19;0;0;3;7;0;0;0.00;10;68;20;-1879.41;0
401;23;1;Première colonie;Humains;0;0;29;1;20;2;0.72;0;1.00;0;19;0;13;10;33;0;0;0.00;38;141;20;-3015.84;1
401;23;2;Colonie naine;Nains;0;0;37;3;19;1;0.67;5;1.00;10;19;0;14;10;11;0;0;0.00;516;148;20;-5468.30;0
401;23;3;Colonie elfe;Elfes;0;0;18;4;21;1;0.75;0;1.00;0;19;0;8;9;4;0;0;0.00;110;98;20;-3131.63;1
401;23;4;Colonie orque;Orques;0;0;8;1;13;1;0.69;0;1.00;0;19;0;0;4;32;0;0;0.00;286;31;20;-5195.59;0
401;23;5;Colonie humaine;Humains;1;0;28;1;24;1;0.68;0;1.00;0;19;1;26;10;23;0;0;0.00;21;170;20;-2979.51;1
401;23;6;Colonie naine;Nains;0;0;44;6;42;3;0.68;4;1.00;0;19;0;21;14;16;0;0;0.00;463;190;20;-3903.51;0
401;23;7;Pont-André;Humains;1;5;12;0;8;1;0.68;4;0.95;0;19;0;0;3;8;0;0;0.00;10;76;20;-2098.27;0
401;24;1;Première colonie;Humains;0;0;30;3;21;2;0.71;0;1.00;0;19;0;14;10;36;0;0;0.00;5;153;20;-3185.45;1
401;24;2;Colonie naine;Nains;0;0;37;4;19;1;0.75;5;1.00;10;19;0;14;10;12;0;0;0.00;516;167;20;-5543.52;0
401;24;3;Colonie elfe;Elfes;0;0;22;4;21;1;0.75;0;1.00;0;19;0;8;9;4;0;0;0.00;7;116;20;-3238.48;1
401;24;4;Colonie orque;Orques;0;0;8;0;13;1;0.62;0;1.00;0;19;0;0;4;34;0;0;0.00;237;42;20;-5455.32;0
401;24;5;Colonie humaine;Humains;1;0;27;0;24;1;0.71;0;1.00;0;19;1;26;10;25;0;0;0.00;28;90;20;-3128.69;1
401;24;6;Colonie naine;Nains;0;0;40;6;42;3;0.71;2;1.00;0;19;0;24;14;20;0;0;0.00;661;139;20;-4077.15;0
401;24;7;Pont-André;Humains;1;5;11;0;8;1;0.72;3;0.98;0;19;0;0;3;10;0;0;0.00;10;53;20;-2342.69;0
401;25;1;Première colonie;Humains;0;0;27;4;21;2;0.74;0;1.00;0;19;0;17;10;42;0;0;0.00;36;182;20;-3341.05;1
401;25;2;Colonie naine;Nains;0;0;38;3;19;1;0.71;5;1.00;10;19;0;15;10;13;0;0;0.00;432;153;20;-5748.32;0
401;25;3;Colonie elfe;Elfes;0;0;24;5;21;1;0.70;0;1.00;0;19;0;8;9;4;0;0;0.00;35;108;20;-3461.09;1
401;25;4;Colonie orque;Orques;0;0;7;0;13;1;0.72;0;1.00;0;19;0;0;4;35;0;0;0.00;257;32;20;-5656.90;0
401;25;5;Colonie humaine;Humains;1;0;24;0;24;1;0.77;0;1.00;0;19;1;26;10;28;0;0;0.00;8;118;20;-3357.10;1
401;25;6;Colonie naine;Nains;0;0;40;4;42;3;0.70;2;1.00;0;19;0;25;14;20;0;0;0.00;630;164;20;-4290.86;0
401;25;7;Pont-André;Humains;1;5;10;0;8;1;0.71;2;0.99;0;19;0;0;3;11;0;0;0.00;10;63;20;-2454.56;0
401;26;1;Première colonie;Humains;0;0;29;3;21;2;0.73;0;1.00;0;19;0;20;10;43;0;0;0.00;29;115;20;-3374.47;1
401;26;2;Colonie naine;Nains;0;0;38;6;19;1;0.69;6;1.00;10;19;0;17;10;16;0;0;0.00;485;181;20;-6037.56;0
401;26;3;Colonie elfe;Elfes;0;0;30;6;21;1;0.70;1;1.00;0;19;0;8;9;4;0;0;0.00;0;152;20;-3596.60;1
401;26;4;Colonie orque;Orques;0;0;8;0;13;1;0.69;0;1.00;0;19;0;0;4;36;0;0;0.00;179;42;20;-5835.84;0
401;26;5;Colonie humaine;Humains;1;0;25;0;24;1;0.69;0;1.00;0;19;1;26;10;31;0;0;0.00;45;81;20;-3589.46;1
401;26;6;Colonie naine;Nains;0;0;39;4;42;3;0.72;1;1.00;0;19;0;25;14;23;0;0;0.00;616;175;20;-4392.07;0
401;26;7;Pont-André;Humains;1;5;11;0;9;1;0.70;3;1.02;0;19;0;0;3;12;0;0;0.00;10;53;20;-2642.31;0
401;27;1;Première colonie;Humains;0;0;29;1;21;2;0.72;0;1.00;0;19;0;20;10;44;0;0;0.00;3;151;20;-3453.62;1
401;27;2;Colonie naine;Nains;0;0;37;6;19;1;0.72;5;1.00;10;19;0;17;10;17;0;0;0.00;541;178;20;-6361.97;0
401;27;3;Colonie elfe;Elfes;0;0;32;6;21;1;0.70;2;1.00;0;19;0;10;9;4;0;0;0.00;3;164;20;-3766.21;1
401;27;4;Colonie orque;Orques;0;0;6;0;13;1;0.71;0;1.00;0;19;0;0;4;38;0;0;0.00;140;30;20;-6009.21;0
401;27;5;Colonie humaine;Humains;1;0;28;1;24;1;0.65;0;1.00;0;19;1;26;10;32;0;0;0.00;15;80;20;-3609.21;1
401;27;6;Colonie naine;Nains;0;0;40;5;42;3;0.72;3;1.00;0;19;0;26;14;24;0;0;0.00;663;167;20;-4645.07;0
401;27;7;Pont-André;Humains;1;5;10;0;10;1;0.67;1;0.99;0;19;0;0;3;15;0;0;0.00;10;42;20;-2822.99;0
401;28;1;Première colonie;Humains;0;0;32;2;23;2;0.72;4;1.00;0;19;0;20;10;45;0;0;0.00;5;179;20;-3676.38;1
401;28;2;Colonie naine;Nains;0;0;37;7;19;1;0.68;5;1.00;10;19;0;17;10;19;0;0;0.00;527;220;20;-6510.15;0
401;28;3;Colonie elfe;Elfes;0;0;33;6;21;1;0.70;5;1.00;0;19;0;10;9;4;0;0;0.00;3;93;20;-3867.54;1
401;28;4;Colonie orque;Orques;0;0;5;0;13;1;0.59;0;1.00;0;19;0;0;4;39;0;0;0.00;200;33;20;-6054.73;0
401;28;5;Colonie humaine;Humains;1;0;24;1;24;1;0.72;0;1.00;0;19;1;26;10;36;0;0;0.00;16;97;20;-3687.37;1
401;28;6;Colonie naine;Nains;0;0;39;5;32;2;0.71;6;1.00;0;19;0;26;14;26;0;0;0.00;605;188;20;-4799.70;0
401;28;7;Pont-André;Humains;1;5;12;1;14;1;0.67;3;0.99;0;19;0;0;3;16;0;0;0.00;10;51;20;-2983.46;0
401;29;1;Première colonie;Humains;0;0;31;3;23;2;0.68;4;1.00;0;19;0;21;10;49;0;0;0.00;37;173;20;-3887.33;1
401;29;2;Colonie naine;Nains;0;0;37;7;19;1;0.69;5;1.00;10;19;0;18;10;19;0;0;0.00;518;163;20;-6700.86;0
401;29;3;Colonie elfe;Elfes;0;0;33;5;22;1;0.67;1;1.00;0;19;0;4;9;4;0;0;0.00;1;16;20;-3917.82;1
401;29;4;Colonie orque;Orques;0;0;5;0;13;1;0.71;0;1.00;0;19;0;0;4;39;0;0;0.00;243;29;20;-6054.73;0
401;29;5;Colonie humaine;Humains;1;0;29;2;24;1;0.75;0;1.00;0;19;1;26;10;38;0;0;0.00;66;105;20;-3881.40;1
401;29;6;Colonie naine;Nains;0;0;40;3;32;2;0.75;6;1.00;0;19;0;26;14;26;0;0;0.00;517;214;20;-5125.89;0
401;29;7;Pont-André;Humains;1;5;14;2;14;1;0.67;4;1.00;0;19;0;0;3;16;0;0;0.00;17;52;20;-3161.09;0
401;30;1;Première colonie;Humains;0;0;31;4;23;2;0.67;4;1.00;0;19;0;21;10;51;0;0;0.00;5;163;20;-4169.17;1
401;30;2;Colonie naine;Nains;0;0;35;7;19;1;0.70;3;1.00;10;19;0;18;10;22;0;0;0.00;616;185;20;-7024.77;0
401;30;3;Colonie elfe;Elfes;0;0;18;5;24;1;0.73;0;1.00;0;19;0;4;9;4;0;0;0.00;9;83;20;-3966.46;1
401;30;4;Colonie orque;Orques;0;0;4;0;13;1;0.68;0;1.00;0;19;0;0;4;40;0;0;0.00;264;21;20;-6054.73;0
401;30;5;Colonie humaine;Humains;1;0;31;2;24;1;0.65;0;1.00;0;19;1;26;10;38;0;0;0.00;26;177;20;-4011.40;1
401;30;6;Colonie naine;Nains;0;0;40;3;32;2;0.72;7;1.00;0;19;0;26;14;26;0;0;0.00;364;203;20;-5332.99;0
401;30;7;Pont-André;Humains;1;5;14;2;14;1;0.70;4;0.98;0;19;0;0;3;16;0;0;0.00;54;72;20;-3222.54;0
401;31;1;Première colonie;Humains;0;0;30;2;23;2;0.75;3;1.00;0;19;0;21;10;53;0;0;0.00;9;193;20;-4323.70;1
401;31;2;Colonie naine;Nains;0;0;35;7;19;1;0.69;3;1.00;10;19;0;18;10;23;0;0;0.00;906;162;20;-7266.68;0
401;31;3;Colonie elfe;Elfes;0;0;19;6;25;1;0.78;0;1.00;0;19;0;6;9;4;0;0;0.00;46;93;20;-4188.49;1
401;31;4;Colonie orque;Orques;0;0;9;0;14;1;0.78;0;1.00;0;19;0;0;4;40;0;0;0.00;101;28;20;-6144.81;0
401;31;5;Colonie humaine;Humains;1;0;31;3;24;1;0.73;0;1.00;0;19;1;26;10;39;0;0;0.00;34;85;20;-4222.94;1
401;31;6;Colonie naine;Nains;0;0;38;3;32;2;0.72;5;1.00;0;19;0;26;14;28;0;0;0.00;201;192;20;-5503.69;0
401;31;7;Pont-André;Humains;1;5;12;1;14;1;0.69;4;0.98;0;19;0;0;3;18;0;0;0.00;2;67;20;-3402.25;0
401;32;1;Première colonie;Humains;0;0;32;2;23;2;0.66;5;1.00;0;19;0;21;10;54;0;0;0.00;31;109;20;-4518.61;1
401;32;2;Colonie naine;Nains;0;0;36;5;19;1;0.69;4;1.00;10;19;0;18;10;23;0;0;0.00;841;178;20;-7458.98;0
401;32;3;Colonie elfe;Elfes;0;0;20;6;25;1;0.78;0;1.00;0;19;0;10;9;4;0;0;0.00;44;103;20;-4282.52;1
401;32;4;Colonie orque;Orques;0;0;10;0;16;1;0.76;0;1.00;0;19;0;0;4;41;0;0;0.00;4;41;20;-6319.20;0
401;32;5;Colonie humaine;Humains;1;0;33;2;24;1;0.72;0;1.00;0;19;1;26;10;40;0;0;0.00;15;98;20;-4334.15;1
401;32;6;Colonie naine;Nains;0;0;36;2;32;2;0.73;3;1.00;0;19;0;26;14;30;0;0;0.00;259;185;20;-5743.27;0
401;32;7;Pont-André;Humains;1;5;13;0;14;1;0.66;5;1.01;0;19;0;0;3;18;0;0;0.00;2;70;20;-3555.48;0
401;33;1;Première colonie;Humains;0;0;30;1;24;2;0.70;4;1.00;0;19;0;21;10;56;0;0;0.00;3;165;20;-4758.54;1
401;33;2;Colonie naine;Nains;0;0;38;7;19;1;0.71;6;1.00;10;19;0;18;10;23;0;0;0.00;1007;195;20;-7758.06;0
401;33;3;Colonie elfe;Elfes;0;0;21;6;25;1;0.73;0;1.00;0;19;0;10;9;4;0;0;0.00;4;111;20;-4398.88;1
401;33;4;Colonie orque;Orques;0;0;11;1;16;1;0.68;0;1.00;0;19;0;0;4;42;0;0;0.00;9;49;20;-6546.32;0
401;33;5;Colonie humaine;Humains;1;0;32;1;24;1;0.72;0;1.00;0;19;1;27;10;41;0;0;0.00;4;122;20;-4504.96;1
401;33;6;Colonie naine;Nains;0;0;38;1;32;2;0.71;5;1.00;0;19;0;26;14;30;0;0;0.00;172;184;20;-5982.37;0
401;33;7;Pont-André;Humains;1;5;12;0;14;1;0.66;4;1.01;0;19;0;0;3;19;0;0;0.00;6;71;20;-3828.00;0
401;34;1;Première colonie;Humains;0;0;32;3;24;2;0.73;7;1.00;0;19;0;21;10;58;0;0;0.00;3;184;20;-4850.77;1
401;34;2;Colonie naine;Nains;0;0;38;5;19;1;0.68;6;1.00;10;19;0;20;10;23;0;0;0.00;236;168;20;-8006.53;0
401;34;3;Colonie elfe;Elfes;0;0;22;6;25;1;0.79;0;1.00;0;19;0;10;9;4;0;0;0.00;8;101;20;-4550.59;1
401;34;4;Colonie orque;Orques;0;0;11;1;17;1;0.74;0;1.00;0;19;0;3;4;44;0;0;0.00;20;69;20;-6634.63;0
401;34;5;Colonie humaine;Humains;1;0;36;1;24;1;0.71;0;1.00;0;19;1;27;10;42;0;0;0.00;14;114;20;-4625.04;1
401;34;6;Colonie naine;Nains;0;0;36;0;32;2;0.73;3;1.00;0;19;0;26;14;32;0;0;0.00;983;198;20;-6260.18;0
401;34;7;Pont-André;Humains;1;5;11;0;14;1;0.71;3;0.98;0;19;0;0;3;20;0;0;0.00;6;87;20;-3912.36;0
401;35;1;Première colonie;Humains;0;0;29;2;26;3;0.63;0;1.00;0;19;0;22;10;61;0;0;0.00;3;144;20;-5035.23;1
401;35;2;Colonie naine;Nains;0;0;39;6;19;1;0.68;7;1.00;10;19;0;21;10;23;0;0;0.00;292;196;20;-8170.50;0
401;35;3;Colonie elfe;Elfes;0;0;22;6;26;1;0.74;0;1.00;0;19;0;10;9;4;0;0;0.00;13;117;20;-4634.71;1
401;35;4;Colonie orque;Orques;0;0;13;1;17;1;0.66;1;1.00;0;19;0;3;4;44;0;0;0.00;37;73;20;-6796.66;0
401;35;5;Colonie humaine;Humains;1;0;38;2;24;1;0.70;2;1.00;0;19;1;23;11;45;0;0;0.00;14;193;20;-4715.78;1
401;35;6;Colonie naine;Nains;0;0;36;1;32;2;0.72;3;1.00;0;19;0;27;14;33;0;0;0.00;953;184;20;-6580.52;0
401;35;7;Pont-André;Humains;1;5;11;1;14;1;0.70;3;0.93;0;19;0;0;3;21;0;0;0.00;13;70;20;-3912.36;0
401;36;1;Première colonie;Humains;0;0;31;5;26;3;0.65;1;1.00;0;19;0;22;11;65;0;0;0.00;2;169;20;-5052.15;1
401;36;2;Colonie naine;Nains;0;0;38;5;19;1;0.72;6;1.00;10;19;0;21;10;24;0;0;0.00;215;255;20;-8303.59;0
401;36;3;Colonie elfe;Elfes;0;0;25;7;26;1;0.76;0;1.00;0;19;0;10;9;4;0;0;0.00;3;135;20;-4747.68;1
401;36;4;Colonie orque;Orques;0;0;18;1;18;1;0.69;2;1.00;0;19;0;3;4;44;0;0;0.00;6;83;20;-6940.02;0
401;36;5;Colonie humaine;Humains;1;0;34;2;25;2;0.64;0;1.00;0;19;1;27;12;51;0;0;0.00;34;150;20;-4870.23;1
401;36;6;Colonie naine;Nains;0;0;38;2;32;2;0.74;5;1.00;0;19;0;27;14;33;0;0;0.00;837;193;20;-6731.98;0
401;36;7;Pont-André;Humains;1;5;12;1;14;1;0.68;4;0.91;0;19;0;0;3;21;0;0;0.00;13;60;20;-4125.05;0
401;37;1;Première colonie;Humains;0;0;34;6;27;3;0.57;3;1.00;0;19;0;22;11;66;0;0;0.00;36;86;20;-5354.38;1
401;37;2;Colonie naine;Nains;0;0;39;5;19;1;0.69;7;1.00;10;19;0;21;10;24;0;0;0.00;110;196;20;-8457.63;0
401;37;3;Colonie elfe;Elfes;0;0;25;6;26;1;0.73;0;1.00;0;19;0;10;9;4;0;0;0.00;1;129;20;-4969.34;1
401;37;4;Colonie orque;Orques;0;0;17;1;19;1;0.74;1;1.00;0;19;0;5;5;46;0;0;0.00;25;108;20;-7121.53;0
401;37;5;Colonie humaine;Humains;1;0;34;2;26;2;0.68;0;1.00;0;19;1;27;12;55;0;0;0.00;15;184;20;-4968.48;1
401;37;6;Colonie naine;Nains;0;0;37;2;32;2;0.74;4;1.00;0;19;0;27;14;34;0;0;0.00;1009;176;20;-7085.02;0
401;37;7;Pont-André;Humains;1;5;10;1;14;1;0.69;1;0.90;0;19;0;0;3;23;0;0;0.00;5;64;20;-4272.33;0
401;38;1;Première colonie;Humains;0;0;33;8;28;3;0.67;2;1.00;0;19;0;22;12;70;0;0;0.00;0;168;20;-5441.96;1
401;38;2;Colonie naine;Nains;0;0;40;5;21;2;0.66;3;1.00;10;19;0;21;10;25;0;0;0.00;95;194;20;-8551.72;0
401;38;3;Colonie elfe;Elfes;0;0;28;4;26;1;0.73;0;1.00;0;19;0;10;9;4;0;0;0.00;3;154;20;-5053.15;1
401;38;4;Colonie orque;Orques;0;0;13;0;19;1;0.73;0;1.00;0;19;0;9;5;51;0;0;0.00;44;63;20;-7305.89;0
401;38;5;Colonie humaine;Humains;1;0;37;1;26;2;0.68;0;1.00;0;19;1;28;12;57;0;0;0.00;11;169;20;-5143.93;1
401;38;6;Colonie naine;Nains;0;0;38;2;33;3;0.70;1;1.00;0;19;0;27;14;35;0;0;0.00;1046;226;20;-7304.79;0
401;38;7;Pont-André;Humains;1;5;9;0;14;1;0.68;1;0.94;0;19;0;0;3;25;0;0;0.00;7;54;20;-4477.93;0
401;39;1;Première colonie;Humains;0;0;34;5;29;3;0.66;3;1.00;0;19;0;23;12;71;0;0;0.00;21;127;20;-5490.06;1
401;39;2;Colonie naine;Nains;0;0;41;6;21;2;0.71;3;1.00;10;19;0;21;11;27;0;0;0.00;1;195;20;-8745.22;0
401;39;3;Colonie elfe;Elfes;0;0;31;5;26;1;0.72;0;1.00;0;19;0;12;9;4;0;0;0.00;18;168;20;-5180.50;1
401;39;4;Colonie orque;Orques;0;0;11;1;19;1;0.73;0;1.00;0;19;0;19;5;54;0;0;0.00;5;69;20;-7535.51;0
401;39;5;Colonie humaine;Humains;1;0;34;2;26;2;0.68;0;1.00;0;19;1;28;12;63;0;0;0.00;21;111;20;-5204.35;1
401;39;6;Colonie naine;Nains;0;0;42;5;33;3;0.73;5;1.00;0;19;0;27;15;36;0;0;0.00;1058;215;20;-7494.60;0
401;39;7;Pont-André;Humains;1;5;10;0;14;1;0.70;2;0.97;0;19;0;0;3;26;0;0;0.00;0;53;20;-4525.40;0
401;40;1;Première colonie;Humains;0;0;32;2;29;3;0.67;2;1.00;0;19;0;24;12;74;0;0;0.00;5;178;20;-5689.90;1
401;40;2;Colonie naine;Nains;0;0;40;6;23;2;0.69;2;1.00;10;19;0;21;12;28;0;0;0.00;179;207;20;-9031.06;0
401;40;3;Colonie elfe;Elfes;0;0;33;6;26;1;0.74;0;1.00;0;19;0;13;9;4;0;0;0.00;1;91;20;-5261.61;1
401;40;4;Colonie orque;Orques;0;0;18;2;19;1;0.70;2;1.00;0;19;0;23;5;54;0;0;0.00;55;93;20;-7701.75;0
401;40;5;Colonie humaine;Humains;1;0;33;1;26;2;0.69;0;1.00;0;19;1;28;12;65;0;0;0.00;1;192;20;-5250.98;1
401;40;6;Colonie naine;Nains;0;0;41;6;37;3;0.73;4;1.00;0;19;0;28;15;38;0;0;0.00;871;230;20;-7670.80;0
401;40;7;Pont-André;Humains;1;5;9;0;14;1;0.64;1;0.94;0;19;0;0;3;27;0;0;0.00;9;44;20;-4762.28;0
401;41;1;Première colonie;Humains;0;0;32;0;30;3;0.68;3;1.00;0;19;0;25;12;75;0;0;0.00;5;183;20;-5732.01;1
401;41;2;Colonie naine;Nains;0;0;40;6;23;2;0.68;2;1.00;10;19;0;21;12;30;0;0;0.00;171;186;20;-9031.06;0
401;41;3;Colonie elfe;Elfes;0;0;35;6;26;1;0.73;0;1.00;0;19;0;12;9;4;0;0;0.00;25;83;20;-5366.55;1
401;41;4;Colonie orque;Orques;0;0;16;1;20;1;0.69;0;1.00;0;19;0;23;5;57;0;0;0.00;221;73;20;-7934.44;0
401;41;5;Colonie humaine;Humains;1;0;35;2;26;2;0.74;0;1.00;0;19;1;28;12;67;0;0;0.00;27;126;20;-5370.71;1
401;41;6;Colonie naine;Nains;0;0;41;8;40;3;0.72;4;1.00;0;19;0;28;15;41;0;0;0.00;753;218;20;-7799.57;0
401;41;7;Pont-André;Humains;1;5;12;0;14;1;0.68;4;0.92;0;19;0;0;3;27;0;0;0.00;1;48;20;-4862.12;0
401;42;1;Première colonie;Humains;0;0;30;0;31;3;0.69;3;1.00;0;19;0;26;12;80;0;0;0.00;35;88;20;-5929.59;1
401;42;2;Colonie naine;Nains;0;0;40;6;23;2;0.70;2;1.00;10;19;0;21;12;31;0;0;0.00;17;209;20;-9313.91;0
401;42;3;Colonie elfe;Elfes;0;0;34;6;26;1;0.68;0;1.00;0;19;0;6;9;5;0;0;0.00;29;46;20;-5406.42;1
401;42;4;Colonie orque;Orques;0;0;15;1;20;1;0.72;0;1.00;0;19;0;25;5;59;0;0;0.00;267;123;20;-8126.10;0
401;42;5;Colonie humaine;Humains;1;0;38;1;26;2;0.71;1;1.00;0;19;1;26;12;69;0;0;0.00;37;185;20;-5410.54;1
401;42;6;Colonie naine;Nains;0;0;42;7;40;3;0.71;5;1.00;0;19;0;28;15;41;0;0;0.00;671;225;20;-8063.53;0
401;42;7;Pont-André;Humains;1;5;14;0;14;1;0.66;6;0.92;0;19;0;0;3;27;0;0;0.00;39;55;20;-5032.21;0
401;43;1;Première colonie;Humains;0;0;31;1;32;3;0.63;4;1.00;0;19;0;26;12;81;0;0;0.00;5;141;20;-6048.09;1
401;43;2;Colonie naine;Nains;0;0;40;6;23;2;0.69;1;1.00;10;19;0;21;12;34;0;0;0.00;100;235;20;-9493.78;0
401;43;3;Colonie elfe;Elfes;0;0;34;5;26;1;0.67;0;1.00;0;19;0;6;10;5;0;0;0.00;19;15;20;-5449.31;1
401;43;4;Colonie orque;Orques;0;0;16;2;20;1;0.71;0;1.00;0;19;0;25;5;59;0;0;0.00;188;138;20;-8317.84;0
401;43;5;Colonie humaine;Humains;1;0;41;4;26;2;0.70;4;1.00;0;19;1;23;12;69;0;0;0.00;1;173;20;-5530.50;1
401;43;6;Colonie naine;Nains;0;0;41;7;41;3;0.69;4;1.00;0;19;0;28;15;42;0;0;0.00;714;209;20;-8201.47;0
401;43;7;Pont-André;Humains;1;5;12;0;14;1;0.63;4;0.89;0;19;0;0;3;29;0;0;0.00;3;66;20;-5139.76;0
401;44;1;Première colonie;Humains;0;0;29;2;32;3;0.65;2;1.00;0;19;0;26;12;84;0;0;0.00;22;136;20;-6086.40;1
401;44;2;Colonie naine;Nains;0;0;42;5;23;2;0.71;4;1.00;10;19;0;21;12;36;0;0;0.00;16;228;20;-9791.58;0
401;44;3;Colonie elfe;Elfes;0;0;28;4;26;1;0.65;0;1.00;0;19;0;6;10;5;0;0;0.00;2;22;20;-5449.31;1
401;44;4;Colonie orque;Orques;0;0;15;2;20;1;0.76;0;1.00;0;19;0;25;5;62;0;0;0.00;93;200;20;-8532.59;0
401;44;5;Colonie humaine;Humains;1;0;40;3;26;2;0.75;3;1.00;0;19;1;20;12;71;0;0;0.00;1;171;20;-5562.12;1
401;44;6;Colonie naine;Nains;0;0;40;7;41;3;0.72;5;1.00;0;19;0;28;15;45;0;0;0.00;948;193;20;-8454.46;0
401;44;7;Pont-André;Humains;1;5;13;1;14;1;0.66;5;0.86;0;19;0;0;3;29;0;0;0.00;3;89;20;-5245.65;0
401;45;1;Première colonie;Humains;0;0;33;3;33;3;0.72;5;1.00;0;19;0;26;12;86;0;0;0.00;6;146;20;-6231.86;1
401;45;2;Colonie naine;Nains;0;0;44;3;23;2;0.68;5;1.00;10;19;0;21;12;39;0;0;0.00;18;211;20;-9864.15;0
401;45;3;Colonie elfe;Elfes;0;0;28;3;26;1;0.69;0;1.00;0;19;0;6;10;5;0;0;0.00;7;25;20;-5487.53;1
401;45;4;Colonie orque;Orques;0;0;16;2;20;1;0.67;0;1.00;0;19;0;25;5;63;0;0;0.00;57;138;20;-8704.88;0
401;45;5;Colonie humaine;Humains;1;0;36;4;26;2;0.74;0;1.00;0;19;1;18;12;76;0;0;0.00;1;102;20;-5626.38;1
401;45;6;Colonie naine;Nains;0;0;41;5;41;3;0.70;6;1.00;0;19;0;28;15;45;0;0;0.00;988;221;20;-8546.74;0
401;45;7;Pont-André;Humains;1;5;13;1;14;1;0.71;5;0.84;0;19;0;0;3;29;0;0;0.00;3;72;20;-5471.05;0
401;46;1;Première colonie;Humains;0;0;32;2;34;3;0.67;5;1.00;0;19;0;26;12;87;0;0;0.00;6;189;20;-6435.90;1
401;46;2;Colonie naine;Nains;0;0;42;3;23;2;0.68;3;1.00;10;19;0;21;12;41;0;0;0.00;21;243;20;-10033.89;0
401;46;3;Colonie elfe;Elfes;0;0;28;3;26;1;0.67;0;1.00;0;19;0;6;10;5;0;0;0.00;12;28;20;-5487.53;1
401;46;4;Colonie orque;Orques;0;0;15;0;20;1;0.72;0;1.00;0;19;0;25;5;65;0;0;0.00;7;129;20;-8811.41;0
401;46;5;Colonie humaine;Humains;1;0;37;1;26;2;0.64;0;1.00;0;19;1;14;12;77;0;0;0.00;6;53;20;-5626.38;1
401;46;6;Colonie naine;Nains;0;0;41;4;41;3;0.74;6;1.00;0;19;0;28;15;45;0;0;0.00;1042;225;20;-8724.45;0
401;46;7;Pont-André;Humains;1;5;13;1;14;1;0.72;5;0.83;0;19;0;0;3;31;0;0;0.00;3;70;20;-5580.88;0
401;47;1;Première colonie;Humains;0;0;31;1;34;3;0.68;4;1.00;0;19;0;26;12;89;0;0;0.00;19;131;20;-6556.88;1
401;47;2;Colonie naine;Nains;0;0;41;3;19;1;0.70;9;1.00;10;19;0;21;12;43;0;0;0.00;14;203;20;-10194.46;0
401;47;3;Colonie elfe;Elfes;0;0;28;3;26;1;0.67;0;1.00;0;19;0;6;10;5;0;0;0.00;28;29;20;-5504.88;1
401;47;4;Colonie orque;Orques;0;0;13;1;20;1;0.77;0;1.00;0;19;0;25;5;68;0;0;0.00;68;179;20;-9006.25;0
401;47;5;Colonie humaine;Humains;1;0;34;1;26;2;0.49;0;1.00;0;19;1;12;12;80;0;0;0.00;68;4;20;-5721.26;1
401;47;6;Colonie naine;Nains;0;0;40;1;41;3;0.74;6;1.00;0;19;0;28;15;46;0;0;0.00;838;242;20;-8979.19;0
401;47;7;Pont-André;Humains;1;5;11;0;14;1;0.67;3;0.82;0;19;0;0;3;33;0;0;0.00;3;72;20;-5682.15;0
401;48;1;Première colonie;Humains;0;0;28;0;34;3;0.67;2;1.00;0;19;0;26;12;92;0;0;0.00;119;106;20;-6805.03;1
401;48;2;Colonie naine;Nains;0;0;40;4;19;1;0.69;8;1.00;10;19;0;21;12;45;0;0;0.00;60;218;20;-10357.47;0
401;48;3;Colonie elfe;Elfes;0;0;28;2;26;1;0.66;0;1.00;0;19;0;6;10;5;0;0;0.00;5;7;20;-5524.88;1
401;48;4;Colonie orque;Orques;0;0;12;2;20;1;0.77;0;1.00;0;19;0;25;5;70;0;0;0.00;115;149;20;-9117.98;0
401;48;5;Colonie humaine;Humains;1;0;25;0;26;2;0.69;0;1.00;0;19;1;9;12;81;0;0;0.00;13;12;20;-5721.26;1
401;48;6;Colonie naine;Nains;0;0;39;1;41;3;0.76;5;1.00;0;19;0;28;15;47;0;0;0.00;712;227;20;-9100.86;0
401;48;7;Pont-André;Humains;1;5;10;0;14;1;0.66;1;0.83;0;19;0;0;3;34;0;0;0.00;10;43;20;-5858.84;0
401;49;1;Première colonie;Humains;0;0;29;1;34;3;0.73;3;1.00;0;19;0;26;12;94;0;0;0.00;4;125;20;-7005.59;1
401;49;2;Colonie naine;Nains;0;0;38;3;19;2;0.67;2;1.00;10;19;0;21;12;47;0;0;0.00;65;226;20;-10587.96;0
401;49;3;Colonie elfe;Elfes;0;0;28;2;26;1;0.67;0;1.00;0;19;0;6;10;5;0;0;0.00;5;4;20;-5524.88;1
401;49;4;Colonie orque;Orques;0;0;19;5;20;1;0.73;2;1.00;0;19;0;25;5;71;1;0;7.00;29;190;20;-9259.88;0
401;49;5;Colonie humaine;Humains;1;0;23;0;26;2;0.12;0;1.00;0;19;1;8;12;83;0;0;0.00;13;5;20;-5721.26;1
401;49;6;Colonie naine;Nains;0;0;39;2;41;3;0.72;6;1.00;0;19;0;28;15;50;0;0;0.00;743;192;20;-9218.50;0
401;49;7;Pont-André;Humains;1;5;7;0;14;1;0.62;0;0.84;0;19;0;0;3;37;0;1;19.00;8;38;20;-5957.76;0
401;50;1;Première colonie;Humains;0;0;29;2;34;3;0.71;3;1.00;0;19;0;26;12;96;0;0;0.00;36;120;20;-7166.19;1
401;50;2;Colonie naine;Nains;0;0;39;4;21;2;0.67;3;1.00;10;19;0;21;13;48;0;0;0.00;55;203;20;-10619.69;0
401;50;3;Colonie elfe;Elfes;0;0;27;2;26;1;0.60;0;1.00;0;19;0;5;10;5;0;0;0.00;73;0;20;-5524.88;1
401;50;4;Colonie orque;Orques;0;0;22;7;20;1;0.68;6;1.00;0;19;0;25;5;71;0;0;0.00;209;120;20;-9570.07;0
401;50;5;Colonie humaine;Humains;1;0;14;0;26;2;0.42;0;1.00;0;19;1;8;12;90;0;0;0.00;13;3;20;-5721.26;1
401;50;6;Colonie naine;Nains;0;0;39;2;41;3;0.71;6;1.00;0;19;0;28;15;52;0;0;0.00;460;233;20;-9393.59;0
401;50;7;Pont-André;Humains;1;5;2;0;14;1;0.74;0;0.83;0;19;0;0;3;43;0;0;16.00;6;22;20;-5957.76;0
401;51;1;Première colonie;Humains;0;0;31;4;37;3;0.68;0;1.00;0;19;0;26;12;97;0;0;0.00;180;136;20;-7373.85;1
401;51;2;Colonie naine;Nains;0;0;44;5;24;2;0.68;0;1.00;10;19;0;21;13;48;0;0;0.00;36;260;20;-10791.39;0
401;51;3;Colonie elfe;Elfes;0;0;27;1;26;1;0.65;0;1.00;0;19;0;5;10;6;0;0;0.00;4;35;20;-5578.10;1
401;51;4;Colonie orque;Orques;0;0;21;3;20;1;0.62;4;1.00;0;19;0;26;5;72;0;0;12.00;53;145;20;-9694.77;0
401;51;5;Colonie humaine;Humains;1;0;13;0;26;2;0.68;0;1.00;0;19;1;8;12;90;0;0;0.00;13;19;20;-5754.70;1
401;51;6;Colonie naine;Nains;0;0;38;2;33;3;0.73;2;1.00;0;19;0;28;15;54;0;0;0.00;462;221;20;-9684.66;0
401;51;7;Pont-André;Humains;1;5;2;0;14;1;0.50;0;0.82;0;19;0;0;3;44;0;0;24.00;84;14;20;-5957.76;0
401;52;1;Première colonie;Humains;0;0;31;3;39;3;0.73;0;1.00;0;19;0;26;12;99;0;0;0.00;218;111;20;-7489.75;1
401;52;2;Colonie naine;Nains;0;0;48;8;30;2;0.70;0;1.00;10;19;0;21;13;48;0;0;0.00;41;225;20;-11090.16;0
401;52;3;Colonie elfe;Elfes;0;0;27;0;26;1;0.69;0;1.00;0;19;0;5;10;7;0;0;0.00;38;39;20;-5589.84;1
401;52;4;Colonie orque;Orques;0;0;20;0;20;1;0.70;4;1.00;0;19;0;26;5;75;0;0;0.00;23;151;20;-9918.24;0
401;52;5;Colonie humaine;Humains;1;0;11;0;26;2;0.69;0;1.00;0;19;1;8;12;92;0;0;0.00;13;49;20;-5754.70;1
401;52;6;Colonie naine;Nains;0;0;36;2;33;3;0.71;0;1.00;0;19;0;28;16;57;0;0;0.00;558;175;20;-9906.40;0
401;52;7;Pont-André;Humains;1;5;4;0;14;1;0.55;0;0.84;0;19;0;0;3;44;0;0;0.00;50;11;20;-5957.76;0
401;53;1;Première colonie;Humains;0;0;30;4;39;3;0.69;0;1.00;0;19;0;25;12;102;0;0;0.00;46;120;20;-7631.43;1
401;53;2;Colonie naine;Nains;0;0;50;8;32;2;0.71;2;1.00;10;19;0;21;13;48;0;0;0.00;41;294;20;-11276.38;0
401;53;3;Colonie elfe;Elfes;0;0;28;0;26;1;0.65;0;1.00;0;19;0;2;10;7;0;0;0.00;36;35;20;-5613.50;1
401;53;4;Colonie orque;Orques;2;0;20;0;20;1;0.72;4;1.00;20;19;0;26;5;76;0;0;1.00;63;170;20;-10088.83;0
401;53;5;Colonie humaine;Humains;1;0;10;0;26;2;0.73;0;1.00;0;19;1;8;12;94;0;0;0.00;13;61;20;-5754.70;1
401;53;6;Colonie naine;Nains;0;0;37;2;33;3;0.73;1;1.00;0;19;0;28;16;57;0;0;0.00;662;221;20;-10208.72;0
401;53;7;Pont-André;Humains;2;5;1;0;14;1;0.69;0;0.44;0;19;0;0;3;47;0;0;25.00;3;5;20;-5957.76;0
401;54;1;Première colonie;Humains;0;0;33;2;39;3;0.71;0;1.00;0;19;0;25;12;103;0;0;0.00;10;133;20;-7700.14;1
401;54;2;Colonie naine;Nains;0;0;53;11;33;2;0.70;5;1.00;10;19;0;21;13;49;0;0;0.00;55;167;20;-11658.96;0
401;54;3;Colonie elfe;Elfes;0;0;21;0;26;1;0.63;0;1.00;0;19;0;2;10;8;0;0;0.00;34;32;20;-5669.06;1
401;54;4;Colonie orque;Orques;0;0;20;0;20;1;0.67;4;1.00;20;19;0;26;5;78;0;0;0.00;150;156;20;-10285.01;0
401;54;5;Colonie humaine;Humains;0;0;7;1;26;2;0.67;0;1.00;0;19;1;8;12;98;0;0;0.00;13;27;20;-5786.69;1
401;54;6;Colonie naine;Nains;0;0;35;2;34;3;0.73;0;1.00;0;19;0;28;16;59;0;0;0.00;564;226;20;-10383.28;0
401;54;7;Pont-André;Humains;0;5;0;0;14;1;0.00;0;1.00;0;19;0;0;3;48;0;0;13.00;3;4;20;-5957.76;0
401;55;1;Première colonie;Humains;0;0;32;3;40;3;0.75;0;1.00;0;19;0;24;12;107;0;0;0.00;1;140;20;-7889.28;1
401;55;2;Colonie naine;Nains;0;0;53;11;34;2;0.70;5;1.00;10;19;0;21;14;49;0;0;0.00;101;192;20;-11796.70;0
401;55;3;Colonie elfe;Elfes;0;0;21;0;26;1;0.68;0;1.00;0;19;0;2;10;8;0;0;0.00;6;20;20;-5669.06;1
401;55;4;Colonie orque;Orques;0;0;20;2;20;1;0.69;4;1.00;20;19;0;26;5;80;0;0;0.00;155;164;20;-10436.69;0
401;55;5;Colonie humaine;Humains;0;0;11;3;26;2;0.73;0;1.00;0;19;1;11;12;98;0;0;0.00;1;52;20;-5867.61;1
401;55;6;Colonie naine;Nains;0;0;38;1;35;3;0.76;2;1.00;0;19;0;28;16;59;0;0;0.00;535;193;20;-10596.82;0
401;55;7;Pont-André;Humains;0;5;0;0;14;1;0.00;0;1.00;0;19;0;0;3;48;0;0;13.00;3;4;20;-5957.76;0
401;56;1;Première colonie;Humains;0;0;33;2;40;3;0.74;0;1.00;0;19;0;22;13;107;0;0;0.00;16;124;20;-7954.34;1
401;56;2;Colonie naine;Nains;0;0;52;10;34;2;0.67;5;1.00;10;19;0;15;14;50;0;0;0.00;64;239;20;-12004.18;0
401;56;3;Colonie elfe;Elfes;0;0;17;0;26;1;0.70;0;1.00;0;19;0;2;10;9;0;0;0.00;6;96;20;-5758.35;1
401;56;4;Colonie orque;Orques;0;0;17;3;20;1;0.74;1;1.00;20;19;0;26;5;84;0;0;0.00;37;172;20;-10635.91;0
401;56;5;Colonie humaine;Humains;0;0;10;3;26;2;0.77;0;1.00;0;19;1;14;12;99;0;0;0.00;1;55;20;-5945.19;1
401;56;6;Colonie naine;Nains;0;0;36;1;37;3;0.73;0;1.00;0;19;0;28;16;61;0;0;0.00;658;194;20;-10758.87;0
401;56;7;Pont-André;Humains;0;5;0;0;14;1;0.00;0;1.00;0;19;0;0;3;48;0;0;13.00;3;4;20;-5957.76;0
401;57;1;Première colonie;Humains;0;0;32;2;42;4;0.70;0;1.00;0;19;0;18;13;112;0;0;0.00;22;125;20;-8116.25;1
401;57;2;Colonie naine;Nains;0;0;51;9;34;2;0.66;4;1.00;20;19;0;13;14;52;0;0;0.00;15;137;20;-12138.90;0
401;57;3;Colonie elfe;Elfes;0;0;21;1;26;1;0.73;0;1.00;0;19;0;2;10;9;0;0;0.00;2;101;20;-5878.96;1
401;57;4;Colonie orque;Orques;0;0;17;2;20;1;0.70;1;1.00;20;19;0;26;5;88;0;0;32.00;69;153;20;-10881.68;0
401;57;5;Colonie humaine;Humains;0;0;11;3;26;2;0.73;0;1.00;0;19;1;17;12;100;0;0;0.00;1;69;20;-6151.65;1
401;57;6;Colonie naine;Nains;0;0;38;1;39;3;0.74;2;1.00;0;19;0;28;16;63;0;0;0.00;606;203;20;-10925.90;0
401;57;7;Pont-André;Humains;0;5;0;0;14;1;0.00;0;1.00;0;19;0;0;3;48;0;0;13.00;3;4;20;-5957.76;0
401;58;1;Première colonie;Humains;0;0;30;1;42;4;0.64;0;1.00;0;19;0;12;14;114;0;0;0.00;25;99;20;-8116.25;1
401;58;2;Colonie naine;Nains;0;0;52;7;34;2;0.62;5;1.00;20;19;0;7;14;52;0;0;0.00;10;47;20;-12138.90;0
401;58;3;Colonie elfe;Elfes;0;0;22;1;26;1;0.71;0;1.00;0;19;0;3;10;9;0;0;0.00;4;106;20;-6013.70;1
401;58;4;Colonie orque;Orques;0;0;19;1;20;1;0.71;1;1.00;20;19;0;26;5;89;0;0;0.00;2;156;20;-10979.90;0
401;58;5;Colonie humaine;Humains;0;0;14;2;26;2;0.73;0;1.00;0;19;1;24;12;100;0;0;0.00;16;92;20;-6210.49;1
401;58;6;Colonie naine;Nains;0;0;35;1;40;3;0.71;1;1.00;0;19;0;28;16;68;0;0;0.00;686;204;20;-11126.32;0
401;58;7;Pont-André;Humains;0;5;0;0;14;1;0.00;0;1.00;0;19;0;0;3;48;0;0;13.00;3;4;20;-5957.76;0
401;59;1;Première colonie;Humains;0;0;29;1;42;4;0.71;0;1.00;0;19;0;16;14;118;0;0;0.00;28;169;20;-8227.36;1
401;59;2;Colonie naine;Nains;0;0;52;6;34;2;0.60;5;1.00;20;19;0;7;14;52;0;0;0.00;7;7;20;-12138.90;0
401;59;3;Colonie elfe;Elfes;0;0;21;1;26;1;0.74;0;1.00;0;19;0;3;10;10;0;0;0.00;4;123;20;-6049.84;1
401;59;4;Colonie orque;Orques;0;0;18;0;20;1;0.71;2;1.00;20;19;0;26;5;92;0;0;0.00;23;166;20;-11085.00;0
401;59;5;Colonie humaine;Humains;0;0;16;3;26;2;0.74;0;1.00;0;19;1;28;12;100;0;0;0.00;16;87;20;-6305.89;1
401;59;6;Colonie naine;Nains;0;0;35;3;40;3;0.77;2;1.00;0;19;0;28;16;70;0;0;0.00;673;171;20;-11225.45;0
401;59;7;Pont-André;Humains;0;5;0;0;14;1;0.00;0;1.00;0;19;0;0;3;48;0;0;13.00;3;4;20;-5957.76;0
401;60;1;Première colonie;Humains;0;0;30;2;42;4;0.63;0;1.00;0;19;0;21;14;119;0;0;0.00;81;109;20;-8408.20;1
401;60;2;Colonie naine;Nains;0;0;52;2;34;2;0.62;5;1.00;20;19;0;7;14;52;0;0;0.00;11;21;20;-12138.90;0
401;60;3;Colonie elfe;Elfes;0;0;22;1;26;1;0.74;0;1.00;0;19;0;7;10;11;0;0;0.00;10;96;20;-6209.60;1
401;60;4;Colonie orque;Orques;0;0;22;2;20;1;0.72;6;1.00;20;19;0;26;5;92;0;0;0.00;35;217;20;-11235.60;0
401;60;5;Colonie humaine;Humains;0;0;18;2;26;2;0.75;0;1.00;0;19;1;28;12;100;0;0;0.00;3;108;20;-6468.07;1
401;60;6;Colonie naine;Nains;0;0;37;3;40;3;0.73;4;1.00;0;19;0;28;16;70;0;0;0.00;440;226;20;-11356.42;0
401;60;7;Pont-André;Humains;0;5;0;0;14;1;0.00;0;1.00;0;19;0;0;3;48;0;0;13.00;3;4;20;-5957.76;0
401;61;1;Première colonie;Humains;0;0;32;4;42;4;0.68;0;1.00;0;19;0;24;14;119;0;0;0.00;29;120;20;-8608.47;1
401;61;2;Colonie naine;Nains;0;0;48;2;34;2;0.63;1;1.00;20;19;0;7;14;56;0;0;0.00;16;41;20;-12192.48;0
401;61;3;Colonie elfe;Elfes;0;0;24;3;26;1;0.74;0;1.00;0;19;0;7;10;11;0;0;0.00;45;122;20;-6339.81;1
401;61;4;Colonie orque;Orques;0;0;20;2;20;1;0.74;4;1.00;20;19;0;26;5;96;0;0;0.00;73;115;20;-11344.81;0
401;61;5;Colonie humaine;Humains;0;0;19;2;26;2;0.77;0;1.00;0;19;1;28;12;100;0;0;0.00;6;135;20;-6502.27;1
401;61;6;Colonie naine;Nains;0;0;37;3;40;3;0.72;4;1.00;0;19;0;28;16;70;0;0;0.00;423;192;20;-11454.32;0
401;61;7;Pont-André;Humains;0;5;0;0;14;1;0.00;0;1.00;0;19;0;0;3;48;0;0;13.00;3;4;20;-5957.76;0
401;62;1;Première colonie;Humains;0;0;35;7;44;4;0.64;0;1.00;0;19;0;25;14;121;0;0;0.00;17;122;20;-8732.84;1
401;62;2;Colonie naine;Nains;0;0;18;2;34;2;0.70;0;1.00;20;19;0;3;14;67;0;0;0.00;21;207;20;-12192.48;1
401;62;3;Colonie elfe;Elfes;0;0;26;3;26;1;0.73;0;1.00;0;19;0;10;10;11;0;0;0.00;62;121;20;-6429.45;1
401;62;4;Colonie orque;Orques;0;0;19;0;20;1;0.73;2;1.00;20;19;0;26;5;97;0;0;0.00;42;146;20;-11514.60;0
401;62;5;Colonie humaine;Humains;0;0;18;2;26;2;0.75;0;1.00;0;19;1;28;12;102;0;0;0.00;11;118;20;-6695.90;1
401;62;6;Colonie naine;Nains;0;0;37;4;40;3;0.71;4;1.00;0;19;0;28;16;72;0;0;0.00;343;210;20;-11521.21;0
401;62;7;Pont-André;Humains;0;5;0;0;14;1;0.00;0;1.00;0;19;0;0;3;48;0;0;13.00;3;4;20;-5957.76;0
401;63;1;Première colonie;Humains;0;0;34;7;44;4;0.65;0;1.00;0;19;0;21;14;126;0;0;0.00;1;132;20;-8873.70;1
401;63;2;Colonie naine;Nains;0;0;17;1;34;2;0.68;0;1.00;20;19;0;3;14;68;0;0;0.00;16;74;20;-12341.02;1
401;63;3;Colonie elfe;Elfes;0;0;27;4;26;1;0.70;0;1.00;0;19;0;10;10;12;0;0;0.00;1;119;20;-6450.23;1
401;63;4;Colonie orque;Orques;0;0;19;0;20;1;0.75;2;1.00;20;19;0;26;5;100;0;0;0.00;82;179;20;-11623.09;0
401;63;5;Colonie humaine;Humains;0;0;21;2;26;2;0.70;0;1.00;0;19;1;28;12;103;0;0;0.00;15;126;20;-6806.77;1
401;63;6;Colonie naine;Nains;0;0;38;4;40;3;0.72;5;1.00;0;19;0;28;16;72;0;0;0.00;326;242;20;-11647.40;0
401;63;7;Pont-André;Humains;0;5;0;0;14;1;0.00;0;1.00;0;19;0;0;3;48;0;0;13.00;3;4;20;-5957.76;0
401;64;1;Première colonie;Humains;0;0;34;7;44;4;0.74;0;1.00;0;19;0;22;14;130;0;0;0.00;89;147;20;-8981.80;1
401;64;2;Colonie naine;Nains;0;0;19;1;24;1;0.71;0;1.00;20;19;0;3;14;69;0;0;0.00;75;100;20;-12455.49;1
401;64;3;Colonie elfe;Elfes;0;0;27;4;26;1;0.72;0;1.00;0;19;0;10;10;12;0;0;0.00;83;108;20;-6655.30;1
401;64;4;Colonie orque;Orques;0;0;21;0;20;1;0.74;5;1.00;20;19;0;26;5;102;0;0;0.00;8;156;20;-11731.54;0
401;64;5;Colonie humaine;Humains;0;0;26;1;26;2;0.72;0;1.00;0;19;1;28;12;104;0;0;0.00;15;127;20;-6845.25;1
401;64;6;Colonie naine;Nains;0;0;38;4;41;3;0.73;1;1.00;0;19;0;28;16;73;0;0;0.00;138;232;20;-11813.15;0
401;64;7;Pont-André;Humains;0;5;0;0;14;1;0.00;0;1.00;0;19;0;0;3;48;0;0;13.00;3;4;20;-5957.76;0
401;65;1;Première colonie;Humains;0;0;36;4;44;4;0.68;0;1.00;0;19;0;22;14;130;0;0;0.00;50;113;20;-9127.19;1
401;65;2;Colonie naine;Nains;0;0;18;1;24;1;0.73;0;1.00;20;19;0;3;14;70;0;0;0.00;59;102;20;-12533.36;1
401;65;3;Colonie elfe;Elfes;0;0;30;5;28;2;0.74;0;1.00;0;19;0;9;10;12;0;0;0.00;54;139;20;-6704.29;1
401;65;4;Colonie orque;Orques;0;0;16;0;20;1;0.77;0;1.00;20;19;0;26;5;107;0;0;0.00;14;163;20;-11825.21;0
401;65;5;Colonie humaine;Humains;0;0;28;1;26;2;0.76;0;1.00;0;19;1;28;12;105;0;0;0.00;0;122;20;-7039.81;1
401;65;6;Colonie naine;Nains;0;0;39;3;41;3;0.71;3;1.00;0;19;0;28;16;75;0;0;0.00;153;281;20;-11904.75;0
401;65;7;Pont-André;Humains;0;5;0;0;14;1;0.00;0;1.00;0;19;0;0;3;48;0;0;13.00;3;4;20;-5957.76;0
401;66;1;Première colonie;Humains;0;0;36;4;44;4;0.63;0;1.00;0;19;0;14;14;131;0;0;0.00;1;53;20;-9215.89;1
401;66;2;Colonie naine;Nains;0;0;20;2;24;1;0.71;0;1.00;20;19;0;3;14;70;0;0;0.00;65;127;20;-12646.92;1
401;66;3;Colonie elfe;Elfes;0;0;32;5;28;2;0.63;0;1.00;0;19;0;9;11;12;0;0;0.00;112;117;20;-6746.09;1
401;66;4;Colonie orque;Orques;0;0;18;2;20;1;0.72;2;1.00;20;19;0;26;5;109;0;0;0.00;74;151;20;-11983.64;0
401;66;5;Colonie humaine;Humains;0;0;28;2;26;2;0.72;0;1.00;0;19;1;28;12;106;0;0;0.00;0;119;20;-7166.04;1
401;66;6;Colonie naine;Nains;0;0;40;3;41;3;0.74;4;1.00;0;19;0;28;16;76;0;0;0.00;107;281;20;-12011.84;0
401;66;7;Pont-André;Humains;0;5;0;0;14;1;0.00;0;1.00;0;19;0;0;3;48;0;0;13.00;3;4;20;-5957.76;0
401;67;1;Première colonie;Humains;0;0;34;2;44;4;0.72;0;1.00;0;19;0;13;14;133;0;0;0.00;4;19;20;-9244.50;1
401;67;2;Colonie naine;Nains;0;0;22;4;24;1;0.70;0;1.00;20;19;0;3;14;70;0;0;0.00;37;100;20;-12794.76;1
401;67;3;Colonie elfe;Elfes;0;0;30;5;28;2;0.71;0;1.00;0;19;0;9;11;14;0;0;0.00;157;107;20;-6764.43;1
401;67;4;Colonie orque;Orques;0;0;18;2;20;1;0.73;2;1.00;20;19;0;26;5;110;0;0;0.00;75;179;20;-12278.73;0
401;67;5;Colonie humaine;Humains;0;0;30;5;26;2;0.70;0;1.00;0;19;1;28;12;109;0;0;0.00;36;172;20;-7346.97;1
401;67;6;Colonie naine;Nains;0;0;41;3;41;3;0.71;5;1.00;0;19;0;28;16;76;0;0;0.00;32;255;20;-12099.15;0
401;67;7;Pont-André;Humains;0;5;0;0;14;1;0.00;0;1.00;0;19;0;0;3;48;0;0;13.00;3;4;20;-5957.76;0
401;68;1;Première colonie;Humains;0;0;32;1;44;4;0.40;0;1.00;0;19;0;10;14;135;0;0;0.00;8;19;20;-9308.90;1
401;68;2;Colonie naine;Nains;0;0;23;4;24;1;0.70;0;1.00;20;19;0;3;14;70;0;0;0.00;18;127;20;-12954.70;1
401;68;3;Colonie elfe;Elfes;0;0;31;6;28;2;0.76;0;1.00;0;19;0;9;11;14;0;0;0.00;160;117;20;-6857.08;1
401;68;4;Colonie orque;Orques;0;0;20;0;20;1;0.73;4;1.00;20;19;0;26;5;111;0;0;0.00;13;132;20;-12414.46;0
401;68;5;Colonie humaine;Humains;0;0;32;6;26;2;0.66;0;1.00;0;19;1;28;12;110;0;0;0.00;5;131;20;-7432.17;1
401;68;6;Colonie naine;Nains;0;0;41;2;41;3;0.72;5;1.00;0;19;0;28;16;76;0;0;0.00;105;244;20;-12235.89;0
401;68;7;Pont-André;Humains;0;5;0;0;14;1;0.00;0;1.00;0;19;0;0;3;48;0;0;13.00;3;4;20;-5957.76;0
401;69;1;Première colonie;Humains;0;0;10;0;44;4;0.73;0;1.00;0;19;0;10;14;137;0;0;0.00;1;105;20;-9308.90;1
401;69;2;Colonie naine;Nains;0;0;24;4;24;1;0.68;0;1.00;20;19;0;3;14;71;0;0;0.00;10;135;20;-13226.21;1
401;69;3;Colonie elfe;Elfes;0;0;35;6;28;2;0.69;0;1.00;0;19;0;11;11;14;0;0;0.00;66;151;20;-6889.42;1
401;69;4;Colonie orque;Orques;0;0;17;1;20;1;0.73;1;1.00;20;19;0;26;5;116;0;0;0.00;25;168;20;-12484.83;0
401;69;5;Colonie humaine;Humains;0;0;36;8;26;2;0.74;0;1.00;0;19;1;28;12;110;0;0;0.00;18;190;20;-7497.16;1
401;69;6;Colonie naine;Nains;0;0;41;1;41;3;0.75;5;1.00;0;19;0;28;17;76;0;0;0.00;46;180;20;-12343.26;0
401;69;7;Pont-André;Humains;0;5;0;0;14;1;0.00;0;1.00;0;19;0;0;3;48;0;0;13.00;3;4;20;-5957.76;0
401;70;1;Première colonie;Humains;0;0;10;0;44;4;0.74;0;1.00;0;19;0;10;14;137;0;0;0.00;112;63;20;-9416.11;1
401;70;2;Colonie naine;Nains;0;0;25;5;24;1;0.73;0;1.00;20;19;0;3;14;72;0;0;0.00;10;129;20;-13400.23;1
401;70;3;Colonie elfe;Elfes;0;0;35;6;28;3;0.69;0;1.00;0;19;0;17;11;14;0;0;0.00;91;151;20;-6967.13;1
401;70;4;Colonie orque;Orques;0;0;16;2;20;1;0.72;0;1.00;20;19;0;26;5;120;0;0;0.00;33;141;20;-12699.31;0
401;70;5;Colonie humaine;Humains;0;0;38;7;26;2;0.72;2;1.00;0;19;1;28;12;111;0;0;0.00;18;172;20;-7638.27;1
401;70;6;Colonie naine;Nains;0;0;42;2;41;3;0.69;6;1.00;0;19;0;28;17;76;0;0;0.00;14;151;20;-12470.49;0
401;70;7;Pont-André;Humains;0;5;0;0;14;1;0.00;0;1.00;0;19;0;0;3;48;0;0;13.00;3;4;20;-5957.76;0
401;71;1;Première colonie;Humains;0;0;12;1;44;4;0.64;0;1.00;0;19;0;12;14;137;0;0;0.00;49;48;20;-9589.35;1
401;71;2;Colonie naine;Nains;0;0;25;5;24;1;0.70;0;1.00;20;19;0;3;14;74;0;0;0.00;29;131;20;-13600.85;1
401;71;3;Colonie elfe;Elfes;0;0;37;7;29;3;0.75;0;1.00;0;19;0;17;13;15;0;0;0.00;57;199;20;-6998.51;1
401;71;4;Colonie orque;Orques;0;0;18;1;20;1;0.73;1;1.00;20;19;0;26;5;121;0;0;0.00;33;138;20;-12751.72;0
401;71;5;Colonie humaine;Humains;0;0;41;5;26;2;0.73;5;1.00;0;19;1;28;12;111;0;0;0.00;24;207;20;-7773.28;1
401;71;6;Colonie naine;Nains;0;0;42;1;41;3;0.73;6;1.00;0;19;0;26;17;76;0;0;0.00;14;184;20;-12560.94;0
401;71;7;Pont-André;Humains;0;5;0;0;14;1;0.00;0;1.00;0;19;0;0;3;48;0;0;13.00;3;4;20;-5957.76;0
401;72;1;Première colonie;Humains;0;0;14;2;44;4;0.72;0;1.00;0;19;0;13;14;137;0;0;0.00;32;78;20;-9624.45;1
401;72;2;Colonie naine;Nains;0;0;26;5;24;1;0.70;0;1.00;20;19;0;3;14;74;0;0;0.00;29;144;20;-13710.36;1
401;72;3;Colonie elfe;Elfes;0;0;37;7;29;3;0.72;0;1.00;0;19;0;19;13;15;0;0;0.00;77;220;20;-7120.78;1
401;72;4;Colonie orque;Orques;0;0;19;1;20;1;0.72;3;1.00;20;19;0;26;5;122;0;0;0.00;8;178;20;-12975.98;0
401;72;5;Colonie humaine;Humains;0;0;39;2;26;2;0.66;3;1.00;0;19;1;28;12;113;0;0;0.00;23;141;20;-7897.73;1
401;72;6;Colonie naine;Nains;0;0;42;3;41;3;0.66;6;1.00;0;19;0;23;17;78;0;0;0.00;18;178;20;-12587.07;0
401;72;7;Pont-André;Humains;0;5;0;0;14;1;0.00;0;1.00;0;19;0;0;3;48;0;0;13.00;3;4;20;-5957.76;0
401;73;1;Première colonie;Humains;0;0;14;3;44;4;0.74;0;1.00;0;19;0;13;14;138;0;0;0.00;10;99;20;-9752.44;1
401;73;2;Colonie naine;Nains;0;0;27;4;24;1;0.71;0;1.00;20;19;0;3;14;76;0;0;0.00;29;141;20;-13830.41;1
401;73;3;Colonie elfe;Elfes;0;0;43;6;29;3;0.69;0;1.00;0;19;0;20;13;15;0;0;0.00;56;157;20;-7219.90;1
401;73;4;Colonie orque;Orques;0;0;15;0;20;1;0.71;0;1.00;20;19;0;26;5;127;0;0;0.00;8;153;20;-13103.63;0
401;73;5;Colonie humaine;Humains;0;0;39;0;26;2;0.72;3;1.00;0;19;1;28;12;114;0;0;0.00;19;160;20;-7979.61;1
401;73;6;Colonie naine;Nains;0;0;40;3;41;3;0.69;4;1.00;0;19;0;22;17;80;0;0;0.00;6;126;20;-12678.22;0
401;73;7;Pont-André;Humains;0;5;0;0;14;1;0.00;0;1.00;0;19;0;0;3;48;0;0;13.00;3;4;20;-5957.76;0
401;74;1;Première colonie;Humains;0;0;15;3;44;4;0.73;0;1.00;0;19;0;17;14;138;0;0;0.00;16;79;20;-9785.80;1
401;74;2;Colonie naine;Nains;0;0;28;5;24;1;0.71;0;1.00;20;19;0;3;14;76;0;0;0.00;17;144;20;-13989.96;1
401;74;3;Colonie elfe;Elfes;0;0;44;8;31;3;0.67;0;1.00;0;19;0;22;13;16;0;0;0.00;11;166;20;-7247.88;1
401;74;4;Colonie orque;Orques;0;0;16;2;20;1;0.72;0;1.00;20;19;0;26;5;128;0;0;0.00;8;184;20;-13224.42;0
401;74;5;Colonie humaine;Humains;0;0;34;0;26;2;0.74;0;1.00;0;19;1;28;12;120;0;0;0.00;12;147;20;-8016.62;1
401;74;6;Colonie naine;Nains;0;0;39;4;41;3;0.71;3;1.00;0;19;0;21;17;83;0;0;0.00;18;210;20;-12713.16;0
401;74;7;Pont-André;Humains;0;5;0;0;14;1;0.00;0;1.00;0;19;0;0;3;48;0;0;13.00;3;4;20;-5957.76;0
401;75;1;Première colonie;Humains;0;0;17;2;44;4;0.74;0;1.00;0;19;0;20;14;138;0;0;0.00;16;94;20;-9897.51;1
401;75;2;Colonie naine;Nains;0;0;31;7;24;1;0.69;0;1.00;20;19;0;3;14;76;0;0;0.00;11;153;20;-14173.31;1
401;75;3;Colonie elfe;Elfes;0;0;47;7;31;3;0.70;3;1.00;0;19;0;22;13;16;0;0;0.00;11;191;20;-7342.95;1
401;75;4;Colonie orque;Orques;0;0;21;4;20;1;0.67;5;1.00;20;19;0;26;5;130;0;0;0.00;8;188;20;-13424.31;0
401;75;5;Colonie humaine;Humains;0;0;33;1;26;2;0.75;0;1.00;0;19;1;28;12;124;0;0;0.00;12;154;20;-8135.17;1
401;75;6;Colonie naine;Nains;0;0;37;4;41;3;0.72;0;1.00;0;19;0;20;17;86;0;0;0.00;23;153;20;-12811.53;0
401;75;7;Pont-André;Humains;0;5;0;0;14;1;0.00;0;1.00;0;19;0;0;3;48;0;0;13.00;3;4;20;-5957.76;0
401;76;1;Première colonie;Humains;0;0;16;2;44;4;0.66;0;1.00;0;19;0;20;14;140;0;0;0.00;16;66;20;-9985.48;1
401;76;2;Colonie naine;Nains;0;0;31;5;24;1;0.71;0;1.00;20;19;0;3;14;76;0;0;0.00;11;153;20;-14287.15;1
401;76;3;Colonie elfe;Elfes;0;0;51;9;31;3;0.70;7;1.00;0;19;0;20;13;16;0;0;0.00;11;202;20;-7374.91;1
401;76;4;Colonie orque;Orques;0;0;21;4;20;1;0.70;5;1.00;20;19;0;26;5;131;0;0;0.00;8;182;20;-13546.35;0
401;76;5;Colonie humaine;Humains;0;0;33;3;26;2;0.68;0;1.00;0;19;1;28;12;126;0;0;0.00;17;185;20;-8219.50;1
401;76;6;Colonie naine;Nains;0;0;34;3;41;3;0.74;0;1.00;0;19;0;14;17;89;0;0;0.00;23;181;20;-12855.46;0
401;76;7;Pont-André;Humains;0;5;0;0;14;1;0.00;0;1.00;0;19;0;0;3;48;0;0;13.00;3;4;20;-5957.76;0
401;77;1;Première colonie;Humains;0;0;19;1;44;4;0.67;0;1.00;0;19;0;20;14;141;0;0;0.00;3;75;20;-10008.63;1
401;77;2;Colonie naine;Nains;0;0;32;5;24;1;0.67;0;1.00;20;19;0;3;14;76;0;0;0.00;23;164;20;-14467.35;1
401;77;3;Colonie elfe;Elfes;0;0;51;8;31;3;0.65;7;1.00;0;19;0;14;13;16;0;0;0.00;14;48;20;-7432.07;1
401;77;4;Colonie orque;Orques;0;0;22;2;20;1;0.71;6;1.00;20;19;0;26;5;132;0;0;0.00;8;159;20;-13612.13;0
401;77;5;Colonie humaine;Humains;0;0;32;4;26;2;0.75;0;1.00;0;19;1;28;12;129;0;0;0.00;15;163;20;-8382.43;1
401;77;6;Colonie naine;Nains;0;0;34;4;41;3;0.70;0;1.00;0;19;0;15;17;91;0;0;0.00;17;202;20;-12891.30;0
401;77;7;Pont-André;Humains;0;5;0;0;14;1;0.00;0;1.00;0;19;0;0;3;48;0;0;13.00;3;4;20;-5957.76;0
401;78;1;Première colonie;Humains;0;0;20;3;44;4;0.77;0;1.00;0;19;0;20;14;142;0;0;0.00;3;184;20;-10240.72;1
401;78;2;Colonie naine;Nains;0;0;37;5;24;1;0.71;0;1.00;20;19;0;3;14;77;0;0;0.00;14;208;20;-14658.70;1
401;78;3;Colonie elfe;Elfes;0;0;39;8;31;3;0.67;0;1.00;0;19;0;14;14;16;0;0;0.00;31;63;20;-7432.07;1
401;78;4;Colonie orque;Orques;0;0;18;1;20;1;0.76;2;1.00;20;19;0;26;5;136;0;0;0.00;8;195;20;-13795.08;0
401;78;5;Colonie humaine;Humains;0;0;34;3;26;2;0.74;0;1.00;0;19;1;28;12;129;0;0;0.00;8;136;20;-8529.02;1
401;78;6;Colonie naine;Nains;0;0;37;3;41;3;0.73;1;1.00;0;19;0;15;17;91;0;0;0.00;17;138;20;-12948.51;0
401;78;7;Pont-André;Humains;0;5;0;0;14;1;0.00;0;1.00;0;19;0;0;3;48;0;0;13.00;3;4;20;-5957.76;0
401;79;1;Première colonie;Humains;0;0;24;5;44;4;0.66;0;1.00;0;19;0;20;14;143;0;0;0.00;3;110;20;-10325.81;1
401;79;2;Colonie naine;Nains;0;0;37;4;24;1;0.70;0;1.00;20;19;0;3;14;77;0;0;0.00;19;126;20;-14818.31;1
401;79;3;Colonie elfe;Elfes;0;0;38;8;31;3;0.67;0;1.00;0;19;0;11;14;17;0;0;0.00;31;62;20;-7465.06;1
401;79;4;Colonie orque;Orques;0;0;18;1;20;1;0.71;2;1.00;20;19;0;26;5;138;0;0;0.00;14;148;20;-13963.37;0
401;79;5;Colonie humaine;Humains;0;0;33;3;26;2;0.70;0;1.00;0;19;1;28;12;132;0;0;0.00;8;139;20;-8673.23;1
401;79;6;Colonie naine;Nains;0;0;34;4;41;3;0.70;0;1.00;0;19;0;14;17;95;0;0;0.00;9;82;20;-12948.51;0
401;79;7;Pont-André;Humains;0;5;0;0;14;1;0.00;0;1.00;0;19;0;0;3;48;0;0;13.00;3;4;20;-5957.76;0
401;80;1;Première colonie;Humains;0;0;25;6;44;4;0.73;0;1.00;0;19;0;20;14;143;0;0;0.00;6;125;20;-10419.42;1
401;80;2;Colonie naine;Nains;0;0;38;3;24;1;0.64;0;1.00;20;19;0;3;14;77;0;0;0.00;0;83;20;-14936.95;1
401;80;3;Colonie elfe;Elfes;0;0;35;7;31;3;0.70;0;1.00;0;19;0;11;14;17;0;0;0.00;31;50;20;-7492.59;1
401;80;4;Colonie orque;Orques;0;0;20;3;20;1;0.70;4;1.00;20;19;0;26;5;140;0;0;0.00;35;176;20;-14103.21;0
401;80;5;Colonie humaine;Humains;0;0;33;4;26;2;0.70;0;1.00;0;19;1;28;12;135;0;0;0.00;8;171;20;-8738.44;1
401;80;6;Colonie naine;Nains;0;0;32;3;41;3;0.68;0;1.00;0;19;0;15;17;99;0;0;0.00;9;128;20;-12948.51;0
401;80;7;Pont-André;Humains;0;5;0;0;14;1;0.00;0;1.00;0;19;0;0;3;48;0;0;13.00;3;4;20;-5957.76;0
401;81;1;Première colonie;Humains;0;0;26;5;44;4;0.72;0;1.00;0;19;0;20;14;144;0;0;0.00;6;107;20;-10578.23;1
401;81;2;Colonie naine;Nains;0;0;35;1;24;1;0.64;0;1.00;20;19;0;3;14;80;0;0;0.00;10;58;20;-15007.91;1
401;81;3;Colonie elfe;Elfes;0;0;35;7;31;3;0.69;0;1.00;0;19;0;9;14;17;0;0;0.00;31;88;20;-7541.88;1
401;81;4;Colonie orque;Orques;0;0;20;3;20;1;0.71;3;1.00;20;19;0;26;5;142;0;0;0.00;0;220;20;-14225.54;0
401;81;5;Colonie humaine;Humains;0;0;33;6;26;2;0.66;0;1.00;0;19;1;28;12;137;0;0;0.00;8;152;20;-8931.36;1
401;81;6;Colonie naine;Nains;0;0;32;3;41;3;0.69;0;1.00;0;19;0;14;17;101;0;0;0.00;2;184;20;-12983.99;0
401;81;7;Pont-André;Humains;0;5;0;0;14;1;0.00;0;1.00;0;19;0;0;3;48;0;0;13.00;3;4;20;-5957.76;0
401;82;1;Première colonie;Humains;0;0;28;2;44;4;0.75;0;1.00;0;19;0;20;14;144;0;0;0.00;12;120;20;-10658.86;1
401;82;2;Colonie naine;Nains;0;0;35;1;24;1;0.62;0;1.00;20;19;0;3;14;80;0;0;0.00;16;64;20;-15007.91;1
401;82;3;Colonie elfe;Elfes;0;0;35;8;31;3;0.70;0;1.00;0;19;0;8;14;17;0;0;0.00;53;64;20;-7541.88;1
401;82;4;Colonie orque;Orques;0;0;21;4;20;1;0.67;5;1.00;20;19;0;27;5;145;0;0;0.00;26;165;20;-14443.14;0
401;82;5;Colonie humaine;Humains;0;0;32;5;26;2;0.79;0;1.00;0;19;1;28;12;139;0;0;0.00;13;218;20;-9104.71;1
401;82;6;Colonie naine;Nains;0;0;38;4;41;3;0.69;2;1.00;0;19;0;22;17;101;0;0;0.00;2;175;20;-12983.99;0
401;82;7;Pont-André;Humains;0;5;0;0;14;1;0.00;0;1.00;0;19;0;0;3;48;0;0;13.00;3;4;20;-5957.76;0
401;83;1;Première colonie;Humains;0;0;29;2;44;4;0.68;0;1.00;0;19;0;18;14;146;0;0;0.00;12;136;20;-10757.77;1
401;83;2;Colonie naine;Nains;0;0;37;2;24;1;0.70;0;1.00;20;19;0;3;14;80;0;0;0.00;16;94;20;-15197.06;1
401;83;3;Colonie elfe;Elfes;0;0;9;2;31;3;0.71;0;1.00;0;19;0;8;14;35;1;0;6.00;41;53;20;-7541.88;1
401;83;4;Colonie orque;Orques;0;0;18;2;20;1;0.72;2;1.00;20;19;0;27;5;149;0;1;28.00;32;201;20;-14566.50;0
401;83;5;Colonie humaine;Humains;0;0;33;5;26;2;0.76;0;1.00;0;19;1;28;12;141;0;0;0.00;18;207;20;-9137.66;1
401;83;6;Colonie naine;Nains;0;0;38;4;41;3;0.69;2;1.00;0;19;0;20;17;102;0;0;0.00;7;154;20;-13097.37;0
401;83;7;Pont-André;Humains;0;5;0;0;14;1;0.00;0;1.00;0;19;0;0;3;48;0;0;13.00;3;4;20;-5957.76;0
401;84;1;Première colonie;Humains;0;0;30;1;44;4;0.73;0;1.00;0;19;0;14;14;147;0;0;0.00;15;121;20;-10929.25;1
401;84;2;Colonie naine;Nains;0;0;37;2;24;1;0.63;0;1.00;20;19;0;3;14;81;0;0;0.00;26;67;20;-15271.34;1
401;84;3;Colonie elfe;Elfes;0;0;9;2;31;3;0.68;0;1.00;0;19;0;8;14;35;1;0;6.00;41;52;20;-7541.88;1
401;84;4;Colonie orque;Orques;0;0;20;1;20;1;0.69;4;1.00;20;19;0;27;5;149;0;1;0.00;32;169;20;-14706.76;0
401;84;5;Colonie humaine;Humains;0;0;36;3;26;2;0.67;0;1.00;0;19;1;28;12;142;0;0;0.00;12;175;20;-9280.91;1
401;84;6;Colonie naine;Nains;0;0;39;3;41;3;0.65;3;1.00;0;19;0;14;17;103;0;0;0.00;18;85;20;-13106.77;0
401;84;7;Pont-André;Humains;0;5;0;0;14;1;0.00;0;1.00;0;19;0;0;3;48;0;0;13.00;3;4;20;-5957.76;0
401;85;1;Première colonie;Humains;0;0;29;1;44;4;0.62;0;1.00;0;19;0;12;14;150;0;0;0.00;18;49;20;-10961.15;1
401;85;2;Colonie naine;Nains;0;0;37;2;24;1;0.62;0;1.00;20;19;0;3;14;81;0;0;0.00;2;55;20;-15320.34;1
401;85;3;Colonie elfe;Elfes;0;0;9;2;31;3;0.67;0;1.00;0;19;0;8;14;35;1;0;6.00;41;58;20;-7541.88;1
401;85;4;Colonie orque;Orques;0;0;21;1;20;1;0.80;5;1.00;20;19;0;27;5;150;0;1;0.00;32;160;20;-14884.61;0
401;85;5;Colonie humaine;Humains;0;0;34;2;26;2;0.74;0;1.00;0;19;1;28;12;144;0;0;0.00;12;128;20;-9309.35;1
401;85;6;Colonie naine;Nains;0;0;36;2;41;3;0.62;0;1.00;0;19;0;14;17;106;0;0;0.00;18;53;20;-13106.77;0
401;85;7;Pont-André;Humains;0;5;0;0;14;1;0.00;0;1.00;0;19;0;0;3;48;0;0;13.00;3;4;20;-5957.76;0
401;86;1;Première colonie;Humains;0;0;29;1;44;4;0.63;0;1.00;0;19;0;13;14;151;0;0;0.00;18;37;20;-11067.63;1
401;86;2;Colonie naine;Nains;0;0;38;3;24;1;0.70;0;1.00;20;19;0;3;14;81;0;0;0.00;2;71;20;-15320.34;1
401;86;3;Colonie elfe;Elfes;0;0;9;1;31;3;0.69;0;1.00;0;19;0;8;14;35;1;0;6.00;53;44;20;-7541.88;1
401;86;4;Colonie orque;Orques;0;0;18;0;20;1;0.75;2;1.00;20;19;0;27;5;153;0;1;0.00;32;146;20;-15010.29;0
401;86;5;Colonie humaine;Humains;0;0;34;3;26;2;0.72;0;1.00;0;19;1;28;12;147;0;0;0.00;18;138;20;-9417.58;1
401;86;6;Colonie naine;Nains;0;0;32;2;41;3;0.66;0;1.00;0;19;0;14;17;107;0;0;0.00;18;109;20;-13106.77;1
401;86;7;Pont-André;Humains;0;5;0;0;14;1;0.00;0;1.00;0;19;0;0;3;48;0;0;13.00;3;4;20;-5957.76;0
401;87;1;Première colonie;Humains;0;0;27;1;44;4;0.68;0;1.00;0;19;0;13;14;153;0;0;0.00;21;72;20;-11067.63;1
401;87;2;Colonie naine;Nains;0;0;35;3;24;1;0.60;0;1.00;20;19;0;3;14;84;0;0;0.00;2;26;20;-15366.79;1
401;87;3;Colonie elfe;Elfes;0;0;9;1;31;3;0.71;0;1.00;0;19;0;8;14;35;1;0;6.00;53;56;20;-7541.88;1
401;87;4;Colonie orque;Orques;0;0;23;1;20;1;0.73;7;1.00;20;19;0;27;5;154;0;1;0.00;38;133;20;-15125.91;0
401;87;5;Colonie humaine;Humains;0;0;34;4;27;2;0.66;0;1.00;0;19;1;28;12;150;0;0;0.00;31;184;20;-9534.15;1
401;87;6;Colonie naine;Nains;0;0;32;2;41;3;0.68;0;1.00;0;19;0;14;17;107;0;0;0.00;18;114;20;-13106.77;1
401;87;7;Pont-André;Humains;0;5;0;0;14;1;0.00;0;1.00;0;19;0;0;3;48;0;0;13.00;3;4;20;-5957.76;0
401;88;1;Première colonie;Humains;0;0;30;2;44;4;0.62;0;1.00;0;19;0;13;14;155;0;0;0.00;32;72;20;-11225.40;1
401;88;2;Colonie naine;Nains;0;0;34;3;24;1;0.69;0;1.00;20;19;0;3;14;85;0;0;0.00;2;96;20;-15366.79;1
401;88;3;Colonie elfe;Elfes;0;0;9;1;31;3;0.70;0;1.00;0;19;0;8;14;35;1;0;6.00;57;54;20;-7541.88;1
401;88;4;Colonie orque;Orques;0;0;20;2;20;1;0.71;4;1.00;20;19;0;27;5;159;0;1;0.00;23;180;20;-15242.40;0
401;88;5;Colonie humaine;Humains;0;0;36;7;27;2;0.75;0;1.00;0;19;1;28;12;152;0;0;0.00;4;131;20;-9561.27;1
401;88;6;Colonie naine;Nains;0;0;33;2;41;3;0.70;0;1.00;0;19;0;21;17;107;0;0;0.00;51;186;20;-13207.72;1
401;88;7;Pont-André;Humains;0;5;0;0;14;1;0.00;0;1.00;0;19;0;0;3;48;0;0;13.00;3;4;20;-5957.76;0
401;89;1;Première colonie;Humains;0;0;29;1;44;4;0.62;0;1.00;0;19;0;13;14;156;0;0;0.00;36;54;20;-11293.64;1
401;89;2;Colonie naine;Nains;0;0;37;3;24;1;0.66;0;1.00;20;19;0;3;14;85;0;0;0.00;7;72;20;-15452.50;1
401;89;3;Colonie elfe;Elfes;0;0;9;1;31;3;0.70;0;1.00;0;19;0;8;14;35;1;0;6.00;69;53;20;-7541.88;1
401;89;4;Colonie orque;Orques;0;0;20;3;20;1;0.68;3;1.00;20;19;0;27;5;161;0;1;0.00;23;163;20;-15446.43;0
401;89;5;Colonie humaine;Humains;0;0;34;6;27;2;0.74;0;1.00;0;19;1;28;12;156;0;0;0.00;9;102;20;-9686.63;1
401;89;6;Colonie naine;Nains;0;0;34;1;41;3;0.70;0;1.00;0;19;0;21;17;108;0;0;0.00;51;218;20;-13257.37;1
401;89;7;Pont-André;Humains;0;5;0;0;14;1;0.00;0;1.00;0;19;0;0;3;48;0;0;13.00;3;4;20;-5957.76;0
401;90;1;Première colonie;Humains;0;0;27;1;44;4;0.62;0;1.00;0;19;0;13;14;158;0;0;0.00;0;45;20;-11358.53;1
401;90;2;Colonie naine;Nains;0;0;35;2;24;1;0.63;0;1.00;20;19;0;3;14;87;0;0;0.00;7;65;20;-15452.50;1
401;90;3;Colonie elfe;Elfes;0;0;9;1;31;3;0.68;0;1.00;0;19;0;8;14;35;1;0;6.00;45;66;20;-7541.88;1
401;90;4;Colonie orque;Orques;0;0;22;5;20;1;0.70;5;1.00;20;19;0;27;5;163;0;1;0.00;28;174;20;-15548.69;0
401;90;5;Colonie humaine;Humains;0;0;35;6;27;2;0.77;0;1.00;0;19;1;28;12;159;0;0;0.00;9;143;20;-9781.17;1
401;90;6;Colonie naine;Nains;0;0;33;1;41;3;0.69;0;1.00;0;19;0;24;17;111;0;0;0.00;39;204;20;-13289.25;1
401;90;7;Pont-André;Humains;0;5;0;0;14;1;0.00;0;1.00;0;19;0;0;3;48;0;0;13.00;3;4;20;-5957.76;0
401;91;1;Première colonie;Humains;0;0;25;0;44;4;0.69;0;1.00;0;19;0;12;14;160;0;0;0.00;0;23;20;-11413.49;1
401;91;2;Colonie naine;Nains;0;0;34;2;24;1;0.69;0;1.00;30;19;0;3;14;88;0;0;0.00;7;76;20;-15517.75;1
401;91;3;Colonie elfe;Elfes;0;0;9;1;31;3;0.63;0;1.00;0;19;0;8;14;35;1;0;6.00;45;52;20;-7541.88;1
401;91;4;Colonie orque;Orques;0;0;21;4;20;1;0.70;5;1.00;20;19;0;27;5;165;0;1;0.00;34;168;20;-15753.38;0
401;91;5;Colonie humaine;Humains;0;0;33;3;27;2;0.75;0;1.00;0;19;1;28;12;161;0;0;0.00;13;154;20;-9882.22;1
401;91;6;Colonie naine;Nains;0;0;32;1;41;3;0.73;0;1.00;0;19;0;26;17;112;0;0;0.00;8;217;20;-13396.81;1
401;91;7;Pont-André;Humains;0;5;0;0;14;1;0.00;0;1.00;0;19;0;0;3;48;0;0;13.00;3;4;20;-5957.76;0
401;92;1;Première colonie;Humains;0;0;23;0;44;4;0.63;0;1.00;0;19;0;12;14;162;0;0;0.00;0;19;20;-11449.23;1
401;92;2;Colonie naine;Nains;0;0;34;1;24;1;0.65;0;1.00;30;19;0;3;14;88;0;0;0.00;7;61;20;-15517.75;1
401;92;3;Colonie elfe;Elfes;0;0;9;1;31;3;0.65;0;1.00;0;19;0;8;14;35;1;0;6.00;45;50;20;-7541.88;1
401;92;4;Colonie orque;Orques;0;0;18;2;20;1;0.75;2;1.00;20;19;0;27;5;169;0;1;0.00;34;110;20;-15940.79;0
401;92;5;Colonie humaine;Humains;0;0;34;2;27;2;0.68;0;1.00;0;19;1;28;12;161;0;0;0.00;1;95;20;-10025.01;1
401;92;6;Colonie naine;Nains;0;0;33;1;41;3;0.69;0;1.00;0;19;0;28;17;112;0;0;0.00;8;239;20;-13492.83;1
401;92;7;Pont-André;Humains;0;5;0;0;14;1;0.00;0;1.00;0;19;0;0;3;48;0;0;13.00;3;4;20;-5957.76;0
401;93;1;Première colonie;Humains;0;0;22;0;44;4;0.67;0;1.00;0;19;0;11;14;163;0;0;0.00;8;64;20;-11472.54;1
401;93;2;Colonie naine;Nains;0;0;33;1;24;1;0.69;0;1.00;30;19;0;3;14;89;0;0;0.00;7;89;20;-15613.58;1
401;93;3;Colonie elfe;Elfes;0;0;9;0;31;3;0.67;0;1.00;0;19;0;8;14;35;1;0;6.00;21;57;20;-7541.88;1
401;93;4;Colonie orque;Orques;0;0;18;1;20;1;0.71;2;1.00;20;19;0;27;5;171;0;1;0.00;40;146;20;-15995.30;0
401;93;5;Colonie humaine;Humains;0;0;39;2;27;2;0.71;3;1.00;0;19;1;28;12;161;0;0;0.00;1;177;20;-10141.19;1
401;93;6;Colonie naine;Nains;0;0;38;3;41;3;0.70;2;1.00;0;19;0;28;17;112;0;0;0.00;8;281;20;-13596.48;1
401;93;7;Pont-André;Humains;0;5;0;0;14;1;0.00;0;1.00;0;19;0;0;3;48;0;0;13.00;3;4;20;-5957.76;0
401;94;1;Première colonie;Humains;0;0;9;0;44;4;0.68;0;1.00;0;19;0;11;14;165;0;0;0.00;0;27;20;-11472.54;1
401;94;2;Colonie naine;Nains;0;0;34;1;24;1;0.61;0;1.00;30;19;0;3;14;90;0;0;0.00;19;75;20;-15613.58;1
401;94;3;Colonie elfe;Elfes;0;0;8;0;31;3;0.71;0;1.00;0;19;0;8;14;36;1;0;6.00;21;47;20;-7541.88;1
401;94;4;Colonie orque;Orques;0;0;15;1;20;1;0.74;0;1.00;20;19;0;27;5;176;0;1;0.00;46;184;20;-16129.48;0
401;94;5;Colonie humaine;Humains;0;0;38;3;27;2;0.73;2;1.00;0;19;1;28;12;164;0;0;0.00;6;145;20;-10218.73;1
401;94;6;Colonie naine;Nains;0;0;39;2;41;3;0.70;3;1.00;0;19;0;28;17;112;0;0;0.00;8;284;20;-13705.76;1
401;94;7;Pont-André;Humains;0;5;0;0;14;1;0.00;0;1.00;0;19;0;0;3;48;0;0;13.00;3;4;20;-5957.76;0
401;95;1;Première colonie;Humains;0;0;10;0;44;4;0.74;0;1.00;0;19;0;11;14;165;0;0;0.00;0;48;20;-11572.87;1
401;95;2;Colonie naine;Nains;0;0;32;0;24;1;0.68;0;1.00;30;19;0;3;14;92;0;0;0.00;34;119;20;-15613.58;1
401;95;3;Colonie elfe;Elfes;0;0;8;0;31;3;0.73;0;1.00;0;19;0;8;14;36;1;0;6.00;21;58;20;-7541.88;1
401;95;4;Colonie orque;Orques;0;0;20;5;20;1;0.67;3;1.00;20;19;0;27;5;177;0;1;0.00;52;164;20;-16259.54;0
401;95;5;Colonie humaine;Humains;0;0;40;6;27;2;0.75;4;1.00;0;19;1;28;12;166;0;0;0.00;11;135;20;-10388.87;1
401;95;6;Colonie naine;Nains;0;0;40;2;41;3;0.69;4;1.00;0;19;0;28;17;112;0;0;0.00;13;273;20;-13838.76;1
401;95;7;Pont-André;Humains;0;5;0;0;14;1;0.00;0;1.00;0;19;0;0;3;48;0;0;13.00;3;4;20;-5957.76;0
401;96;1;Première colonie;Humains;0;0;11;1;44;4;0.71;0;1.00;0;19;0;11;14;165;0;0;0.00;3;72;20;-11654.53;1
401;96;2;Colonie naine;Nains;0;0;32;0;24;1;0.71;0;1.00;30;19;0;3;14;93;0;0;0.00;20;173;20;-15676.54;1
401;96;3;Colonie elfe;Elfes;0;0;8;0;31;3;0.68;0;1.00;0;19;0;8;14;36;1;0;6.00;21;53;20;-7541.88;1
401;96;4;Colonie orque;Orques;0;0;23;7;20;1;0.73;7;1.00;20;19;0;27;5;177;0;1;0.00;57;152;20;-16442.55;0
401;96;5;Colonie humaine;Humains;0;0;41;8;27;2;0.67;5;1.00;0;19;1;28;12;169;0;0;0.00;11;125;20;-10430.30;1
401;96;6;Colonie naine;Nains;0;0;39;2;41;3;0.71;3;1.00;0;19;0;28;17;114;0;0;0.00;3;279;20;-13935.69;1
401;96;7;Pont-André;Humains;0;5;0;0;14;1;0.00;0;1.00;0;19;0;0;3;48;0;0;13.00;3;4;20;-5957.76;0
401;97;1;Première colonie;Humains;0;0;12;1;44;4;0.68;0;1.00;0;19;0;11;14;166;0;0;0.00;3;48;20;-11715.94;1
401;97;2;Colonie naine;Nains;0;0;32;1;24;1;0.68;0;1.00;30;19;0;3;14;95;0;0;0.00;21;98;20;-15759.45;1
401;97;3;Colonie elfe;Elfes;0;0;8;0;31;3;0.71;0;1.00;0;19;0;8;14;36;1;0;6.00;21;54;20;-7541.88;1
401;97;4;Colonie orque;Orques;0;0;23;3;20;1;0.70;7;1.00;20;19;0;28;5;178;0;1;0.00;3;201;20;-16558.65;0
401;97;5;Colonie humaine;Humains;0;0;39;7;27;2;0.76;3;1.00;0;19;1;28;12;172;0;0;0.00;11;155;20;-10500.62;1
401;97;6;Colonie naine;Nains;0;0;38;2;41;3;0.73;2;1.00;0;19;0;28;17;116;0;0;0.00;42;247;20;-14085.68;1
401;97;7;Pont-André;Humains;0;5;0;0;14;1;0.00;0;1.00;0;19;0;0;3;48;0;0;13.00;3;4;20;-5957.76;0
401;98;1;Première colonie;Humains;0;0;11;1;44;4;0.76;0;1.00;0;19;0;11;14;167;0;0;0.00;6;65;20;-11715.94;1
401;98;2;Colonie naine;Nains;0;0;31;1;24;1;0.71;0;1.00;30;19;0;3;14;96;0;0;0.00;21;129;20;-15759.45;1
401;98;3;Colonie elfe;Elfes;0;0;7;0;31;3;0.67;0;1.00;0;19;0;8;14;37;1;0;6.00;21;46;20;-7541.88;1
401;98;4;Colonie orque;Orques;0;0;22;1;20;1;0.69;6;1.00;20;19;0;28;5;180;0;1;0.00;3;115;20;-16670.70;0
401;98;5;Colonie humaine;Humains;0;0;41;3;27;2;0.72;5;1.00;0;19;1;28;12;172;0;0;0.00;16;122;20;-10527.02;1
401;98;6;Colonie naine;Nains;0;0;40;3;41;3;0.70;4;1.00;0;19;0;28;17;118;0;0;0.00;42;259;20;-14085.68;1
401;98;7;Pont-André;Humains;0;5;0;0;14;1;0.00;0;1.00;0;19;0;0;3;48;0;0;13.00;3;4;20;-5957.76;0
401;99;1;Première colonie;Humains;0;0;11;0;44;4;0.73;0;1.00;0;19;0;11;14;167;0;0;0.00;6;54;20;-11770.62;1
401;99;2;Colonie naine;Nains;0;0;29;1;24;1;0.70;0;1.00;30;19;0;3;14;98;0;0;0.00;21;132;20;-15906.00;1
401;99;3;Colonie elfe;Elfes;0;0;7;0;31;3;0.67;0;1.00;0;19;0;8;14;37;1;0;6.00;21;45;20;-7541.88;1
401;99;4;Colonie orque;Orques;0;0;23;2;20;1;0.71;7;1.00;20;19;0;28;5;180;0;1;0.00;3;155;20;-16787.90;0
401;99;5;Colonie humaine;Humains;0;0;40;0;27;2;0.69;4;1.00;0;19;1;22;12;174;0;0;0.00;21;129;20;-10554.29;1
401;99;6;Colonie naine;Nains;0;0;40;2;41;3;0.71;4;1.00;0;19;0;28;17;120;0;0;0.00;42;255;20;-14225.69;1
401;99;7;Pont-André;Humains;0;5;0;0;14;1;0.00;0;1.00;0;19;0;0;3;48;0;0;13.00;3;4;20;-5957.76;0
401;100;1;Première colonie;Humains;0;0;11;1;44;4;0.68;0;1.00;0;19;0;11;14;169;0;0;0.00;19;57;20;-11925.89;1
401;100;2;Colonie naine;Nains;0;0;29;1;24;1;0.71;0;1.00;30;19;0;3;14;99;0;0;0.00;26;147;20;-16068.42;1
401;100;3;Colonie elfe;Elfes;0;0;7;0;31;3;0.67;0;1.00;0;19;0;8;14;37;1;0;6.00;21;42;20;-7541.88;1
401;100;4;Colonie orque;Orques;0;0;20;0;20;1;0.69;4;1.00;20;19;0;28;5;183;0;1;0.00;3;144;20;-17006.58;0
401;100;5;Colonie humaine;Humains;0;0;37;0;27;2;0.68;1;1.00;0;19;1;17;12;178;0;0;0.00;15;141;20;-10623.83;1
401;100;6;Colonie naine;Nains;0;0;40;3;41;3;0.71;4;1.00;0;19;0;28;17;123;0;0;0.00;38;265;20;-14377.34;1
401;100;7;Pont-André;Humains;0;5;0;0;14;1;0.00;0;1.00;0;19;0;0;3;48;0;0;13.00;3;4;20;-5957.76;0
402;1;1;Première colonie;Humains;0;0;17;0;8;1;0.68;0;1.00;0;5;0;0;3;0;0;0;0.00;307;61;5;-95.23;0
402;1;2;Colonie naine;Nains;0;0;14;0;4;1;0.68;2;1.00;0;5;0;0;3;0;0;0;0.00;395;44;4;-189.67;0
402;1;3;Colonie elfe;Elfes;0;0;14;0;7;1;0.69;0;1.00;0;7;0;0;3;0;0;0;0.00;350;48;3;-116.05;0
402;1;4;Colonie orque;Orques;0;0;13;1;7;1;0.70;0;1.00;0;5;0;0;3;0;0;0;0.00;499;52;7;-164.06;0
402;1;5;Colonie humaine;Humains;0;0;14;2;7;1;0.69;0;1.00;0;5;0;0;3;0;0;0;0.00;449;69;5;-42.71;0
402;1;6;Colonie naine;Nains;0;0;12;0;6;1;0.70;0;1.00;0;5;0;0;2;0;0;0;0.00;400;57;2;-143.02;0
402;2;1;Première colonie;Humains;0;0;19;2;14;1;0.71;0;1.00;0;6;0;0;4;0;0;0;0.00;292;110;9;-270.85;0
402;2;2;Colonie naine;Nains;0;0;18;2;10;1;0.71;0;1.00;0;6;0;0;3;0;0;0;0.00;384;76;7;-283.54;0
402;2;3;Colonie elfe;Elfes;0;0;16;1;9;1;0.66;0;1.00;0;8;0;0;3;0;0;0;0.00;269;83;7;-269.12;0
402;2;4;Colonie orque;Orques;0;0;14;2;8;1;0.71;0;1.00;0;6;0;0;3;0;0;0;0.00;531;18;10;-394.96;0
402;2;5;Colonie humaine;Humains;0;0;17;3;9;1;0.67;1;1.00;0;6;0;0;3;0;0;0;0.00;496;80;10;-103.42;0
402;2;6;Colonie naine;Nains;0;0;16;0;8;1;0.73;0;1.00;0;6;0;0;3;0;0;0;0.00;423;73;5;-391.53;0
402;3;1;Première colonie;Humains;0;0;21;3;20;1;0.72;0;1.00;0;8;1;1;4;0;0;0;0.00;292;103;13;-532.07;0
402;3;2;Colonie naine;Nains;0;0;18;2;11;1;0.63;0;1.00;0;7;0;0;4;0;0;0;0.00;298;90;9;-438.77;0
402;3;3;Colonie elfe;Elfes;0;0;19;2;13;1;0.66;0;1.00;0;9;0;0;4;0;0;0;0.00;278;92;10;-372.30;0
402;3;4;Colonie orque;Orques;0;0;14;1;9;1;0.66;0;1.00;0;8;0;0;5;0;0;0;0.00;514;33;16;-523.87;0
402;3;5;Colonie humaine;Humains;0;0;19;2;12;1;0.68;0;1.00;0;7;0;0;4;1;0;0;0.00;489;72;16;-296.58;0
402;3;6;Colonie naine;Nains;0;0;18;0;16;1;0.66;0;1.00;0;7;0;0;3;0;0;0;0.00;431;89;8;-801.54;0
402;4;1;Première colonie;Humains;0;0;26;6;23;1;0.73;0;1.00;0;10;1;1;4;0;0;0;0.00;7;148;18;-691.29;0
402;4;2;Colonie naine;Nains;0;0;21;4;14;1;0.71;0;1.00;0;8;0;0;4;1;0;0;0.00;416;111;15;-491.24;0
402;4;3;Colonie elfe;Elfes;0;0;23;3;17;1;0.73;0;1.00;0;10;0;0;4;0;0;0;0.00;581;129;15;-388.06;0
402;4;4;Colonie orque;Orques;0;0;15;0;13;1;0.66;0;1.00;0;10;0;0;5;0;0;0;0.00;597;22;20;-784.53;0
402;4;5;Colonie humaine;Humains;0;0;21;3;17;1;0.71;0;1.00;10;10;0;0;4;1;0;0;0.00;76;101;20;-428.62;0
402;4;6;Colonie naine;Nains;0;0;24;2;22;1;0.68;0;1.00;0;9;0;0;4;0;0;0;0.00;535;113;9;-904.53;0
402;5;1;Première colonie;Humains;0;0;31;5;23;1;0.71;3;1.00;0;11;1;1;4;0;0;0;0.00;8;154;20;-960.01;0
402;5;2;Colonie naine;Nains;0;0;24;4;14;1;0.70;0;1.00;0;10;0;0;4;2;0;0;0.00;578;124;18;-707.08;0
402;5;3;Colonie elfe;Elfes;0;0;29;3;18;1;0.72;5;1.00;0;12;0;0;4;0;0;0;0.00;558;142;20;-546.33;0
402;5;4;Colonie orque;Orques;0;0;12;0;14;1;0.69;0;1.00;0;12;0;0;6;3;0;0;0.00;461;46;20;-946.57;0
402;5;5;Colonie humaine;Humains;0;0;24;3;17;1;0.68;0;1.00;10;11;0;0;4;1;0;0;0.00;127;131;20;-767.20;0
402;5;6;Colonie naine;Nains;0;0;25;3;22;1;0.72;0;1.00;0;11;1;0;8;0;0;0;0.00;589;61;11;-904.53;0
402;6;1;Première colonie;Humains;0;0;29;4;24;1;0.71;1;1.00;0;13;1;1;5;3;0;0;0.00;8;162;20;-1104.43;1
402;6;2;Colonie naine;Nains;0;0;23;3;15;1;0.71;0;1.00;0;12;0;0;5;3;0;0;0.00;598;141;20;-945.89;0
402;6;3;Colonie elfe;Elfes;0;0;29;5;26;1;0.69;0;1.00;0;13;0;2;5;2;0;0;0.00;479;144;20;-913.50;1
402;6;4;Colonie orque;Orques;0;0;8;0;15;1;0.71;0;1.00;0;13;0;2;6;7;0;0;0.00;305;47;20;-1283.94;0
402;6;5;Colonie humaine;Humains;0;0;27;4;20;1;0.69;0;1.00;10;13;0;1;4;1;0;0;0.00;0;140;20;-1089.67;0
402;6;6;Colonie naine;Nains;0;0;26;4;23;1;0.72;0;1.00;0;12;1;0;8;0;0;0;0.00;674;127;16;-1048.70;0
402;7;1;Première colonie;Humains;0;0;29;1;24;1;0.73;1;1.00;0;13;1;1;5;3;0;0;0.00;35;153;20;-1325.80;1
402;7;2;Colonie naine;Nains;0;0;27;7;15;1;0.69;3;1.00;0;13;0;0;5;3;0;0;0.00;569;157;20;-1078.10;0
402;7;3;Colonie elfe;Elfes;0;0;32;6;31;1;0.71;0;1.00;0;13;0;3;6;2;0;0;0.00;373;97;20;-1227.92;1
402;7;4;Colonie orque;Orques;0;0;11;2;17;1;0.70;0;1.00;0;13;0;2;6;7;0;0;0.00;408;46;20;-1283.94;0
402;7;5;Colonie humaine;Humains;0;0;30;3;24;1;0.72;0;1.00;10;13;0;1;5;1;0;0;0.00;16;147;20;-1201.68;0
402;7;6;Colonie naine;Nains;0;0;27;5;23;1;0.74;0;1.00;0;13;1;0;8;0;0;0;0.00;734;111;19;-1296.88;0
402;8;1;Première colonie;Humains;0;0;30;0;25;1;0.75;0;1.00;0;14;1;1;5;4;0;0;0.00;34;166;20;-1565.43;1
402;8;2;Colonie naine;Nains;0;0;29;6;15;1;0.67;5;1.00;0;13;0;0;5;4;0;0;0.00;652;164;20;-1348.58;0
402;8;3;Colonie elfe;Elfes;0;0;33;7;31;1;0.70;0;1.00;0;14;0;3;7;2;0;0;0.00;240;75;20;-1310.94;1
402;8;4;Colonie orque;Orques;0;0;11;2;18;1;0.72;0;1.00;0;13;0;3;6;10;0;0;0.00;367;41;20;-1529.98;0
402;8;5;Colonie humaine;Humains;0;0;28;2;25;1;0.73;0;1.00;10;14;0;2;5;3;0;0;0.00;93;142;20;-1401.52;0
402;8;6;Colonie naine;Nains;0;0;28;6;24;2;0.70;0;1.00;0;13;1;0;9;0;0;0;0.00;674;123;20;-1543.72;0
402;9;1;Première colonie;Humains;0;0;29;1;26;1;0.68;0;1.00;0;15;1;1;6;6;0;0;0.00;2;136;20;-1695.18;1
402;9;2;Colonie naine;Nains;0;0;29;6;15;1;0.70;5;1.00;0;14;0;0;6;4;0;0;0.00;603;144;20;-1660.66;0
402;9;3;Colonie elfe;Elfes;0;0;36;8;31;1;0.68;0;1.00;0;14;0;3;7;2;0;0;0.00;419;62;20;-1384.89;1
402;9;4;Colonie orque;Orques;0;0;12;1;18;1;0.67;0;1.00;0;14;0;2;6;12;0;0;0.00;316;45;20;-1864.85;0
402;9;5;Colonie humaine;Humains;0;0;30;2;26;1;0.71;0;1.00;10;14;0;2;5;7;0;0;0.00;164;159;20;-1543.99;0
402;9;6;Colonie naine;Nains;0;0;30;6;26;2;0.72;0;1.00;0;14;1;1;10;0;0;0;0.00;387;147;20;-1949.96;0
402;10;1;Première colonie;Humains;0;0;26;1;27;1;0.75;0;1.00;0;16;1;1;6;9;0;0;0.00;25;140;20;-1909.80;1
402;10;2;Colonie naine;Nains;0;0;30;7;16;1;0.67;6;1.00;0;15;0;0;7;4;0;0;0.00;937;117;20;-1813.33;0
402;10;3;Colonie elfe;Elfes;0;0;35;8;31;1;0.70;0;1.00;0;15;0;3;8;2;0;0;0.00;362;15;20;-1427.36;1
402;10;4;Colonie orque;Orques;0;0;14;1;19;1;0.71;0;1.00;0;14;0;4;6;12;0;0;0.00;127;44;20;-1955.35;0
402;10;5;Colonie humaine;Humains;0;0;35;2;27;1;0.75;0;1.00;10;15;0;3;5;7;0;0;0.00;59;177;20;-1815.95;0
402;10;6;Colonie naine;Nains;0;0;33;7;27;2;0.73;0;1.00;0;14;1;2;10;0;0;0;0.00;437;124;20;-2065.82;0
402;11;1;Première colonie;Humains;0;0;23;2;27;1;0.72;0;1.00;0;17;1;1;6;14;0;0;0.00;19;113;20;-2044.85;1
402;11;2;Colonie naine;Nains;0;0;29;6;16;1;0.66;5;1.00;0;15;0;0;9;5;0;0;0.00;926;63;20;-1813.33;0
402;11;3;Colonie elfe;Elfes;0;0;18;8;31;1;0.86;0;1.00;0;15;0;3;8;2;0;0;0.00;339;108;20;-1427.36;1
402;11;4;Colonie orque;Orques;0;0;16;1;19;1;0.61;0;1.00;0;15;0;5;6;13;0;0;0.00;183;50;20;-2104.90;0
402;11;5;Colonie humaine;Humains;0;0;37;2;27;1;0.74;1;1.00;10;16;0;6;5;8;0;0;0.00;43;204;20;-2042.52;0
402;11;6;Colonie naine;Nains;0;0;34;7;28;2;0.72;0;1.00;0;15;1;2;10;0;0;0;0.00;464;149;20;-2207.41;0
402;12;1;Première colonie;Humains;0;0;23;1;27;1;0.73;0;1.00;0;17;1;2;6;16;0;0;0.00;7;130;20;-2211.85;1
402;12;2;Colonie naine;Nains;0;0;29;6;16;1;0.66;5;1.00;0;16;0;0;9;5;0;0;0.00;1137;66;20;-1880.11;0
402;12;3;Colonie elfe;Elfes;0;0;23;8;31;1;0.72;0;1.00;0;16;0;3;8;2;0;0;0.00;154;90;20;-1852.78;1
402;12;4;Colonie orque;Orques;0;0;18;1;19;1;0.71;0;1.00;0;16;0;6;6;14;0;0;0.00;39;80;20;-2283.16;0
402;12;5;Colonie humaine;Humains;0;0;36;2;27;1;0.73;0;1.00;10;17;0;13;5;10;0;0;0.00;87;207;20;-2234.60;0
402;12;6;Colonie naine;Nains;0;0;35;7;30;2;0.72;0;1.00;0;16;1;3;11;0;0;0;0.00;156;127;20;-2207.41;0
402;13;1;Première colonie;Humains;0;0;25;3;27;1;0.73;0;1.00;0;18;1;4;6;19;0;0;0.00;25;143;20;-2313.59;1
402;13;2;Colonie naine;Nains;0;0;29;2;16;1;0.66;5;1.00;0;17;0;0;9;5;0;0;0.00;1185;55;20;-1921.15;0
402;13;3;Colonie elfe;Elfes;0;0;23;8;31;1;0.69;0;1.00;0;16;0;3;8;2;0;0;0.00;18;84;20;-1900.24;1
402;13;4;Colonie orque;Orques;0;0;19;1;19;1;0.71;0;1.00;0;17;0;10;6;15;0;0;0.00;12;80;20;-2474.58;0
402;13;5;Colonie humaine;Humains;0;0;38;1;27;1;0.73;2;1.00;10;17;0;16;6;13;0;0;0.00;356;231;20;-2523.47;0
402;13;6;Colonie naine;Nains;0;0;35;6;31;2;0.68;0;1.00;0;17;1;4;11;0;0;0;0.00;195;153;20;-2207.41;0
402;14;1;Première colonie;Humains;0;0;29;4;28;1;0.73;0;1.00;0;18;1;4;6;20;0;0;0.00;42;154;20;-2393.41;1
402;14;2;Colonie naine;Nains;0;0;29;1;16;1;0.63;4;1.00;0;18;0;0;9;5;0;0;0.00;1129;37;20;-1921.15;0
402;14;3;Colonie elfe;Elfes;0;0;25;9;31;1;0.70;0;1.00;0;17;0;3;8;2;0;0;0.00;38;155;20;-2223.61;1
402;14;4;Colonie orque;Orques;0;0;19;0;19;1;0.70;0;1.00;0;18;0;10;7;17;0;0;0.00;118;78;20;-2643.47;0
402;14;5;Colonie humaine;Humains;0;0;38;1;27;1;0.74;2;1.00;10;18;0;17;6;16;0;0;0.00;216;185;20;-2753.33;0
402;14;6;Colonie naine;Nains;0;0;38;6;34;2;0.73;0;1.00;0;17;1;13;11;0;0;0;0.00;191;155;20;-2358.37;0
402;15;1;Première colonie;Humains;0;0;32;5;29;1;0.75;0;1.00;0;19;1;5;6;20;0;0;0.00;26;186;20;-2589.05;1
402;15;2;Colonie naine;Nains;0;0;28;1;15;1;0.68;4;1.00;0;18;0;0;9;6;0;0;0.00;945;50;20;-1963.62;0
402;15;3;Colonie elfe;Elfes;0;0;26;9;33;1;0.73;0;1.00;0;18;0;3;8;2;0;0;0.00;8;104;20;-2328.24;1
402;15;4;Colonie orque;Orques;0;0;17;1;19;1;0.72;0;1.00;0;18;0;10;8;20;0;0;0.00;265;67;20;-2792.84;0
402;15;5;Colonie humaine;Humains;0;0;41;1;28;2;0.72;1;1.00;10;19;0;17;6;17;0;0;0.00;267;233;20;-2912.09;0
402;15;6;Colonie naine;Nains;0;0;40;7;35;2;0.69;0;1.00;0;18;1;13;11;0;0;0;0.00;202;207;20;-2643.03;0
402;16;1;Première colonie;Humains;0;0;35;4;29;1;0.72;0;1.00;0;19;1;5;6;21;0;0;0.00;14;220;20;-2655.11;1
402;16;2;Colonie naine;Nains;0;0;28;0;15;1;0.61;4;1.00;0;19;0;0;9;6;0;0;0.00;829;52;20;-2031.38;0
402;16;3;Colonie elfe;Elfes;0;0;26;8;33;1;0.73;0;1.00;0;19;0;3;8;2;0;0;0.00;82;110;20;-2625.78;1
402;16;4;Colonie orque;Orques;0;0;16;1;20;1;0.71;0;1.00;0;19;0;10;8;23;0;0;0.00;296;53;20;-2972.55;0
402;16;5;Colonie humaine;Humains;0;0;42;2;28;2;0.75;2;1.00;10;19;0;17;7;19;0;0;0.00;251;238;20;-3173.21;0
402;16;6;Colonie naine;Nains;0;0;43;5;35;2;0.78;0;1.00;0;19;1;13;12;0;0;0;0.00;188;232;20;-2856.04;0
402;17;1;Première colonie;Humains;0;0;43;3;31;1;0.71;3;1.00;0;19;1;5;7;21;0;0;0.00;4;240;20;-2759.03;1
402;17;2;Colonie naine;Nains;0;0;26;0;15;1;0.68;2;1.00;0;19;0;0;9;8;0;0;0.00;857;46;20;-2031.38;0
402;17;3;Colonie elfe;Elfes;0;0;26;8;33;1;0.69;0;1.00;0;19;0;3;8;2;0;0;0.00;62;109;20;-2924.15;1
402;17;4;Colonie orque;Orques;0;0;21;1;20;1;0.78;0;1.00;0;19;0;11;8;24;0;0;0.00;181;125;20;-3136.12;0
402;17;5;Colonie humaine;Humains;0;0;41;2;28;2;0.75;1;1.00;10;19;0;18;7;21;0;0;0.00;410;223;20;-3363.50;0
402;17;6;Colonie naine;Nains;0;0;44;5;36;2;0.74;0;1.00;0;19;1;13;12;1;0;0;0.00;173;204;20;-3096.82;0
402;18;1;Première colonie;Humains;0;0;44;5;31;1;0.72;4;1.00;0;19;1;5;7;23;0;0;0.00;32;262;20;-2955.80;1
402;18;2;Colonie naine;Nains;0;0;26;0;16;1;0.66;2;1.00;0;19;0;0;9;10;0;0;0.00;797;87;20;-2031.38;0
402;18;3;Colonie elfe;Elfes;0;0;28;6;33;1;0.72;0;1.00;0;19;0;3;8;2;0;0;0.00;34;160;20;-3126.23;1
402;18;4;Colonie orque;Orques;0;0;21;2;20;1;0.69;0;1.00;0;19;0;12;8;27;0;0;0.00;98;70;20;-3260.00;0
402;18;5;Colonie humaine;Humains;0;0;45;3;28;2;0.75;5;1.00;10;19;0;20;7;23;0;0;0.00;309;230;20;-3558.62;0
402;18;6;Colonie naine;Nains;0;0;47;5;36;2;0.72;0;1.00;0;19;1;13;12;2;0;0;0.00;183;201;20;-3304.01;0
402;19;1;Première colonie;Humains;0;0;43;4;31;1;0.71;3;1.00;0;19;1;5;8;25;0;0;0.00;6;238;20;-3067.62;1
402;19;2;Colonie naine;Nains;0;0;25;0;16;1;0.71;1;1.00;0;19;0;0;9;12;0;0;0.00;674;92;20;-2031.38;0
402;19;3;Colonie elfe;Elfes;0;0;29;5;33;1;0.71;0;1.00;0;19;0;3;8;2;0;0;0.00;16;133;20;-3222.31;1
402;19;4;Colonie orque;Orques;0;0;20;3;20;1;0.64;0;1.00;0;19;0;8;8;29;0;0;0.00;335;68;20;-3444.92;0
402;19;5;Colonie humaine;Humains;0;0;43;2;28;2;0.74;3;1.00;10;19;0;21;7;25;0;0;0.00;484;210;20;-3773.32;0
402;19;6;Colonie naine;Nains;0;0;45;5;36;2;0.67;0;1.00;0;19;1;3;13;5;0;0;0.00;109;110;20;-3375.78;0
402;20;1;Première colonie;Humains;0;0;42;5;31;1;0.71;2;1.00;0;19;1;5;8;28;0;0;0.00;6;243;20;-3126.29;1
402;20;2;Colonie naine;Nains;0;0;26;1;16;1;0.66;2;1.00;0;19;0;0;9;12;0;0;0.00;682;60;20;-2169.17;0
402;20;3;Colonie elfe;Elfes;0;0;34;6;34;1;0.63;0;1.00;0;19;0;4;8;2;0;0;0.00;0;78;20;-3408.01;1
402;20;4;Colonie orque;Orques;0;0;19;0;20;1;0.62;0;1.00;0;19;0;8;8;31;0;0;0.00;256;48;20;-3678.54;0
402;20;5;Colonie humaine;Humains;0;0;41;4;28;2;0.73;2;1.00;10;19;0;22;7;29;0;0;0.00;533;185;20;-3933.95;0
402;20;6;Colonie naine;Nains;0;0;34;4;36;2;0.72;0;1.00;0;19;1;3;13;6;0;0;0.00;112;209;20;-3375.78;1
402;21;1;Première colonie;Humains;0;0;40;3;31;1;0.72;0;1.00;0;19;1;5;8;31;0;0;0.00;20;241;20;-3352.78;1
402;21;2;Colonie naine;Nains;0;0;26;1;16;1;0.68;2;1.00;0;19;0;0;9;14;0;0;0.00;670;115;20;-2169.17;0
402;21;3;Colonie elfe;Elfes;0;0;35;6;34;1;0.70;0;1.00;0;19;0;4;8;2;0;0;0.00;15;81;20;-3629.85;1
402;21;4;Colonie orque;Orques;0;0;20;1;20;1;0.64;0;1.00;0;19;0;7;8;32;0;0;0.00;93;58;20;-3811.24;0
402;21;5;Colonie humaine;Humains;0;0;39;3;28;2;0.77;0;1.00;10;19;0;22;7;34;0;0;0.00;716;208;20;-4198.43;0
402;21;6;Colonie naine;Nains;0;0;33;3;36;2;0.72;0;1.00;0;19;1;4;13;7;0;0;0.00;65;152;20;-3612.42;1
402;22;1;Première colonie;Humains;0;0;38;4;32;1;0.72;0;1.00;0;19;1;5;8;34;0;0;0.00;9;221;20;-3432.90;1
402;22;2;Colonie naine;Nains;0;0;26;2;16;1;0.68;2;1.00;0;19;0;0;9;15;0;0;0.00;416;119;20;-2330.84;0
402;22;3;Colonie elfe;Elfes;0;0;35;6;34;1;0.63;0;1.00;0;19;0;4;8;2;0;0;0.00;20;40;20;-3717.89;1
402;22;4;Colonie orque;Orques;0;0;19;1;20;1;0.65;0;1.00;0;19;0;11;8;35;0;0;0.00;96;47;20;-3976.91;0
402;22;5;Colonie humaine;Humains;0;0;39;5;28;2;0.74;1;1.00;10;19;0;22;7;37;0;0;0.00;927;186;20;-4426.92;0
402;22;6;Colonie naine;Nains;0;0;32;2;36;2;0.70;0;1.00;0;19;1;4;13;8;0;0;0.00;26;145;20;-3612.42;1
402;23;1;Première colonie;Humains;0;0;36;3;32;1;0.70;0;1.00;0;19;1;5;8;37;0;0;0.00;0;214;20;-3585.90;1
402;23;2;Colonie naine;Nains;0;0;26;2;16;1;0.70;2;1.00;0;19;0;0;9;16;0;0;0.00;418;141;20;-2525.16;0
402;23;3;Colonie elfe;Elfes;0;0;26;6;34;1;0.81;0;1.00;0;19;0;0;8;2;0;0;0.00;20;204;20;-3717.89;1
402;23;4;Colonie orque;Orques;0;0;18;0;20;1;0.72;0;1.00;0;19;0;15;8;38;0;0;0.00;190;77;20;-4141.53;0
402;23;5;Colonie humaine;Humains;0;0;38;4;27;1;0.74;2;1.00;10;19;0;22;7;40;0;0;0.00;890;196;20;-4618.83;0
402;23;6;Colonie naine;Nains;0;0;33;2;36;2;0.74;0;1.00;0;19;1;4;13;10;0;0;0.00;108;143;20;-3734.06;1
402;24;1;Première colonie;Humains;0;0;30;2;32;1;0.69;0;1.00;0;19;1;5;8;43;0;0;0.00;0;171;20;-3674.73;1
402;24;2;Colonie naine;Nains;0;0;24;3;15;1;0.69;0;1.00;0;19;0;0;9;20;0;0;0.00;357;131;20;-2759.05;0
402;24;3;Colonie elfe;Elfes;0;0;29;7;34;1;0.69;0;1.00;0;19;0;0;8;2;0;0;0.00;24;131;20;-3865.27;1
402;24;4;Colonie orque;Orques;0;0;15;1;20;1;0.80;0;1.00;0;19;0;18;8;43;0;0;0.00;203;68;20;-4184.80;0
402;24;5;Colonie humaine;Humains;0;0;34;3;27;1;0.76;0;1.00;10;19;0;22;7;47;0;0;0.00;938;195;20;-4767.26;0
402;24;6;Colonie naine;Nains;0;0;28;1;36;2;0.74;0;1.00;0;19;1;4;13;15;0;0;0.00;15;157;20;-3914.45;1
402;25;1;Première colonie;Humains;0;0;34;3;32;1;0.69;0;1.00;0;19;1;5;8;45;0;0;0.00;0;184;20;-3793.80;1
402;25;2;Colonie naine;Nains;0;0;25;4;15;1;0.67;1;1.00;0;19;0;0;9;20;0;0;0.00;245;116;20;-2856.19;0
402;25;3;Colonie elfe;Elfes;0;0;31;7;34;1;0.70;0;1.00;0;19;0;1;8;2;0;0;0.00;12;98;20;-4013.54;1
402;25;4;Colonie orque;Orques;0;0;19;1;20;1;0.74;0;1.00;0;19;0;18;8;44;0;0;0.00;237;119;20;-4450.34;0
402;25;5;Colonie humaine;Humains;0;0;35;2;27;1;0.77;0;1.00;10;19;0;22;7;51;0;0;0.00;749;185;20;-4929.39;0
402;25;6;Colonie naine;Nains;0;0;28;1;36;2;0.72;0;1.00;0;19;1;13;13;15;0;0;0.00;98;148;20;-4135.42;1
402;26;1;Première colonie;Humains;0;0;32;3;32;1;0.76;0;1.00;0;19;1;5;8;48;0;0;0.00;17;177;20;-3932.51;1
402;26;2;Colonie naine;Nains;0;0;24;3;15;1;0.70;0;1.00;0;19;0;0;9;22;0;0;0.00;257;118;20;-2972.70;0
402;26;3;Colonie elfe;Elfes;0;0;31;5;34;1;0.71;0;1.00;0;19;0;1;8;2;0;0;0.00;12;133;20;-4050.14;1
402;26;4;Colonie orque;Orques;0;0;17;0;20;1;0.79;0;1.00;0;19;0;18;8;47;0;0;0.00;477;91;20;-4750.44;0
402;26;5;Colonie humaine;Humains;0;0;37;1;27;1;0.76;1;1.00;10;19;0;22;7;52;0;0;0.00;570;217;20;-5211.99;0
402;26;6;Colonie naine;Nains;0;0;28;1;36;2;0.77;0;1.00;0;19;1;13;13;16;0;0;0.00;191;164;20;-4341.81;1
402;27;1;Première colonie;Humains;0;0;34;5;32;1;0.71;0;1.00;0;19;1;5;8;50;0;0;0.00;12;216;20;-4043.01;1
402;27;2;Colonie naine;Nains;0;0;27;3;15;1;0.70;3;1.00;0;19;0;0;9;23;0;0;0.00;144;137;20;-3145.31;0
402;27;3;Colonie elfe;Elfes;0;0;31;4;34;1;0.69;0;1.00;0;19;0;1;8;2;0;0;0.00;73;91;20;-4395.92;1
402;27;4;Colonie orque;Orques;0;0;19;0;20;1;0.75;0;1.00;0;19;0;18;8;47;0;0;0.00;415;116;20;-4956.43;0
402;27;5;Colonie humaine;Humains;0;0;39;4;27;1;0.75;3;1.00;20;19;0;22;7;56;0;0;0.00;505;211;20;-5446.19;0
402;27;6;Colonie naine;Nains;0;0;29;1;36;2;0.71;0;1.00;0;19;1;13;13;18;0;0;0.00;326;168;20;-4549.54;1
402;28;1;Première colonie;Humains;0;0;38;6;32;1;0.73;0;1.00;0;19;1;5;8;51;0;0;0.00;12;223;20;-4099.51;1
402;28;2;Colonie naine;Nains;0;0;27;3;14;1;0.68;7;1.00;0;19;0;0;9;24;0;0;0.00;108;103;20;-3250.45;0
402;28;3;Colonie elfe;Elfes;0;0;31;4;34;1;0.69;0;1.00;0;19;0;1;8;2;0;0;0.00;40;97;20;-4487.40;1
402;28;4;Colonie orque;Orques;0;0;19;0;20;1;0.74;0;1.00;0;19;0;20;8;49;0;0;0.00;641;119;20;-5122.01;0
402;28;5;Colonie humaine;Humains;0;0;42;6;28;2;0.72;2;1.00;20;19;0;22;7;57;0;0;0.00;335;214;20;-5638.73;0
402;28;6;Colonie naine;Nains;0;0;32;3;36;2;0.70;0;1.00;0;19;1;13;13;19;0;0;0.00;214;203;20;-4744.82;1
402;29;1;Première colonie;Humains;0;0;37;8;32;1;0.71;0;1.00;0;19;1;5;8;55;0;0;0.00;13;200;20;-4290.98;1
402;29;2;Colonie naine;Nains;0;0;27;3;14;1;0.67;6;1.00;0;19;0;0;9;24;0;0;0.00;120;95;20;-3250.45;0
402;29;3;Colonie elfe;Elfes;0;0;31;4;35;2;0.68;0;1.00;0;19;0;1;8;2;0;0;0.00;4;83;20;-4607.18;1
402;29;4;Colonie orque;Orques;0;0;19;1;20;1;0.72;0;1.00;0;19;0;20;8;53;0;0;0.00;236;73;20;-5251.77;0
402;29;5;Colonie humaine;Humains;0;0;43;8;28;2;0.77;3;1.00;20;19;0;22;8;60;0;0;0.00;744;223;20;-5759.15;0
402;29;6;Colonie naine;Nains;0;0;34;2;36;2;0.77;0;1.00;0;19;1;13;13;19;0;0;0.00;268;197;20;-4990.42;1
402;30;1;Première colonie;Humains;0;0;38;8;32;1;0.70;0;1.00;0;19;1;5;8;57;0;0;0.00;13;214;20;-4368.07;1
402;30;2;Colonie naine;Nains;0;0;27;2;13;1;0.68;7;1.00;0;19;0;0;9;24;0;0;0.00;66;87;20;-3313.09;0
402;30;3;Colonie elfe;Elfes;0;0;31;4;36;2;0.66;0;1.00;0;19;0;1;9;2;0;0;0.00;2;47;20;-4660.53;1
402;30;4;Colonie orque;Orques;0;0;19;0;20;1;0.75;0;1.00;0;19;0;21;8;55;0;0;0.00;309;87;20;-5425.05;0
402;30;5;Colonie humaine;Humains;0;0;45;7;29;2;0.74;5;1.00;20;19;0;22;8;62;0;0;0.00;561;272;20;-5989.40;0
402;30;6;Colonie naine;Nains;0;0;36;3;36;2;0.68;0;1.00;0;19;1;13;13;19;0;0;0.00;421;188;20;-5222.49;1
402;31;1;Première colonie;Humains;0;0;41;6;32;1;0.71;0;1.00;0;19;1;5;8;58;0;0;0.00;14;249;20;-4513.46;1
402;31;2;Colonie naine;Nains;0;0;26;1;12;1;0.72;10;1.00;0;19;0;0;9;25;0;0;0.00;89;101;20;-3367.40;0
402;31;3;Colonie elfe;Elfes;0;0;31;4;36;2;0.68;0;1.00;0;19;0;1;9;2;0;0;0.00;2;98;20;-4775.03;1
402;31;4;Colonie orque;Orques;0;0;20;1;20;1;0.78;0;1.00;0;19;0;21;8;57;0;0;0.00;289;105;20;-5775.66;0
402;31;5;Colonie humaine;Humains;0;0;45;6;29;2;0.71;5;1.00;20;19;0;22;8;64;0;0;0.00;441;250;20;-6242.73;0
402;31;6;Colonie naine;Nains;0;0;36;3;36;2;0.76;0;1.00;0;19;1;13;13;20;0;0;0.00;624;195;20;-5432.49;1
402;32;1;Première colonie;Humains;0;0;43;5;32;1;0.72;0;1.00;0;19;1;6;8;59;0;0;0.00;2;265;20;-4599.88;1
402;32;2;Colonie naine;Nains;0;0;26;1;12;1;0.70;10;1.00;0;19;0;0;9;25;0;0;0.00;1;99;20;-3462.51;0
402;32;3;Colonie elfe;Elfes;0;0;31;2;38;2;0.67;0;1.00;0;19;0;1;9;2;0;0;0.00;6;70;20;-4919.04;1
402;32;4;Colonie orque;Orques;0;0;24;2;20;1;0.74;0;1.00;0;19;0;21;8;58;0;0;0.00;257;157;20;-5980.81;0
402;32;5;Colonie humaine;Humains;0;0;44;4;29;2;0.71;4;1.00;20;19;0;22;8;67;0;0;0.00;497;256;20;-6464.21;0
402;32;6;Colonie naine;Nains;0;0;38;5;36;2;0.71;0;1.00;0;19;1;13;13;21;0;0;0.00;681;243;20;-5614.28;1
402;33;1;Première colonie;Humains;0;0;45;3;32;1;0.71;1;1.00;0;19;1;7;8;61;0;0;0.00;9;258;20;-4631.79;1
402;33;2;Colonie naine;Nains;0;0;26;1;11;1;0.68;14;1.00;0;19;0;0;9;25;0;0;0.00;46;104;20;-3462.51;0
402;33;3;Colonie elfe;Elfes;0;0;31;2;38;2;0.70;0;1.00;0;19;0;1;9;3;0;0;0.00;3;91;20;-4992.47;1
402;33;4;Colonie orque;Orques;0;0;22;1;20;1;0.78;0;1.00;0;19;0;21;8;62;0;0;0.00;299;121;20;-6190.65;0
402;33;5;Colonie humaine;Humains;0;0;43;2;29;2;0.69;3;1.00;20;19;0;22;8;69;0;0;0.00;518;248;20;-6652.92;0
402;33;6;Colonie naine;Nains;0;0;41;6;36;2;0.72;0;1.00;0;19;1;13;13;21;0;0;0.00;502;255;20;-5972.45;1
402;34;1;Première colonie;Humains;0;0;47;5;32;1;0.70;3;1.00;0;19;1;8;9;64;0;0;0.00;8;222;20;-4826.52;1
402;34;2;Colonie naine;Nains;0;0;26;0;11;1;0.71;14;1.00;0;19;0;0;9;25;0;0;0.00;23;105;20;-3521.12;0
402;34;3;Colonie elfe;Elfes;0;0;30;2;38;2;0.67;0;1.00;0;19;0;1;9;4;0;0;0.00;3;72;20;-5053.52;1
402;34;4;Colonie orque;Orques;0;0;18;0;20;1;0.78;0;1.00;0;19;0;22;8;67;0;0;0.00;303;84;20;-6434.29;0
402;34;5;Colonie humaine;Humains;0;0;42;1;29;2;0.75;3;1.00;20;19;0;22;8;71;0;0;0.00;513;260;20;-6855.12;0
402;34;6;Colonie naine;Nains;0;0;42;6;35;2;0.72;0;1.00;0;19;1;13;13;22;0;0;0.00;465;246;20;-6223.09;1
402;35;1;Première colonie;Humains;0;0;45;5;32;1;0.71;1;1.00;0;19;1;8;10;68;0;0;0.00;8;219;20;-4873.96;1
402;35;2;Colonie naine;Nains;0;0;26;0;11;1;0.70;13;1.00;0;19;0;0;9;25;0;0;0.00;76;107;20;-3574.96;0
402;35;3;Colonie elfe;Elfes;0;0;30;2;39;2;0.69;0;1.00;0;19;0;1;9;4;0;0;0.00;3;125;20;-5104.50;1
402;35;4;Colonie orque;Orques;0;0;19;0;20;1;0.75;0;1.00;0;19;0;23;8;68;0;0;0.00;332;114;20;-6589.98;0
402;35;5;Colonie humaine;Humains;0;0;38;2;31;3;0.76;0;1.00;30;19;0;22;8;77;0;0;0.00;429;254;20;-7099.40;0
402;35;6;Colonie naine;Nains;0;0;46;8;35;2;0.70;0;1.00;0;19;1;13;13;22;0;0;0.00;548;133;20;-6437.82;1
402;36;1;Première colonie;Humains;0;0;47;7;32;1;0.72;3;1.00;0;19;1;9;10;70;0;0;0.00;8;291;20;-5058.65;1
402;36;2;Colonie naine;Nains;0;0;23;0;11;1;0.70;11;1.00;0;19;0;0;9;28;0;0;0.00;76;120;20;-3639.53;0
402;36;3;Colonie elfe;Elfes;0;0;30;1;39;2;0.71;0;1.00;0;19;0;1;9;4;0;0;0.00;7;102;20;-5230.45;1
402;36;4;Colonie orque;Orques;0;0;25;3;20;1;0.77;1;1.00;0;19;0;23;8;70;0;0;0.00;1;121;20;-6756.34;0
402;36;5;Colonie humaine;Humains;0;0;37;2;31;3;0.78;0;1.00;30;19;0;22;9;79;0;0;0.00;1239;214;20;-7304.89;0
402;36;6;Colonie naine;Nains;0;0;48;8;35;2;0.70;0;1.00;0;19;1;13;13;22;0;0;0.00;46;170;20;-6649.67;1
402;37;1;Première colonie;Humains;0;0;47;4;32;1;0.72;3;1.00;0;19;1;10;10;72;0;0;0.00;13;254;20;-5147.66;1
402;37;2;Colonie naine;Nains;0;0;22;0;11;1;0.67;10;1.00;0;19;0;0;9;29;0;0;0.00;5;129;20;-3639.53;0
402;37;3;Colonie elfe;Elfes;0;0;29;1;39;2;0.71;0;1.00;0;19;0;1;9;5;0;0;0.00;18;128;20;-5369.62;1
402;37;4;Colonie orque;Orques;0;0;24;3;20;1;0.73;0;1.00;0;19;0;24;8;74;0;0;0.00;190;120;20;-6912.63;0
402;37;5;Colonie humaine;Humains;0;0;38;1;31;3;0.72;0;1.00;30;19;0;22;9;82;0;0;0.00;1121;192;20;-7528.76;0
402;37;6;Colonie naine;Nains;0;0;49;9;35;2;0.69;0;1.00;0;19;1;4;13;22;0;0;0.00;20;171;20;-6736.35;1
402;38;1;Première colonie;Humains;0;0;47;5;32;1;0.71;3;1.00;0;19;1;10;10;76;0;0;0.00;19;244;20;-5245.06;1
402;38;2;Colonie naine;Nains;0;0;21;0;11;1;0.70;9;1.00;0;19;0;0;9;30;0;0;0.00;1;129;20;-3792.68;0
402;38;3;Colonie elfe;Elfes;0;0;30;2;39;2;0.69;0;1.00;0;19;0;1;9;5;0;0;0.00;7;135;20;-5548.48;1
402;38;4;Colonie orque;Orques;0;0;20;0;20;1;0.79;0;1.00;0;19;0;26;8;78;0;0;0.00;257;102;20;-7057.31;0
402;38;5;Colonie humaine;Humains;0;0;35;0;33;3;0.74;0;1.00;30;19;0;22;9;86;0;0;0.00;1051;178;20;-7746.00;0
402;38;6;Colonie naine;Nains;0;0;47;8;35;2;0.63;0;1.00;0;19;1;3;13;24;0;0;0.00;20;71;20;-6799.19;1
402;39;1;Première colonie;Humains;0;0;47;6;33;1;0.72;0;1.00;0;19;1;10;10;80;0;0;0.00;19;252;20;-5381.35;1
402;39;2;Colonie naine;Nains;0;0;21;0;11;1;0.68;9;1.00;0;19;0;0;9;30;0;0;0.00;1;123;20;-3988.72;0
402;39;3;Colonie elfe;Elfes;0;0;30;2;39;2;0.67;0;1.00;0;19;0;1;9;5;0;0;0.00;26;156;20;-5739.91;1
402;39;4;Colonie orque;Orques;0;0;20;1;20;1;0.76;0;1.00;0;19;0;26;8;79;0;0;0.00;204;105;20;-7296.33;0
402;39;5;Colonie humaine;Humains;0;0;38;1;33;3;0.74;0;1.00;30;19;0;22;9;89;0;0;0.00;859;224;20;-8038.75;0
402;39;6;Colonie naine;Nains;0;0;35;7;34;2;0.72;0;1.00;0;19;1;3;13;24;0;0;0.00;13;162;20;-6799.19;1
402;40;1;Première colonie;Humains;0;0;49;9;34;1;0.72;0;1.00;0;19;1;10;10;82;0;0;0.00;4;261;20;-5470.53;1
402;40;2;Colonie naine;Nains;0;0;21;0;10;1;0.71;9;1.00;0;19;0;0;9;30;0;0;0.00;19;131;20;-4090.36;0
402;40;3;Colonie elfe;Elfes;0;0;30;2;39;2;0.66;0;1.00;0;19;0;1;9;5;0;0;0.00;23;124;20;-5828.52;1
402;40;4;Colonie orque;Orques;0;0;19;2;20;1;0.75;0;1.00;0;19;0;26;8;82;0;0;0.00;289;117;20;-7452.54;0
402;40;5;Colonie humaine;Humains;0;0;40;3;33;3;0.76;2;1.00;30;19;0;22;9;89;0;0;0.00;882;214;20;-8227.29;0
402;40;6;Colonie naine;Nains;0;0;34;5;35;2;0.73;0;1.00;0;19;1;4;13;25;0;0;0.00;15;182;20;-6796.72;1
402;41;1;Première colonie;Humains;0;0;53;10;34;1;0.73;1;1.00;0;19;1;10;10;83;0;0;0.00;4;317;20;-5534.17;1
402;41;2;Colonie naine;Nains;0;0;21;0;10;1;0.67;9;1.00;0;19;0;0;9;30;0;0;0.00;3;132;20;-4262.22;0
402;41;3;Colonie elfe;Elfes;0;0;34;2;40;3;0.69;0;1.00;0;19;0;1;9;5;0;0;0.00;3;149;20;-5828.52;1
402;41;4;Colonie orque;Orques;0;0;15;1;20;1;0.78;0;1.00;0;19;0;26;8;86;0;0;0.00;479;94;20;-7660.43;0
402;41;5;Colonie humaine;Humains;0;0;39;5;33;3;0.75;1;1.00;30;19;0;22;9;93;0;0;0.00;707;203;20;-8413.19;0
402;41;6;Colonie naine;Nains;0;0;33;3;35;2;0.71;0;1.00;0;19;1;4;13;26;0;0;0.00;12;157;20;-7055.52;1
402;42;1;Première colonie;Humains;0;0;55;11;34;1;0.73;3;1.00;0;19;1;10;10;86;0;0;0.00;5;244;20;-5547.89;1
402;42;2;Colonie naine;Nains;0;0;21;0;10;1;0.67;9;1.00;0;19;0;0;9;30;0;0;0.00;10;124;20;-4326.42;0
402;42;3;Colonie elfe;Elfes;0;0;35;2;40;3;0.65;0;1.00;0;19;0;1;10;6;0;0;0.00;3;132;20;-5992.57;1
402;42;4;Colonie orque;Orques;0;0;13;0;20;1;0.79;0;1.00;0;19;0;26;8;89;0;0;0.00;494;60;20;-7873.68;0
402;42;5;Colonie humaine;Humains;0;0;41;8;33;3;0.73;3;1.00;30;19;0;22;9;95;0;0;0.00;507;207;20;-8641.38;0
402;42;6;Colonie naine;Nains;0;0;32;2;35;2;0.70;0;1.00;0;19;1;7;13;27;0;0;0.00;103;159;20;-7214.16;1
402;43;1;Première colonie;Humains;0;0;54;8;34;1;0.73;2;1.00;0;19;1;12;10;87;0;0;0.00;4;314;20;-5723.36;1
402;43;2;Colonie naine;Nains;0;0;18;0;10;1;0.69;6;1.00;0;19;0;0;9;33;0;0;0.00;39;98;20;-4524.28;0
402;43;3;Colonie elfe;Elfes;0;0;34;2;40;3;0.68;0;1.00;0;19;0;1;10;7;0;0;0.00;3;174;20;-6099.22;1
402;43;4;Colonie orque;Orques;0;0;10;0;20;1;0.78;0;1.00;0;19;0;26;8;92;0;0;0.00;612;90;20;-8173.00;0
402;43;5;Colonie humaine;Humains;0;0;40;7;33;3;0.74;2;1.00;30;19;0;22;9;98;0;0;0.00;466;224;20;-8812.37;0
402;43;6;Colonie naine;Nains;0;0;33;1;35;2;0.70;0;1.00;0;19;1;3;13;28;0;0;0.00;110;175;20;-7340.34;1
402;44;1;Première colonie;Humains;0;0;55;7;34;1;0.72;3;1.00;0;19;1;15;10;90;0;0;0.00;19;317;20;-5793.05;1
402;44;2;Colonie naine;Nains;0;0;16;0;11;1;0.63;4;1.00;0;19;0;0;9;35;0;0;0.00;79;84;20;-4700.75;0
402;44;3;Colonie elfe;Elfes;0;0;37;5;41;3;0.71;0;1.00;0;19;0;1;10;7;0;0;0.00;3;165;20;-6328.23;1
402;44;4;Colonie orque;Orques;0;0;11;0;20;1;0.79;0;1.00;0;19;0;26;8;94;0;0;0.00;451;60;20;-8404.52;0
402;44;5;Colonie humaine;Humains;0;0;40;6;33;3;0.76;3;1.00;30;19;0;22;9;99;0;0;0.00;595;228;20;-9001.12;0
402;44;6;Colonie naine;Nains;0;0;32;0;35;2;0.71;0;1.00;0;19;1;4;13;29;0;0;0.00;40;161;20;-7340.34;1
402;45;1;Première colonie;Humains;0;0;56;5;34;1;0.73;4;1.00;0;19;1;19;10;93;0;0;0.00;7;327;20;-5946.59;1
402;45;2;Colonie naine;Nains;0;0;15;0;11;1;0.68;3;1.00;0;19;0;0;9;36;0;0;0.00;70;66;20;-4739.18;0
402;45;3;Colonie elfe;Elfes;0;0;37;4;41;3;0.68;0;1.00;0;19;0;1;10;8;0;0;0.00;3;116;20;-6481.65;1
402;45;4;Colonie orque;Orques;0;0;11;0;20;1;0.78;0;1.00;0;19;0;26;8;95;0;0;0.00;591;78;20;-8672.09;0
402;45;5;Colonie humaine;Humains;0;0;37;3;33;3;0.77;1;1.00;30;19;0;22;9;103;0;0;0.00;594;222;20;-9214.68;0
402;45;6;Colonie naine;Nains;0;0;33;0;35;2;0.74;0;1.00;0;19;1;4;13;30;0;0;0.00;39;180;20;-7490.51;1
402;46;1;Première colonie;Humains;0;0;55;7;34;1;0.71;3;1.00;0;19;1;19;10;98;0;0;0.00;5;327;20;-6049.82;1
402;46;2;Colonie naine;Nains;0;0;13;0;11;1;0.69;1;1.00;0;19;0;0;9;39;0;0;0.00;16;59;20;-4773.29;0
402;46;3;Colonie elfe;Elfes;0;0;37;5;41;3;0.61;0;1.00;0;19;0;1;10;9;0;0;0.00;18;114;20;-6754.46;1
402;46;4;Colonie orque;Orques;0;0;10;0;20;1;0.73;0;1.00;0;19;0;26;8;96;0;0;0.00;684;72;20;-8895.77;0
402;46;5;Colonie humaine;Humains;0;0;39;3;33;3;0.78;3;1.00;30;19;0;22;9;104;0;0;0.00;427;226;20;-9417.90;0
402;46;6;Colonie naine;Nains;0;0;37;2;35;2;0.72;0;1.00;0;19;1;13;13;31;0;0;0.00;44;227;20;-7702.70;1
402;47;1;Première colonie;Humains;0;0;50;4;34;1;0.71;0;1.00;0;19;1;19;10;104;0;0;0.00;7;296;20;-6078.71;1
402;47;2;Colonie naine;Nains;0;0;13;0;11;1;0.70;1;1.00;0;19;0;0;9;41;0;0;0.00;0;63;20;-4911.76;0
402;47;3;Colonie elfe;Elfes;0;0;20;5;41;3;0.71;0;1.00;0;19;0;1;10;9;0;0;0.00;22;116;20;-6782.11;1
402;47;4;Colonie orque;Orques;0;0;10;0;20;1;0.76;0;1.00;0;19;0;26;8;96;0;0;0.00;773;63;20;-9124.80;0
402;47;5;Colonie humaine;Humains;0;0;35;3;33;3;0.74;0;1.00;30;19;0;22;9;109;0;0;0.00;410;195;20;-9642.25;0
402;47;6;Colonie naine;Nains;0;0;37;2;35;2;0.70;0;1.00;0;19;1;13;13;33;0;0;0.00;11;222;20;-7869.07;1
402;48;1;Première colonie;Humains;0;0;58;7;34;1;0.73;6;1.00;0;19;1;20;10;105;0;0;0.00;7;339;20;-6236.37;1
402;48;2;Colonie naine;Nains;0;0;15;0;11;1;0.72;3;1.00;0;19;0;0;9;42;0;0;0.00;51;93;20;-5048.58;0
402;48;3;Colonie elfe;Elfes;0;0;22;6;41;3;0.72;0;1.00;0;19;0;1;10;9;0;0;0.00;22;150;20;-7068.31;1
402;48;4;Colonie orque;Orques;0;0;7;0;20;1;0.71;0;1.00;0;19;0;26;8;99;0;0;0.00;793;85;20;-9124.80;0
402;48;5;Colonie humaine;Humains;0;0;34;4;33;3;0.79;0;1.00;30;19;0;22;9;113;0;0;0.00;411;187;20;-9904.90;0
402;48;6;Colonie naine;Nains;0;0;37;3;35;2;0.75;0;1.00;0;19;1;13;13;34;0;0;0.00;37;227;20;-8177.47;1
402;49;1;Première colonie;Humains;0;0;56;6;34;1;0.70;4;1.00;0;19;1;21;11;109;0;0;0.00;7;253;20;-6387.02;1
402;49;2;Colonie naine;Nains;0;0;16;1;11;1;0.72;2;1.00;0;19;0;0;9;42;0;0;0.00;110;86;20;-5160.44;0
402;49;3;Colonie elfe;Elfes;0;0;26;6;41;3;0.72;0;1.00;0;19;0;6;10;9;0;0;0.00;14;135;20;-7263.75;1
402;49;4;Colonie orque;Orques;0;0;7;0;20;1;0.83;0;1.00;0;19;0;26;8;101;0;0;0.00;795;77;20;-9124.80;0
402;49;5;Colonie humaine;Humains;0;0;37;4;33;3;0.74;1;1.00;30;19;0;22;9;114;0;0;0.00;220;208;20;-10106.16;0
402;49;6;Colonie naine;Nains;0;0;37;3;35;2;0.70;0;1.00;0;19;1;13;13;35;0;0;0.00;136;194;20;-8276.53;1
402;50;1;Première colonie;Humains;0;0;54;7;34;1;0.71;2;1.00;0;19;1;21;11;112;0;0;0.00;7;287;20;-6521.54;1
402;50;2;Colonie naine;Nains;0;0;15;1;10;1;0.72;3;1.00;0;19;0;0;9;44;0;0;0.00;107;83;20;-5313.85;0
402;50;3;Colonie elfe;Elfes;0;0;27;7;41;3;0.70;0;1.00;0;19;0;9;10;10;0;0;0.00;22;170;20;-7443.22;1
402;50;4;Colonie orque;Orques;0;0;7;0;20;1;0.68;0;1.00;0;19;0;26;8;102;0;0;0.00;844;58;20;-9361.62;0
402;50;5;Colonie humaine;Humains;0;0;35;4;33;3;0.73;0;1.00;30;19;0;22;9;119;0;0;0.00;237;242;20;-10142.83;0
402;50;6;Colonie naine;Nains;0;0;37;4;35;2;0.72;0;1.00;0;19;1;14;13;37;0;0;0.00;40;202;20;-8615.54;1
402;51;1;Première colonie;Humains;0;0;57;3;34;1;0.70;5;1.00;0;19;1;21;11;113;0;0;0.00;61;281;20;-6620.99;1
402;51;2;Colonie naine;Nains;0;0;14;1;10;1;0.72;2;1.00;0;19;0;0;9;46;0;0;0.00;7;79;20;-5428.57;0
402;51;3;Colonie elfe;Elfes;0;0;29;8;41;3;0.72;0;1.00;0;19;0;9;10;10;0;0;0.00;159;150;20;-7618.60;1
402;51;4;Colonie orque;Orques;0;0;9;0;20;1;0.72;0;1.00;0;19;0;26;8;105;0;0;0.00;755;98;20;-9544.71;0
402;51;5;Colonie humaine;Humains;0;0;37;3;33;3;0.75;1;1.00;30;19;0;22;9;124;0;0;0.00;166;227;20;-10250.69;0
402;51;6;Colonie naine;Nains;0;0;39;5;35;2;0.75;0;1.00;0;19;1;14;13;37;0;0;0.00;19;236;20;-8669.57;1
402;52;1;Première colonie;Humains;0;0;55;2;35;1;0.71;0;1.00;0;19;1;21;11;115;0;0;0.00;20;283;20;-6818.59;1
402;52;2;Colonie naine;Nains;0;0;13;0;11;1;0.76;1;1.00;0;19;0;0;9;47;0;0;0.00;3;64;20;-5618.95;0
402;52;3;Colonie elfe;Elfes;0;0;27;8;41;3;0.71;0;1.00;0;19;0;9;10;12;0;0;0.00;42;165;20;-7734.52;1
402;52;4;Colonie orque;Orques;0;0;9;0;20;1;0.77;0;1.00;0;19;0;26;8;105;0;0;0.00;853;58;20;-9782.53;0
402;52;5;Colonie humaine;Humains;0;0;40;6;33;3;0.72;4;1.00;30;19;0;22;9;125;0;0;0.00;14;246;20;-10368.83;0
402;52;6;Colonie naine;Nains;0;0;39;4;35;2;0.72;0;1.00;0;19;1;14;13;38;0;0;0.00;33;262;20;-9067.24;1
402;53;1;Première colonie;Humains;0;0;54;2;35;1;0.73;0;1.00;0;19;1;21;11;118;0;0;0.00;19;308;20;-7000.85;1
402;53;2;Colonie naine;Nains;0;0;15;2;11;1;0.71;3;1.00;0;19;0;0;9;47;0;0;0.00;142;80;20;-5745.70;0
402;53;3;Colonie elfe;Elfes;0;0;27;8;42;3;0.72;0;1.00;0;19;0;9;10;12;0;0;0.00;22;144;20;-7953.22;1
402;53;4;Colonie orque;Orques;0;0;10;0;20;1;0.77;0;1.00;0;19;0;26;8;105;0;0;0.00;929;81;20;-10033.09;0
402;53;5;Colonie humaine;Humains;0;0;44;9;33;3;0.75;8;1.00;30;19;0;22;9;125;0;0;0.00;1;313;20;-10428.63;0
402;53;6;Colonie naine;Nains;0;0;40;4;35;2;0.72;0;1.00;0;19;1;14;13;40;0;0;0.00;54;252;20;-9321.66;1
402;54;1;Première colonie;Humains;0;0;51;3;35;1;0.75;0;1.00;0;19;1;21;11;123;0;0;0.00;1;322;20;-7089.04;1
402;54;2;Colonie naine;Nains;0;0;15;2;11;1;0.70;3;1.00;0;19;0;0;9;47;0;0;0.00;41;89;20;-5986.90;0
402;54;3;Colonie elfe;Elfes;0;0;28;8;42;3;0.71;0;1.00;0;19;0;9;10;12;0;0;0.00;4;164;20;-8067.19;1
402;54;4;Colonie orque;Orques;0;0;9;0;20;1;0.74;0;1.00;0;19;0;26;8;107;0;0;0.00;962;44;20;-10259.13;0
402;54;5;Colonie humaine;Humains;0;0;45;10;33;3;0.74;9;1.00;30;19;0;22;9;126;0;0;0.00;14;269;20;-10573.76;0
402;54;6;Colonie naine;Nains;0;0;40;6;35;2;0.72;0;1.00;0;19;1;14;13;44;0;0;0.00;42;231;20;-9468.13;1
402;55;1;Première colonie;Humains;0;0;55;8;35;1;0.73;0;1.00;0;19;1;21;11;124;0;0;0.00;10;282;20;-7220.28;1
402;55;2;Colonie naine;Nains;0;0;15;3;11;1;0.64;3;1.00;0;19;0;0;9;48;0;0;0.00;93;65;20;-6198.03;0
402;55;3;Colonie elfe;Elfes;0;0;33;11;43;3;0.72;0;1.00;0;19;0;9;10;12;0;0;0.00;112;185;20;-8158.76;1
402;55;4;Colonie orque;Orques;0;0;12;0;20;1;0.74;0;1.00;0;19;0;26;8;108;0;0;0.00;772;58;20;-10553.88;0
402;55;5;Colonie humaine;Humains;0;0;45;7;33;3;0.74;9;1.00;30;19;0;22;9;127;0;0;0.00;6;287;20;-10756.14;0
402;55;6;Colonie naine;Nains;0;0;44;6;35;2;0.71;0;1.00;0;19;1;14;13;45;0;0;0.00;43;165;20;-9830.62;1
402;56;1;Première colonie;Humains;0;0;56;8;35;1;0.74;0;1.00;0;19;1;21;11;126;0;0;0.00;21;314;20;-7304.79;1
402;56;2;Colonie naine;Nains;0;0;16;3;11;1;0.69;4;1.00;0;19;0;0;9;48;0;0;0.00;3;83;20;-6354.69;0
402;56;3;Colonie elfe;Elfes;0;0;36;9;43;3;0.75;0;1.00;0;19;0;9;10;12;0;0;0.00;48;207;20;-8198.67;1
402;56;4;Colonie orque;Orques;0;0;11;1;20;1;0.75;0;1.00;0;19;0;26;8;110;0;0;0.00;966;89;20;-10717.28;0
402;56;5;Colonie humaine;Humains;0;0;45;4;33;3;0.74;9;1.00;30;19;0;22;9;128;0;0;0.00;11;297;20;-10895.87;0
402;56;6;Colonie naine;Nains;0;0;44;5;35;2;0.68;0;1.00;0;19;1;4;13;45;0;0;0.00;61;121;20;-9830.62;1
402;57;1;Première colonie;Humains;0;0;55;8;35;1;0.73;0;1.00;0;19;1;22;11;132;0;0;0.00;6;263;20;-7371.33;1
402;57;2;Colonie naine;Nains;0;0;17;3;14;1;0.67;0;1.00;0;19;0;0;9;49;0;0;0.00;65;62;20;-6485.89;0
402;57;3;Colonie elfe;Elfes;0;0;38;10;46;3;0.73;0;1.00;0;19;0;9;10;12;0;0;0.00;1;222;20;-8305.31;1
402;57;4;Colonie orque;Orques;0;0;12;2;20;1;0.77;0;1.00;0;19;0;26;8;113;0;0;0.00;909;70;20;-10953.03;0
402;57;5;Colonie humaine;Humains;0;0;45;3;33;3;0.73;9;1.00;30;19;0;22;9;129;0;0;0.00;5;306;20;-11061.37;0
402;57;6;Colonie naine;Nains;0;0;40;5;35;2;0.67;0;1.00;0;19;1;4;13;45;0;0;0.00;98;177;20;-9956.22;1
402;58;1;Première colonie;Humains;0;0;59;6;35;1;0.71;3;1.00;0;19;1;25;11;133;0;0;0.00;21;191;20;-7569.56;1
402;58;2;Colonie naine;Nains;0;0;18;4;14;1;0.69;0;1.00;0;19;0;0;9;50;0;0;0.00;41;85;20;-6660.11;0
402;58;3;Colonie elfe;Elfes;0;0;39;9;46;3;0.72;0;1.00;0;19;0;9;10;12;0;0;0.00;10;250;20;-8465.96;1
402;58;4;Colonie orque;Orques;0;0;14;1;20;1;0.77;0;1.00;0;19;0;27;8;113;0;0;0.00;946;82;20;-11288.29;0
402;58;5;Colonie humaine;Humains;0;0;46;3;33;3;0.72;10;1.00;30;19;0;22;9;129;0;0;0.00;4;309;20;-11182.72;0
402;58;6;Colonie naine;Nains;0;0;41;5;35;2;0.66;0;1.00;0;19;1;4;13;45;0;0;0.00;23;98;20;-10166.00;1
402;59;1;Première colonie;Humains;0;0;55;6;36;1;0.72;0;1.00;0;19;1;27;11;139;0;0;0.00;10;221;20;-7674.50;1
402;59;2;Colonie naine;Nains;0;0;20;2;14;1;0.69;0;1.00;0;19;0;0;9;50;0;0;0.00;94;114;20;-6888.40;0
402;59;3;Colonie elfe;Elfes;0;0;43;10;48;3;0.72;0;1.00;0;19;0;9;11;12;0;0;0.00;13;224;20;-8583.03;1
402;59;4;Colonie orque;Orques;0;0;16;0;20;1;0.79;0;1.00;0;19;0;27;8;114;0;0;0.00;743;113;20;-11489.22;0
402;59;5;Colonie humaine;Humains;0;0;46;3;34;4;0.74;6;1.00;30;19;0;22;9;130;0;0;0.00;23;301;20;-11333.74;0
402;59;6;Colonie naine;Nains;0;0;39;5;35;2;0.69;0;1.00;0;19;1;4;13;47;0;0;0.00;55;120;20;-10266.54;1
402;60;1;Première colonie;Humains;0;0;55;5;36;1;0.73;0;1.00;0;19;1;28;11;143;0;0;0.00;2;289;20;-7826.40;1
402;60;2;Colonie naine;Nains;0;0;24;4;14;1;0.69;4;1.00;0;19;0;1;9;50;0;0;0.00;52;115;20;-7104.69;0
402;60;3;Colonie elfe;Elfes;0;0;44;10;48;3;0.72;0;1.00;0;19;0;9;11;13;0;0;0.00;7;212;20;-8737.42;1
402;60;4;Colonie orque;Orques;0;0;18;1;20;1;0.78;0;1.00;0;19;0;27;8;115;0;0;0.00;863;114;20;-11775.00;0
402;60;5;Colonie humaine;Humains;0;0;39;3;34;4;0.73;0;1.00;30;19;0;22;10;138;0;0;0.00;0;257;20;-11532.06;0
402;60;6;Colonie naine;Nains;0;0;39;4;36;3;0.70;0;1.00;0;19;1;8;14;49;0;0;0.00;13;206;20;-10266.54;1
402;61;1;Première colonie;Humains;0;0;50;4;36;1;0.68;0;1.00;0;19;1;28;11;151;0;0;0.00;2;308;20;-7935.39;1
402;61;2;Colonie naine;Nains;0;0;23;3;14;1;0.71;3;1.00;0;19;0;1;9;52;0;0;0.00;0;115;20;-7269.15;0
402;61;3;Colonie elfe;Elfes;0;0;44;10;48;3;0.67;0;1.00;0;19;0;3;11;13;0;0;0.00;27;126;20;-8773.35;1
402;61;4;Colonie orque;Orques;0;0;17;2;20;1;0.81;0;1.00;0;19;0;27;8;119;0;0;0.00;901;119;20;-11913.11;0
402;61;5;Colonie humaine;Humains;0;0;40;3;34;4;0.70;1;1.00;30;19;0;22;10;140;0;0;0.00;22;238;20;-11660.88;0
402;61;6;Colonie naine;Nains;0;0;42;4;36;3;0.71;0;1.00;0;19;1;14;14;49;0;0;0.00;20;234;20;-10494.86;1
402;62;1;Première colonie;Humains;0;0;50;4;36;1;0.75;0;1.00;0;19;1;28;11;154;0;0;0.00;26;270;20;-8097.08;1
402;62;2;Colonie naine;Nains;0;0;22;3;14;1;0.71;2;1.00;0;19;0;5;9;54;0;0;0.00;215;115;20;-7465.25;0
402;62;3;Colonie elfe;Elfes;0;0;44;8;50;4;0.64;0;1.00;0;19;0;3;11;13;0;0;0.00;80;99;20;-8818.04;1
402;62;4;Colonie orque;Orques;0;0;19;2;20;1;0.71;0;1.00;0;19;0;27;8;120;0;0;0.00;437;78;20;-12056.31;0
402;62;5;Colonie humaine;Humains;0;0;38;4;34;4;0.79;0;1.00;30;19;0;22;10;147;0;0;0.00;71;225;20;-11775.38;0
402;62;6;Colonie naine;Nains;0;0;41;5;36;3;0.73;0;1.00;0;19;1;14;14;51;0;0;0.00;13;241;20;-10737.75;1
402;63;1;Première colonie;Humains;0;0;54;7;36;1;0.71;0;1.00;0;19;1;28;11;156;0;0;0.00;144;350;20;-8321.84;1
402;63;2;Colonie naine;Nains;0;0;24;3;14;1;0.69;4;1.00;0;19;0;10;9;54;0;0;0.00;32;98;20;-7599.69;0
402;63;3;Colonie elfe;Elfes;0;0;44;8;50;4;0.68;0;1.00;0;19;0;3;12;14;0;0;0.00;13;142;20;-8896.07;1
402;63;4;Colonie orque;Orques;0;0;21;1;20;1;0.77;0;1.00;0;19;0;27;8;121;0;0;0.00;282;115;20;-12235.16;0
402;63;5;Colonie humaine;Humains;0;0;36;4;34;4;0.74;0;1.00;30;19;0;22;10;151;0;0;0.00;67;192;20;-12032.61;0
402;63;6;Colonie naine;Nains;0;0;39;5;36;3;0.70;0;1.00;0;19;1;14;14;54;0;0;0.00;148;281;20;-10869.87;1
402;64;1;Première colonie;Humains;0;0;55;8;36;1;0.70;0;1.00;0;19;1;28;11;159;0;0;0.00;18;316;20;-8447.72;1
402;64;2;Colonie naine;Nains;0;0;25;3;14;1;0.69;3;1.00;0;19;0;10;9;54;0;0;0.00;51;120;20;-7746.72;0
402;64;3;Colonie elfe;Elfes;0;0;45;9;50;4;0.64;0;1.00;0;19;0;3;12;14;0;0;0.00;10;133;20;-8909.11;1
402;64;4;Colonie orque;Orques;0;0;22;1;20;1;0.80;0;1.00;0;19;0;27;8;126;0;0;0.00;180;123;20;-12377.57;0
402;64;5;Colonie humaine;Humains;0;0;39;6;34;4;0.73;0;1.00;30;19;0;22;10;152;0;0;0.00;40;199;20;-12336.91;0
402;64;6;Colonie naine;Nains;0;0;40;4;36;3;0.70;0;1.00;0;19;1;14;14;54;0;0;0.00;457;268;20;-10958.86;1
402;65;1;Première colonie;Humains;0;0;55;8;36;1;0.73;0;1.00;0;19;1;28;11;162;0;0;0.00;17;298;20;-8594.30;1
402;65;2;Colonie naine;Nains;0;0;23;2;14;1;0.71;3;1.00;0;19;0;10;9;56;0;0;0.00;105;131;20;-7929.28;0
402;65;3;Colonie elfe;Elfes;0;0;46;10;52;4;0.64;0;1.00;0;19;0;3;12;14;0;0;0.00;12;141;20;-8909.11;1
402;65;4;Colonie orque;Orques;0;0;25;3;20;1;0.73;1;1.00;0;19;0;27;8;127;0;0;0.00;108;93;20;-12569.03;0
402;65;5;Colonie humaine;Humains;0;0;39;5;34;4;0.75;1;1.00;30;19;0;22;10;156;0;0;0.00;8;187;20;-12475.53;0
402;65;6;Colonie naine;Nains;0;0;40;5;36;3;0.70;0;1.00;0;19;1;14;14;56;0;0;0.00;483;256;20;-11111.34;1
402;66;1;Première colonie;Humains;0;0;61;10;36;1;0.72;1;1.00;0;19;1;28;11;164;0;0;0.00;17;315;20;-8725.47;1
402;66;2;Colonie naine;Nains;0;0;23;1;14;1;0.70;3;1.00;0;19;0;10;9;57;0;0;0.00;184;128;20;-8121.80;0
402;66;3;Colonie elfe;Elfes;0;0;47;11;55;4;0.65;0;1.00;0;19;0;3;12;14;0;0;0.00;12;139;20;-9059.41;1
402;66;4;Colonie orque;Orques;0;0;25;3;20;1;0.79;1;1.00;0;19;0;27;8;129;0;0;0.00;110;125;20;-12721.51;0
402;66;5;Colonie humaine;Humains;0;0;45;7;34;4;0.74;7;1.00;30;19;0;22;10;156;0;0;0.00;71;251;20;-12576.98;0
402;66;6;Colonie naine;Nains;0;0;41;3;36;3;0.71;0;1.00;0;19;1;14;14;56;0;0;0.00;341;284;20;-11238.28;1
402;67;1;Première colonie;Humains;0;0;57;9;37;2;0.73;0;1.00;0;19;1;28;11;170;0;0;0.00;11;306;20;-8799.55;1
402;67;2;Colonie naine;Nains;0;0;24;2;14;1;0.69;4;1.00;0;19;0;10;9;58;0;0;0.00;124;160;20;-8259.52;0
402;67;3;Colonie elfe;Elfes;0;0;47;8;56;4;0.70;0;1.00;0;19;0;3;12;14;0;0;0.00;22;171;20;-9167.94;1
402;67;4;Colonie orque;Orques;0;0;26;2;20;1;0.72;2;1.00;0;19;0;28;8;130;0;0;0.00;90;131;20;-12838.34;0
402;67;5;Colonie humaine;Humains;0;0;46;5;34;4;0.73;8;1.00;30;19;0;22;10;156;0;0;0.00;18;261;20;-12754.38;0
402;67;6;Colonie naine;Nains;0;0;44;5;36;3;0.73;0;1.00;0;19;1;14;14;57;0;0;0.00;381;277;20;-11597.85;1
402;68;1;Première colonie;Humains;0;0;58;10;37;2;0.73;0;1.00;0;19;1;28;12;172;0;0;0.00;49;290;20;-8990.45;1
402;68;2;Colonie naine;Nains;0;0;24;2;14;1;0.71;4;1.00;0;19;0;10;9;59;0;0;0.00;16;134;20;-8464.69;0
402;68;3;Colonie elfe;Elfes;0;0;47;7;56;4;0.58;0;1.00;0;19;0;3;12;14;0;0;0.00;30;129;20;-9219.76;1
402;68;4;Colonie orque;Orques;0;0;26;2;20;1;0.76;2;1.00;0;19;0;28;8;133;0;0;0.00;265;134;20;-12976.80;0
402;68;5;Colonie humaine;Humains;0;0;44;4;34;4;0.72;7;1.00;30;19;0;22;11;158;0;0;0.00;26;274;20;-12900.99;0
402;68;6;Colonie naine;Nains;0;0;46;5;37;4;0.73;0;1.00;0;19;1;14;14;57;0;0;0.00;265;260;20;-11773.69;1
402;69;1;Première colonie;Humains;0;0;68;10;37;2;0.72;4;1.00;0;19;1;28;12;172;0;0;0.00;60;327;20;-9225.03;1
402;69;2;Colonie naine;Nains;0;0;24;3;14;1;0.69;4;1.00;0;19;0;11;9;60;0;0;0.00;181;196;20;-8627.44;0
402;69;3;Colonie elfe;Elfes;0;0;48;7;56;4;0.66;0;1.00;0;19;0;3;13;14;0;0;0.00;34;139;20;-9219.76;1
402;69;4;Colonie orque;Orques;0;0;30;2;22;2;0.79;2;1.00;0;19;0;28;8;134;0;0;0.00;4;188;20;-13213.87;0
402;69;5;Colonie humaine;Humains;0;0;43;1;34;4;0.72;6;1.00;30;19;0;22;11;159;0;0;0.00;19;283;20;-13116.16;0
402;69;6;Colonie naine;Nains;0;0;46;4;38;4;0.76;0;1.00;0;19;1;14;14;57;0;0;0.00;263;299;20;-12045.75;1
402;70;1;Première colonie;Humains;0;0;68;11;37;2;0.70;4;1.00;0;19;1;28;13;176;0;0;0.00;2;293;20;-9488.90;1
402;70;2;Colonie naine;Nains;0;0;25;2;14;1;0.70;5;1.00;0;19;0;12;9;60;0;0;0.00;87;157;20;-8826.12;0
402;70;3;Colonie elfe;Elfes;0;0;49;8;56;4;0.62;0;1.00;0;19;0;3;14;15;0;0;0.00;32;131;20;-9234.46;1
402;70;4;Colonie orque;Orques;0;0;29;2;22;2;0.69;1;1.00;0;19;0;28;9;138;0;0;0.00;98;101;20;-13457.77;0
402;70;5;Colonie humaine;Humains;0;0;43;1;34;4;0.74;6;1.00;30;19;0;22;11;160;0;0;0.00;1;273;20;-13311.28;0
402;70;6;Colonie naine;Nains;0;0;45;4;38;4;0.72;0;1.00;0;19;1;14;15;60;0;0;0.00;187;287;20;-12342.66;1
402;71;1;Première colonie;Humains;0;0;70;10;37;2;0.70;6;1.00;0;19;1;28;13;178;0;0;0.00;2;229;20;-9568.10;1
402;71;2;Colonie naine;Nains;0;0;25;3;14;1;0.66;5;1.00;0;19;0;13;9;61;0;0;0.00;98;133;20;-9034.56;0
402;71;3;Colonie elfe;Elfes;0;0;39;6;58;4;0.70;0;1.00;0;19;0;3;14;17;0;0;0.00;109;163;20;-9234.46;1
402;71;4;Colonie orque;Orques;0;0;31;2;22;2;0.71;3;1.00;0;19;0;28;9;141;0;0;0.00;70;157;20;-13600.91;0
402;71;5;Colonie humaine;Humains;0;0;38;1;34;4;0.72;2;1.00;30;19;0;22;11;165;0;0;0.00;15;244;20;-13458.17;0
402;71;6;Colonie naine;Nains;0;0;44;4;39;4;0.72;0;1.00;0;19;1;14;15;62;0;0;0.00;216;251;20;-12604.73;1
402;72;1;Première colonie;Humains;0;0;69;7;37;2;0.68;7;1.00;0;19;1;28;13;184;0;0;0.00;9;243;20;-9748.88;1
402;72;2;Colonie naine;Nains;0;0;27;5;14;1;0.67;7;1.00;0;19;0;13;9;61;0;0;0.00;3;135;20;-9240.62;0
402;72;3;Colonie elfe;Elfes;0;0;39;5;58;4;0.70;0;1.00;0;19;0;8;14;17;0;0;0.00;58;225;20;-9358.13;1
402;72;4;Colonie orque;Orques;0;0;30;3;22;2;0.75;3;1.00;0;19;0;28;9;144;0;0;0.00;307;213;20;-13748.97;0
402;72;5;Colonie humaine;Humains;0;0;36;3;34;4;0.75;0;1.00;30;19;0;22;11;171;0;0;0.00;68;242;20;-13673.40;0
402;72;6;Colonie naine;Nains;0;0;44;4;39;4;0.70;0;1.00;0;19;1;14;15;65;0;0;0.00;58;201;20;-12766.12;1
402;73;1;Première colonie;Humains;0;0;67;5;37;2;0.68;6;1.00;0;19;1;28;13;187;0;0;0.00;53;192;20;-9838.80;1
402;73;2;Colonie naine;Nains;0;0;27;4;14;1;0.65;7;1.00;0;19;0;13;9;61;0;0;0.00;3;139;20;-9354.05;0
402;73;3;Colonie elfe;Elfes;0;0;41;5;58;4;0.72;0;1.00;0;19;0;9;14;17;0;0;0.00;30;174;20;-9396.89;1
402;73;4;Colonie orque;Orques;0;0;29;5;22;2;0.75;4;1.00;0;19;0;28;9;149;0;0;0.00;329;138;20;-13951.62;0
402;73;5;Colonie humaine;Humains;0;0;36;2;34;4;0.72;0;1.00;30;19;0;22;11;173;0;0;0.00;1;240;20;-13770.03;0
402;73;6;Colonie naine;Nains;0;0;42;2;38;3;0.69;0;1.00;0;19;1;4;15;67;0;0;0.00;34;118;20;-12955.32;1
402;74;1;Première colonie;Humains;0;0;64;5;39;3;0.63;0;1.00;0;19;1;28;14;194;0;0;0.00;0;282;20;-9895.81;1
402;74;2;Colonie naine;Nains;0;0;27;4;14;1;0.71;7;1.00;0;19;0;13;9;62;0;0;0.00;171;135;20;-9487.40;0
402;74;3;Colonie elfe;Elfes;0;0;42;6;58;4;0.72;0;1.00;0;19;0;10;14;17;0;0;0.00;38;225;20;-9509.10;1
402;74;4;Colonie orque;Orques;0;0;29;5;22;2;0.74;5;1.00;0;19;0;28;9;152;0;0;0.00;112;158;20;-14134.15;0
402;74;5;Colonie humaine;Humains;0;0;38;6;34;4;0.75;2;1.00;30;19;0;22;11;176;0;0;0.00;1;256;20;-14041.78;0
402;74;6;Colonie naine;Nains;0;0;35;2;38;3;0.72;0;1.00;0;19;1;6;15;68;0;0;0.00;28;170;20;-13133.13;1
402;75;1;Première colonie;Humains;0;0;65;5;42;3;0.69;0;1.00;0;19;1;28;14;196;0;0;0.00;2;258;20;-9978.13;1
402;75;2;Colonie naine;Nains;0;0;27;3;14;1;0.71;7;1.00;0;19;0;13;9;62;0;0;0.00;22;134;20;-9653.63;0
402;75;3;Colonie elfe;Elfes;0;0;43;6;58;4;0.71;0;1.00;0;19;0;11;14;17;0;0;0.00;38;218;20;-9735.35;1
402;75;4;Colonie orque;Orques;0;0;28;2;22;2;0.72;4;1.00;0;19;0;28;9;154;0;0;0.00;171;158;20;-14253.49;0
402;75;5;Colonie humaine;Humains;0;0;38;7;34;4;0.73;2;1.00;30;19;0;22;11;180;0;0;0.00;10;234;20;-14082.73;0
402;75;6;Colonie naine;Nains;0;0;34;2;39;3;0.69;0;1.00;0;19;1;4;15;69;0;0;0.00;72;181;20;-13266.57;1
402;76;1;Première colonie;Humains;0;0;68;10;44;3;0.71;2;1.00;0;19;1;28;14;201;0;0;0.00;2;368;20;-10095.79;1
402;76;2;Colonie naine;Nains;0;0;25;3;14;1;0.69;5;1.00;0;19;0;14;9;64;0;0;0.00;18;165;20;-9844.70;0
402;76;3;Colonie elfe;Elfes;0;0;42;5;58;4;0.73;0;1.00;0;19;0;12;14;18;0;0;0.00;42;217;20;-9862.73;1
402;76;4;Colonie orque;Orques;0;0;32;2;24;3;0.75;3;1.00;0;19;0;28;10;156;0;0;0.00;187;146;20;-14362.15;0
402;76;5;Colonie humaine;Humains;0;0;40;9;34;4;0.77;4;1.00;30;19;0;22;11;183;0;0;0.00;10;258;20;-14140.22;0
402;76;6;Colonie naine;Nains;0;0;33;2;39;3;0.70;0;1.00;0;19;1;5;15;70;0;0;0.00;35;145;20;-13524.55;1
402;77;1;Première colonie;Humains;0;0;71;15;44;3;0.71;4;1.00;0;19;1;28;15;205;0;0;0.00;2;297;20;-10168.62;1
402;77;2;Colonie naine;Nains;0;0;26;3;14;1;0.66;6;1.00;0;19;0;14;9;64;0;0;0.00;14;168;20;-9927.92;0
402;77;3;Colonie elfe;Elfes;0;0;46;5;58;4;0.70;0;1.00;0;19;0;12;14;19;0;0;0.00;23;154;20;-9977.67;1
402;77;4;Colonie orque;Orques;0;0;29;2;24;3;0.73;0;1.00;0;19;0;28;11;164;0;0;0.00;196;133;20;-14419.91;0
402;77;5;Colonie humaine;Humains;0;0;42;8;34;4;0.75;6;1.00;30;19;0;22;11;185;0;0;0.00;43;246;20;-14368.36;0
402;77;6;Colonie naine;Nains;0;0;29;1;39;3;0.69;0;1.00;0;19;1;5;15;74;0;0;0.00;49;133;20;-13560.91;1
402;78;1;Première colonie;Humains;0;0;73;15;44;3;0.69;6;1.00;0;19;1;28;15;206;0;0;0.00;3;285;20;-10314.59;1
402;78;2;Colonie naine;Nains;0;0;25;2;14;1;0.69;5;1.00;10;19;0;15;9;65;0;0;0.00;0;174;20;-10206.25;0
402;78;3;Colonie elfe;Elfes;0;0;50;5;58;4;0.67;2;1.00;0;19;0;13;14;20;0;0;0.00;27;222;20;-10027.33;1
402;78;4;Colonie orque;Orques;0;0;34;1;25;3;0.75;4;1.00;0;19;0;28;12;165;0;0;0.00;275;187;20;-14528.98;0
402;78;5;Colonie humaine;Humains;0;0;41;5;34;4;0.76;5;1.00;30;19;0;22;11;186;0;0;0.00;2;255;20;-14515.45;0
402;78;6;Colonie naine;Nains;0;0;29;1;39;3;0.72;0;1.00;0;19;1;12;15;75;0;0;0.00;49;152;20;-13780.24;1
402;79;1;Première colonie;Humains;0;0;70;10;44;3;0.68;3;1.00;0;19;1;28;15;210;0;0;0.00;17;197;20;-10345.85;1
402;79;2;Colonie naine;Nains;0;0;26;4;14;1;0.69;6;1.00;10;19;0;15;9;66;0;0;0.00;0;165;20;-10206.25;0
402;79;3;Colonie elfe;Elfes;0;0;55;7;58;4;0.62;6;1.00;0;19;0;13;14;20;0;0;0.00;33;125;20;-10064.36;1
402;79;4;Colonie orque;Orques;0;0;35;2;26;3;0.68;5;1.00;0;19;0;28;12;166;0;0;0.00;165;224;20;-14649.69;0
402;79;5;Colonie humaine;Humains;0;0;41;5;34;4;0.73;5;1.00;30;19;0;22;11;190;0;0;0.00;7;259;20;-14647.97;0
402;79;6;Colonie naine;Nains;0;0;34;1;39;3;0.71;0;1.00;0;19;1;14;15;76;0;0;0.00;94;192;20;-14163.53;1
402;80;1;Première colonie;Humains;0;0;67;5;44;3;0.63;0;1.00;0;19;1;28;15;215;0;0;0.00;12;273;20;-10410.35;1
402;80;2;Colonie naine;Nains;0;0;24;3;14;1;0.69;4;1.00;10;19;0;16;9;68;0;0;0.00;5;172;20;-10475.50;0
402;80;3;Colonie elfe;Elfes;0;0;54;7;58;4;0.69;6;1.00;0;19;0;5;14;21;0;0;0.00;26;118;20;-10099.69;1
402;80;4;Colonie orque;Orques;0;0;32;2;27;3;0.76;4;1.00;0;19;0;28;12;169;0;0;0.00;161;138;20;-14752.85;0
402;80;5;Colonie humaine;Humains;0;0;40;2;34;4;0.72;4;1.00;30;19;0;22;11;192;0;0;0.00;13;226;20;-14769.69;0
402;80;6;Colonie naine;Nains;0;0;33;0;39;3;0.72;0;1.00;0;19;1;14;15;77;0;0;0.00;56;196;20;-14296.22;1
402;81;1;Première colonie;Humains;0;0;70;3;44;3;0.67;3;1.00;0;19;1;28;15;216;0;0;0.00;7;280;20;-10553.30;1
402;81;2;Colonie naine;Nains;0;0;25;3;14;1;0.69;5;1.00;10;19;0;16;9;69;0;0;0.00;5;127;20;-10728.44;0
402;81;3;Colonie elfe;Elfes;0;0;53;7;58;4;0.65;6;1.00;0;19;0;5;14;22;0;0;0.00;26;68;20;-10099.69;1
402;81;4;Colonie orque;Orques;0;0;32;0;27;3;0.75;4;1.00;0;19;0;28;12;170;0;0;0.00;236;151;20;-14902.97;0
402;81;5;Colonie humaine;Humains;0;0;41;3;34;4;0.71;5;1.00;30;19;0;22;11;192;0;0;0.00;19;255;20;-15021.71;0
402;81;6;Colonie naine;Nains;0;0;38;3;40;3;0.68;0;1.00;0;19;1;14;15;77;0;0;0.00;9;187;20;-14468.39;1
402;82;1;Première colonie;Humains;0;0;70;6;46;3;0.67;6;1.00;0;19;1;25;15;220;0;0;0.00;12;266;20;-10616.29;1
402;82;2;Colonie naine;Nains;0;0;24;3;14;1;0.72;4;1.00;10;19;0;16;9;71;0;0;0.00;10;131;20;-10808.42;0
402;82;3;Colonie elfe;Elfes;0;0;30;6;58;4;0.68;0;1.00;0;19;0;1;14;22;0;0;0.00;26;293;20;-10156.46;1
402;82;4;Colonie orque;Orques;0;0;33;2;27;3;0.71;5;1.00;0;19;0;28;12;172;0;0;0.00;211;116;20;-15001.42;0
402;82;5;Colonie humaine;Humains;0;0;40;2;34;4;0.73;4;1.00;30;19;0;22;11;194;0;0;0.00;18;247;20;-15147.86;0
402;82;6;Colonie naine;Nains;0;0;37;4;40;3;0.74;0;1.00;0;19;1;14;15;79;0;0;0.00;15;236;20;-14518.13;1
402;83;1;Première colonie;Humains;0;0;66;5;46;3;0.65;3;1.00;0;19;1;24;15;224;0;0;0.00;6;241;20;-10665.44;1
402;83;2;Colonie naine;Nains;0;0;26;2;14;1;0.71;6;1.00;10;19;0;16;9;71;0;0;0.00;10;175;20;-11037.40;0
402;83;3;Colonie elfe;Elfes;0;0;32;6;58;4;0.70;0;1.00;0;19;0;1;14;23;0;0;0.00;26;187;20;-10334.91;1
402;83;4;Colonie orque;Orques;0;0;29;2;27;3;0.73;3;1.00;0;19;0;28;12;178;0;0;0.00;171;114;20;-15202.33;0
402;83;5;Colonie humaine;Humains;0;0;35;2;34;4;0.74;0;1.00;30;19;0;22;11;200;0;0;0.00;7;203;20;-15286.44;0
402;83;6;Colonie naine;Nains;0;0;39;5;40;3;0.75;0;1.00;0;19;1;14;15;80;0;0;0.00;58;229;20;-14635.00;1
402;84;1;Première colonie;Humains;0;0;61;5;46;3;0.69;0;1.00;0;19;1;28;15;230;0;0;0.00;12;229;20;-10729.64;1
402;84;2;Colonie naine;Nains;0;0;26;3;14;1;0.71;6;1.00;10;19;0;16;9;72;0;0;0.00;15;164;20;-11147.94;0
402;84;3;Colonie elfe;Elfes;0;0;34;6;58;4;0.67;0;1.00;0;19;0;1;14;25;0;0;0.00;23;163;20;-10420.85;1
402;84;4;Colonie orque;Orques;0;0;24;0;27;3;0.72;0;1.00;0;19;0;28;12;183;0;0;0.00;158;156;20;-15311.78;0
402;84;5;Colonie humaine;Humains;0;0;37;2;34;4;0.73;1;1.00;30;19;0;22;11;200;0;0;0.00;37;230;20;-15420.52;0
402;84;6;Colonie naine;Nains;0;0;41;7;40;3;0.74;0;1.00;0;19;1;14;15;82;0;0;0.00;67;226;20;-14756.63;1
402;85;1;Première colonie;Humains;0;0;58;1;46;3;0.68;0;1.00;0;19;1;28;15;234;0;0;0.00;12;196;20;-10805.13;1
402;85;2;Colonie naine;Nains;0;0;25;1;14;1;0.67;5;1.00;20;19;0;16;9;73;0;0;0.00;15;172;20;-11340.25;0
402;85;3;Colonie elfe;Elfes;0;0;36;6;58;4;0.64;0;1.00;0;19;0;1;14;25;0;0;0.00;78;85;20;-10476.18;1
402;85;4;Colonie orque;Orques;0;0;18;0;27;3;0.78;0;1.00;0;19;0;28;12;189;0;0;0.00;66;143;20;-15513.47;0
402;85;5;Colonie humaine;Humains;0;0;35;2;34;4;0.72;0;1.00;30;19;0;22;11;206;0;0;0.00;4;181;20;-15623.04;0
402;85;6;Colonie naine;Nains;0;0;44;8;40;3;0.73;0;1.00;0;19;1;14;15;82;0;0;0.00;31;152;20;-14979.18;1
402;86;1;Première colonie;Humains;0;0;54;2;46;3;0.70;0;1.00;0;19;1;28;15;240;0;0;0.00;12;289;20;-10928.25;1
402;86;2;Colonie naine;Nains;0;0;25;1;14;1;0.68;5;1.00;20;19;0;16;9;75;0;0;0.00;15;161;20;-11603.44;0
402;86;3;Colonie elfe;Elfes;0;0;5;1;58;4;0.55;0;1.00;0;19;0;1;14;44;0;0;0.00;114;34;20;-10476.18;1
402;86;4;Colonie orque;Orques;0;0;13;0;27;3;0.82;0;1.00;0;19;0;28;12;195;0;0;0.00;29;148;20;-15588.62;0
402;86;5;Colonie humaine;Humains;0;0;32;3;34;4;0.73;0;1.00;30;19;0;22;11;210;0;0;0.00;0;223;20;-15784.41;0
402;86;6;Colonie naine;Nains;0;0;42;8;40;3;0.66;0;1.00;0;19;1;4;15;84;0;0;0.00;31;79;20;-15113.78;1
402;87;1;Première colonie;Humains;0;0;57;4;46;3;0.74;0;1.00;0;19;1;28;15;241;0;0;0.00;12;343;20;-11025.08;1
402;87;2;Colonie naine;Nains;0;0;26;2;14;1;0.67;6;1.00;20;19;0;16;9;75;0;0;0.00;15;172;20;-11603.44;0
402;87;3;Colonie elfe;Elfes;0;0;4;0;58;4;0.64;0;1.00;0;19;0;1;14;45;0;0;0.00;114;27;20;-10476.18;1
402;87;4;Colonie orque;Orques;0;0;11;1;27;3;0.79;0;1.00;0;19;0;28;12;199;0;0;0.00;46;147;20;-15806.08;0
402;87;5;Colonie humaine;Humains;0;0;34;2;34;4;0.72;0;1.00;30;19;0;22;11;210;0;0;0.00;7;238;20;-15901.55;0
402;87;6;Colonie naine;Nains;0;0;34;6;34;2;0.69;0;1.00;0;19;1;4;15;84;0;0;0.00;3;24;20;-15113.78;1
402;88;1;Première colonie;Humains;0;0;56;6;46;3;0.71;0;1.00;0;19;1;28;15;247;0;0;0.00;12;292;20;-11057.75;1
402;88;2;Colonie naine;Nains;0;0;24;2;14;1;0.68;4;1.00;20;19;0;16;9;77;0;0;0.00;0;162;20;-11808.57;0
402;88;3;Colonie elfe;Elfes;0;0;4;0;58;4;0.55;0;1.00;0;19;0;1;14;45;0;0;0.00;114;24;20;-10476.18;1
402;88;4;Colonie orque;Orques;0;0;13;2;27;3;0.79;0;1.00;0;19;0;28;12;200;0;0;0.00;46;156;20;-15883.24;0
402;88;5;Colonie humaine;Humains;0;0;36;4;34;4;0.72;0;1.00;30;19;0;22;11;212;0;0;0.00;7;236;20;-15944.00;0
402;88;6;Colonie naine;Nains;0;0;32;5;34;2;0.65;0;1.00;0;19;1;4;15;85;0;0;0.00;3;24;20;-15113.78;1
402;89;1;Première colonie;Humains;0;0;60;9;46;3;0.72;0;1.00;0;19;1;28;15;250;0;0;0.00;12;302;20;-11205.37;1
402;89;2;Colonie naine;Nains;0;0;26;4;14;1;0.69;5;1.00;20;19;0;16;9;77;0;0;0.00;0;179;20;-12024.80;0
402;89;3;Colonie elfe;Elfes;0;0;4;0;48;3;0.59;0;1.00;0;19;0;1;14;45;0;0;0.00;52;35;20;-10476.18;1
402;89;4;Colonie orque;Orques;0;0;18;2;27;3;0.81;0;1.00;0;19;0;28;12;201;0;0;0.00;10;114;20;-16069.83;0
402;89;5;Colonie humaine;Humains;0;0;39;5;34;4;0.72;3;1.00;30;19;0;22;11;213;0;0;0.00;9;247;20;-16169.87;0
402;89;6;Colonie naine;Nains;0;0;32;4;34;2;0.75;0;1.00;0;19;1;4;15;86;0;0;0.00;3;177;20;-15186.59;1
402;90;1;Première colonie;Humains;0;0;58;8;46;3;0.72;0;1.00;0;19;1;28;15;254;0;0;0.00;18;265;20;-11314.42;1
402;90;2;Colonie naine;Nains;0;0;25;3;14;1;0.68;5;1.00;20;19;0;16;9;78;0;0;0.00;21;162;20;-12201.20;0
402;90;3;Colonie elfe;Elfes;0;0;4;0;48;3;0.61;0;1.00;0;19;0;1;14;45;0;0;0.00;127;50;20;-10476.18;1
402;90;4;Colonie orque;Orques;0;0;20;2;27;3;0.78;0;1.00;0;19;0;28;12;202;0;0;0.00;6;127;20;-16258.42;0
402;90;5;Colonie humaine;Humains;0;0;39;7;34;4;0.73;3;1.00;30;19;0;22;11;216;0;0;0.00;4;228;20;-16361.15;0
402;90;6;Colonie naine;Nains;0;0;33;3;34;2;0.69;0;1.00;0;19;1;10;15;87;0;0;0.00;80;120;20;-15436.44;1
402;91;1;Première colonie;Humains;0;0;59;8;46;3;0.73;0;1.00;0;19;1;28;15;256;0;0;0.00;0;306;20;-11389.55;1
402;91;2;Colonie naine;Nains;0;0;25;4;14;1;0.69;5;1.00;20;19;0;16;9;79;0;0;0.00;21;164;20;-12455.41;0
402;91;3;Colonie elfe;Elfes;0;0;3;0;48;3;0.63;0;1.00;0;19;0;1;14;46;0;0;0.00;127;43;20;-10476.18;1
402;91;4;Colonie orque;Orques;0;0;17;1;27;3;0.77;0;1.00;0;19;0;28;12;205;0;0;0.00;94;139;20;-16475.97;0
402;91;5;Colonie humaine;Humains;0;0;38;4;34;4;0.73;2;1.00;30;19;0;22;11;217;0;0;0.00;23;242;20;-16506.41;0
402;91;6;Colonie naine;Nains;0;0;31;2;34;2;0.73;0;1.00;0;19;1;5;15;89;0;0;0.00;8;95;20;-15436.44;1
402;92;1;Première colonie;Humains;0;0;60;7;46;3;0.69;0;1.00;0;19;1;28;15;260;0;0;0.00;0;316;20;-11562.76;1
402;92;2;Colonie naine;Nains;0;0;26;5;14;1;0.70;6;1.00;20;19;0;16;9;79;0;0;0.00;7;171;20;-12701.76;0
402;92;3;Colonie elfe;Elfes;0;0;5;0;48;3;0.67;0;1.00;0;19;0;1;14;46;0;0;0.00;127;66;20;-10476.18;1
402;92;4;Colonie orque;Orques;0;0;17;0;27;3;0.80;0;1.00;0;19;0;28;12;206;0;0;0.00;104;121;20;-16516.64;0
402;92;5;Colonie humaine;Humains;0;0;39;2;34;4;0.73;3;1.00;30;19;0;22;11;217;0;0;0.00;7;248;20;-16673.88;0
402;92;6;Colonie naine;Nains;0;0;34;2;40;3;0.71;0;1.00;0;19;1;4;15;89;0;0;0.00;12;86;20;-15570.10;1
402;93;1;Première colonie;Humains;0;0;59;8;46;3;0.71;0;1.00;0;19;1;28;15;264;0;0;0.00;0;327;20;-11713.57;1
402;93;2;Colonie naine;Nains;0;0;26;5;13;1;0.66;10;1.00;20;19;0;16;9;80;0;0;0.00;7;157;20;-12861.05;0
402;93;3;Colonie elfe;Elfes;0;0;7;1;48;3;0.61;0;1.00;0;19;0;1;14;46;0;0;0.00;48;47;20;-10476.18;1
402;93;4;Colonie orque;Orques;0;0;23;0;27;3;0.79;0;1.00;0;19;0;28;12;208;0;0;0.00;193;141;20;-16822.21;0
402;93;5;Colonie humaine;Humains;0;0;35;0;34;4;0.73;0;1.00;30;19;0;22;11;222;0;0;0.00;18;221;20;-16775.07;0
402;93;6;Colonie naine;Nains;0;0;32;0;40;3;0.72;0;1.00;0;19;1;4;15;90;0;0;0.00;4;118;20;-15570.10;1
402;94;1;Première colonie;Humains;0;0;58;7;46;3;0.70;0;1.00;0;19;1;28;15;266;0;0;0.00;6;339;20;-11860.69;1
402;94;2;Colonie naine;Nains;0;0;26;5;13;1;0.71;10;1.00;20;19;0;16;9;80;0;0;0.00;4;152;20;-12941.83;0
402;94;3;Colonie elfe;Elfes;0;0;9;1;48;3;0.70;0;1.00;0;19;0;1;14;46;0;0;0.00;16;46;20;-10476.18;1
402;94;4;Colonie orque;Orques;0;0;21;0;27;3;0.74;0;1.00;0;19;0;28;12;211;0;0;0.00;216;131;20;-16896.29;0
402;94;5;Colonie humaine;Humains;0;0;35;0;34;4;0.70;0;1.00;30;19;0;22;11;225;0;0;0.00;1;225;20;-17009.43;0
402;94;6;Colonie naine;Nains;0;0;32;1;40;3;0.69;0;1.00;0;19;1;5;15;91;0;0;0.00;12;148;20;-15755.86;1
402;95;1;Première colonie;Humains;0;0;56;5;46;3;0.72;0;1.00;0;19;1;28;15;270;0;0;0.00;2;312;20;-11999.77;1
402;95;2;Colonie naine;Nains;0;0;25;3;13;1;0.67;9;1.00;20;19;0;16;9;81;0;0;0.00;8;151;20;-13130.89;0
402;95;3;Colonie elfe;Elfes;0;0;10;1;48;3;0.67;0;1.00;0;19;0;1;14;47;0;0;0.00;23;57;20;-10660.28;1
402;95;4;Colonie orque;Orques;0;0;22;2;27;3;0.73;0;1.00;0;19;0;28;12;214;0;0;0.00;230;130;20;-17043.33;0
402;95;5;Colonie humaine;Humains;0;0;35;1;34;4;0.74;0;1.00;30;19;0;22;11;227;0;0;0.00;18;208;20;-17174.16;0
402;95;6;Colonie naine;Nains;0;0;35;2;40;3;0.68;0;1.00;0;19;1;5;15;91;0;0;0.00;24;171;20;-15866.72;1
402;96;1;Première colonie;Humains;0;0;58;3;46;3;0.70;0;1.00;0;19;1;28;15;274;0;0;0.00;15;319;20;-12076.03;1
402;96;2;Colonie naine;Nains;0;0;25;5;13;1;0.67;9;1.00;20;19;0;16;9;83;0;0;0.00;8;139;20;-13303.25;0
402;96;3;Colonie elfe;Elfes;0;0;10;1;48;3;0.72;0;1.00;0;19;0;2;14;48;0;0;0.00;24;59;20;-10904.04;1
402;96;4;Colonie orque;Orques;0;0;29;3;27;3;0.77;5;1.00;0;19;0;28;12;215;0;0;0.00;39;148;20;-17147.39;0
402;96;5;Colonie humaine;Humains;0;0;37;2;34;4;0.73;1;1.00;30;19;0;22;11;229;0;0;0.00;37;245;20;-17269.82;0
402;96;6;Colonie naine;Nains;0;0;35;2;40;3;0.71;0;1.00;0;19;1;5;15;91;0;0;0.00;7;166;20;-15866.72;1
402;97;1;Première colonie;Humains;0;0;53;3;46;3;0.75;0;1.00;0;19;1;28;15;281;0;0;0.00;15;319;20;-12214.46;1
402;97;2;Colonie naine;Nains;0;0;25;4;13;1;0.68;9;1.00;20;19;0;16;9;83;0;0;0.00;12;135;20;-13548.09;0
402;97;3;Colonie elfe;Elfes;0;0;10;1;48;3;0.72;0;1.00;0;19;0;2;14;48;0;0;0.00;17;47;20;-10968.31;1
402;97;4;Colonie orque;Orques;0;0;28;4;27;3;0.72;4;1.00;0;19;0;28;12;218;0;0;0.00;174;180;20;-17294.56;0
402;97;5;Colonie humaine;Humains;0;0;34;3;34;4;0.75;0;1.00;30;19;0;22;11;235;0;0;0.00;9;240;20;-17354.67;0
402;97;6;Colonie naine;Nains;0;0;34;2;40;3;0.72;0;1.00;0;19;1;6;15;92;0;0;0.00;8;205;20;-16121.88;1
402;98;1;Première colonie;Humains;0;0;47;3;46;3;0.69;0;1.00;0;19;1;28;15;288;0;0;0.00;3;290;20;-12355.44;1
402;98;2;Colonie naine;Nains;0;0;25;4;13;1;0.69;9;1.00;20;19;0;16;9;84;0;0;0.00;12;137;20;-13622.84;0
402;98;3;Colonie elfe;Elfes;0;0;11;2;48;3;0.72;0;1.00;0;19;0;2;14;48;0;0;0.00;17;76;20;-11215.45;1
402;98;4;Colonie orque;Orques;0;0;26;2;27;3;0.74;2;1.00;0;19;0;28;12;220;0;0;0.00;123;162;20;-17483.90;0
402;98;5;Colonie humaine;Humains;0;0;35;2;34;4;0.75;0;1.00;30;19;0;22;11;236;0;0;0.00;33;226;20;-17416.49;0
402;98;6;Colonie naine;Nains;0;0;32;2;40;3;0.69;0;1.00;0;19;1;14;15;94;0;0;0.00;31;169;20;-16439.10;1
402;99;1;Première colonie;Humains;0;0;51;6;46;4;0.71;0;1.00;0;19;1;28;15;289;0;0;0.00;3;310;20;-12403.27;1
402;99;2;Colonie naine;Nains;0;0;25;3;13;1;0.66;9;1.00;20;19;0;16;9;84;0;0;0.00;16;121;20;-13781.79;0
402;99;3;Colonie elfe;Elfes;0;0;12;2;48;3;0.73;0;1.00;10;19;0;2;14;48;0;0;0.00;22;85;20;-11425.55;1
402;99;4;Colonie orque;Orques;0;0;26;0;27;3;0.72;2;1.00;0;19;0;28;12;222;0;0;0.00;130;106;20;-17606.11;0
402;99;5;Colonie humaine;Humains;0;0;37;3;34;4;0.75;1;1.00;30;19;0;22;11;238;0;0;0.00;14;238;20;-17669.82;0
402;99;6;Colonie naine;Nains;0;0;33;2;40;3;0.70;0;1.00;0;19;1;14;15;95;0;0;0.00;34;209;20;-16580.68;1
402;100;1;Première colonie;Humains;0;0;51;7;47;4;0.72;0;1.00;0;19;1;28;16;293;0;0;0.00;3;289;20;-12500.41;1
402;100;2;Colonie naine;Nains;0;0;25;3;12;1;0.75;12;1.00;20;19;0;16;9;84;0;0;0.00;16;143;20;-13982.44;0
402;100;3;Colonie elfe;Elfes;0;0;14;4;48;3;0.71;0;1.00;10;19;0;2;14;48;0;0;0.00;22;72;20;-11624.56;1
402;100;4;Colonie orque;Orques;0;0;25;0;27;3;0.73;1;1.00;0;19;0;28;12;225;0;0;0.00;65;119;20;-17752.43;0
402;100;5;Colonie humaine;Humains;0;0;36;3;34;4;0.72;0;1.00;30;19;0;22;11;241;0;0;0.00;20;255;20;-17783.85;0
402;100;6;Colonie naine;Nains;0;0;32;1;40;3;0.71;0;1.00;0;19;1;14;15;97;0;0;0.00;24;196;20;-16785.78;1
403;1;1;Première colonie;Humains;0;0;15;1;6;1;0.69;0;1.00;0;5;0;0;3;0;0;0;0.00;350;93;7;-243.20;0
403;1;2;Colonie naine;Nains;0;0;14;2;8;1;0.63;0;1.00;0;5;0;0;3;0;0;0;0.00;380;58;6;-257.88;0
403;1;3;Colonie elfe;Elfes;0;0;13;0;3;1;0.61;1;1.00;0;7;0;0;3;0;0;0;0.00;282;27;7;-104.43;0
403;1;4;Colonie orque;Orques;0;0;13;1;7;1;0.68;0;1.00;0;5;0;0;3;0;0;0;0.00;493;97;6;-206.35;0
403;1;5;Colonie humaine;Humains;0;0;14;1;6;1;0.68;0;1.00;0;5;0;0;3;0;0;0;0.00;380;89;8;-181.44;0
403;1;6;Colonie naine;Nains;0;0;12;0;7;1;0.69;0;1.00;0;5;0;0;3;0;0;0;0.00;489;74;4;-255.69;0
403;2;1;Première colonie;Humains;0;0;15;2;10;1;0.69;0;1.00;0;6;0;0;4;1;0;0;0.00;350;47;9;-312.89;0
403;2;2;Colonie naine;Nains;0;0;14;2;13;1;0.60;0;1.00;0;6;0;0;4;0;0;0;0.00;380;76;8;-257.88;0
403;2;3;Colonie elfe;Elfes;0;0;17;2;7;1;0.65;1;1.00;0;8;0;0;3;0;0;0;0.00;102;83;12;-284.44;0
403;2;4;Colonie orque;Orques;0;0;16;3;8;1;0.51;0;1.00;0;6;0;0;4;0;0;0;0.00;606;13;9;-304.34;0
403;2;5;Colonie humaine;Humains;0;0;14;1;11;1;0.69;0;1.00;0;6;0;0;5;1;0;0;0.00;512;79;11;-250.27;0
403;2;6;Colonie naine;Nains;0;0;15;2;7;1;0.69;0;1.00;0;6;0;0;3;0;0;0;0.00;376;112;7;-593.10;0
403;3;1;Première colonie;Humains;0;0;16;3;9;1;0.73;0;1.00;0;7;0;0;4;1;0;0;0.00;128;74;14;-600.35;0
403;3;2;Colonie naine;Nains;0;0;14;2;16;1;0.67;0;1.00;0;7;0;0;4;0;0;0;0.00;282;67;11;-487.58;0
403;3;3;Colonie elfe;Elfes;0;0;20;2;10;1;0.66;0;1.00;0;9;0;0;4;0;0;0;0.00;30;72;15;-471.07;0
403;3;4;Colonie orque;Orques;0;0;0;0;8;1;0.00;0;1.00;0;7;0;0;7;15;0;0;0.00;650;0;11;-304.34;1
403;3;5;Colonie humaine;Humains;0;0;18;5;12;1;0.67;0;1.00;0;7;0;1;5;1;0;0;0.00;749;96;16;-245.26;0
403;3;6;Colonie naine;Nains;0;0;18;3;12;1;0.68;0;1.00;0;7;0;0;4;0;0;0;0.00;451;111;11;-739.02;0
403;4;1;Première colonie;Humains;0;0;17;3;13;1;0.67;0;1.00;0;8;0;0;4;1;0;0;0.00;67;94;20;-783.17;0
403;4;2;Colonie naine;Nains;0;0;23;4;21;1;0.73;0;1.00;0;8;1;0;4;0;0;0;0.00;130;84;13;-888.26;0
403;4;3;Colonie elfe;Elfes;0;0;20;2;11;1;0.67;0;1.00;0;10;0;0;5;1;0;0;0.00;30;99;16;-471.07;0
403;4;4;Colonie orque;Orques;0;0;0;0;8;1;0.00;0;1.00;0;7;0;0;7;15;0;0;0.00;650;0;11;-304.34;1
403;4;5;Colonie humaine;Humains;0;0;22;6;13;1;0.69;2;1.00;0;7;0;1;5;1;0;0;0.00;647;62;19;-299.88;0
403;4;6;Colonie naine;Nains;0;0;20;3;21;1;0.68;0;1.00;0;8;0;0;4;0;0;0;0.00;614;119;15;-806.25;0
403;5;1;Première colonie;Humains;0;0;18;2;18;1;0.70;0;1.00;0;10;0;0;4;1;0;0;0.00;30;103;20;-954.18;0
403;5;2;Colonie naine;Nains;0;0;25;6;22;1;0.72;1;1.00;0;10;1;0;6;0;0;0;0.00;42;61;19;-1102.24;0
403;5;3;Colonie elfe;Elfes;0;0;24;2;14;1;0.66;0;1.00;0;11;0;0;5;1;0;0;0.00;14;136;20;-711.91;0
403;5;4;Colonie orque;Orques;0;0;0;0;8;1;0.00;0;1.00;0;7;0;0;7;15;0;0;0.00;650;0;11;-304.34;1
403;5;5;Colonie humaine;Humains;0;0;22;6;16;1;0.68;0;1.00;0;11;0;1;7;1;0;0;0.00;48;29;20;-421.18;0
403;5;6;Colonie naine;Nains;0;0;25;6;26;1;0.74;0;1.00;0;10;0;2;4;0;0;0;0.00;1086;138;20;-490.81;0
403;6;1;Première colonie;Humains;0;0;22;3;22;1;0.72;0;1.00;0;11;0;2;4;1;0;0;0.00;41;116;20;-1107.24;0
403;6;2;Colonie naine;Nains;0;0;25;6;22;1;0.70;1;1.00;0;11;1;0;7;0;0;0;0.00;42;50;20;-1173.27;0
403;6;3;Colonie elfe;Elfes;0;0;25;3;20;1;0.69;0;1.00;0;12;0;1;6;1;0;0;0.00;77;137;20;-710.45;0
403;6;4;Colonie orque;Orques;0;0;0;0;8;1;0.00;0;1.00;0;7;0;0;7;15;0;0;0.00;650;0;11;-304.34;1
403;6;5;Colonie humaine;Humains;0;0;21;1;18;1;0.63;0;1.00;0;11;0;1;7;2;0;0;0.00;1;38;20;-421.18;0
403;6;6;Colonie naine;Nains;0;0;29;6;29;1;0.72;0;1.00;0;12;0;2;5;0;0;0;0.00;999;152;20;-729.16;0
403;7;1;Première colonie;Humains;0;0;24;2;23;1;0.72;0;1.00;0;13;0;2;5;1;0;0;0.00;41;128;20;-1365.88;0
403;7;2;Colonie naine;Nains;0;0;25;4;22;1;0.71;1;1.00;0;13;1;0;7;0;0;0;0.00;3;72;20;-1173.27;0
403;7;3;Colonie elfe;Elfes;0;0;26;3;24;1;0.72;0;1.00;0;13;0;1;6;1;0;0;0.00;3;109;20;-843.06;0
403;7;4;Colonie orque;Orques;0;0;0;0;8;1;0.00;0;1.00;0;7;0;0;7;15;0;0;0.00;650;0;11;-304.34;1
403;7;5;Colonie humaine;Humains;0;0;22;1;19;1;0.60;0;1.00;0;13;0;1;7;2;0;0;0.00;34;21;20;-512.65;0
403;7;6;Colonie naine;Nains;0;0;32;7;30;2;0.73;0;1.00;0;13;0;3;6;0;0;0;0.00;778;211;20;-884.92;0
403;8;1;Première colonie;Humains;0;0;24;2;26;1;0.69;0;1.00;0;14;0;2;5;2;0;0;0.00;9;132;20;-1579.50;0
403;8;2;Colonie naine;Nains;0;0;27;6;23;1;0.62;0;1.00;0;13;1;0;8;0;0;0;0.00;34;39;20;-1275.02;0
403;8;3;Colonie elfe;Elfes;0;0;27;4;26;1;0.74;0;1.00;0;14;0;2;6;1;0;0;0.00;120;138;20;-1054.29;0
403;8;4;Colonie orque;Orques;0;0;0;0;8;1;0.00;0;1.00;0;7;0;0;7;15;0;0;0.00;650;0;11;-304.34;1
403;8;5;Colonie humaine;Humains;0;0;22;1;20;1;0.52;0;1.00;0;13;0;1;8;2;0;0;0.00;43;22;20;-512.65;0
403;8;6;Colonie naine;Nains;0;0;34;7;35;2;0.73;0;1.00;0;14;0;4;6;2;0;0;0.00;798;184;20;-1220.86;1
403;9;1;Première colonie;Humains;0;0;25;0;27;1;0.68;0;1.00;0;14;1;2;5;2;0;0;0.00;148;133;20;-1910.43;0
403;9;2;Colonie naine;Nains;0;0;27;6;23;1;0.65;0;1.00;0;14;1;0;9;0;0;0;0.00;212;12;20;-1275.02;0
403;9;3;Colonie elfe;Elfes;0;0;27;4;26;1;0.73;0;1.00;0;14;0;3;6;1;0;0;0.00;41;135;20;-1286.29;0
403;9;4;Colonie orque;Orques;0;0;0;0;8;1;0.00;0;1.00;0;7;0;0;7;15;0;0;0.00;650;0;11;-304.34;1
403;9;5;Colonie humaine;Humains;0;0;23;1;21;1;0.60;0;1.00;0;14;0;1;8;2;0;0;0.00;36;12;20;-599.50;0
403;9;6;Colonie naine;Nains;0;0;38;8;38;2;0.74;0;1.00;0;14;1;5;6;2;0;0;0.00;510;211;20;-1284.73;1
403;10;1;Première colonie;Humains;0;0;23;0;27;1;0.72;0;1.00;0;15;1;3;5;4;0;0;0.00;24;150;20;-2158.95;0
403;10;2;Colonie naine;Nains;0;0;23;5;23;1;0.72;0;1.00;0;14;1;0;9;0;0;0;0.00;181;93;20;-1275.02;0
403;10;3;Colonie elfe;Elfes;0;0;30;5;26;1;0.75;0;1.00;0;15;0;9;6;1;0;0;0.00;337;116;20;-1533.77;0
403;10;4;Colonie orque;Orques;0;0;0;0;8;1;0.00;0;1.00;0;7;0;0;7;15;0;0;0.00;650;0;11;-304.34;1
403;10;5;Colonie humaine;Humains;0;0;18;0;21;1;0.67;0;1.00;0;15;0;0;8;5;0;0;0.00;96;33;20;-599.50;0
403;10;6;Colonie naine;Nains;0;0;40;9;40;2;0.73;0;1.00;0;15;1;7;7;3;0;0;0.00;446;201;20;-1644.11;1
403;11;1;Première colonie;Humains;0;0;25;0;27;1;0.73;0;1.00;0;16;1;3;5;5;0;0;0.00;14;126;20;-2271.29;0
403;11;2;Colonie naine;Nains;0;0;24;4;24;1;0.73;0;1.00;0;15;1;0;9;0;0;0;0.00;126;100;20;-1458.02;0
403;11;3;Colonie elfe;Elfes;0;0;32;5;26;1;0.74;0;1.00;0;16;0;10;7;1;0;0;0.00;395;197;20;-1627.77;0
403;11;4;Colonie orque;Orques;0;0;0;0;8;1;0.00;0;1.00;0;7;0;0;7;15;0;0;0.00;650;0;11;-304.34;1
403;11;5;Colonie humaine;Humains;0;0;17;1;23;1;0.75;0;1.00;0;16;0;0;8;8;0;0;0.00;53;92;20;-590.62;0
403;11;6;Colonie naine;Nains;0;0;42;8;40;2;0.73;0;1.00;0;16;1;11;7;3;0;0;0.00;158;228;20;-1914.40;1
403;12;1;Première colonie;Humains;0;0;25;1;28;1;0.73;0;1.00;0;17;1;3;5;8;0;0;0.00;5;113;20;-2477.56;0
403;12;2;Colonie naine;Nains;0;0;24;4;24;1;0.71;0;1.00;0;16;1;3;9;0;0;0;0.00;71;98;20;-1761.97;0
403;12;3;Colonie elfe;Elfes;0;0;34;6;28;1;0.71;0;1.00;0;17;0;11;7;1;0;0;0.00;547;164;20;-1820.41;0
403;12;4;Colonie orque;Orques;0;0;0;0;8;1;0.00;0;1.00;0;7;0;0;7;15;0;0;0.00;650;0;11;-304.34;1
403;12;5;Colonie humaine;Humains;0;0;16;1;23;1;0.68;0;1.00;0;17;0;9;8;9;0;0;0.00;44;65;20;-859.28;0
403;12;6;Colonie naine;Nains;0;0;45;9;40;2;0.72;1;1.00;0;17;1;13;7;3;0;0;0.00;1;257;20;-2177.59;1
403;13;1;Première colonie;Humains;0;0;20;1;29;1;0.76;0;1.00;0;18;1;3;5;13;0;0;0.00;107;207;20;-2677.97;0
403;13;2;Colonie naine;Nains;0;0;26;6;24;1;0.76;0;1.00;0;17;1;9;9;0;0;0;0.00;43;160;20;-1799.81;0
403;13;3;Colonie elfe;Elfes;0;0;39;8;30;1;0.73;0;1.00;0;18;0;11;7;1;0;0;0.00;521;184;20;-2031.63;0
403;13;4;Colonie orque;Orques;0;0;0;0;8;1;0.00;0;1.00;0;7;0;0;7;15;0;0;0.00;650;0;11;-304.34;1
403;13;5;Colonie humaine;Humains;0;0;16;2;23;1;0.66;0;1.00;0;17;0;10;8;12;0;0;0.00;20;87;20;-1108.69;0
403;13;6;Colonie naine;Nains;0;0;46;9;41;2;0.74;2;1.00;0;18;1;16;8;3;0;0;0.00;36;241;20;-2428.37;1
403;14;1;Première colonie;Humains;0;0;24;2;29;1;0.72;0;1.00;0;19;1;7;5;15;0;0;0.00;40;96;20;-2714.94;0
403;14;2;Colonie naine;Nains;0;0;30;4;27;2;0.73;0;1.00;0;18;1;9;9;0;0;0;0.00;22;183;20;-1977.71;0
403;14;3;Colonie elfe;Elfes;0;0;39;6;33;1;0.70;0;1.00;0;19;0;13;8;1;0;0;0.00;643;110;20;-2137.96;0
403;14;4;Colonie orque;Orques;0;0;0;0;8;1;0.00;0;1.00;0;7;0;0;7;15;0;0;0.00;650;0;11;-304.34;1
403;14;5;Colonie humaine;Humains;0;0;16;2;24;1;0.75;0;1.00;0;18;0;10;8;13;0;0;0.00;12;83;20;-1368.90;0
403;14;6;Colonie naine;Nains;0;0;49;9;43;3;0.69;1;1.00;0;19;1;16;8;4;0;0;0.00;32;327;20;-2709.20;1
403;15;1;Première colonie;Humains;0;0;32;3;29;1;0.70;4;1.00;0;19;1;15;5;15;0;0;0.00;114;186;20;-2926.28;0
403;15;2;Colonie naine;Nains;0;0;32;5;27;2;0.71;0;1.00;0;19;1;9;10;0;0;0;0.00;39;147;20;-2062.65;0
403;15;3;Colonie elfe;Elfes;0;0;41;7;34;1;0.73;0;1.00;0;19;1;12;9;1;0;0;0.00;529;99;20;-2159.32;0
403;15;4;Colonie orque;Orques;0;0;0;0;8;1;0.00;0;1.00;0;7;0;0;7;15;0;0;0.00;650;0;11;-304.34;1
403;15;5;Colonie humaine;Humains;0;0;19;3;25;1;0.76;0;1.00;0;19;1;10;8;14;0;0;0.00;151;99;20;-1680.05;0
403;15;6;Colonie naine;Nains;0;0;49;8;43;3;0.73;1;1.00;0;19;1;16;9;5;0;0;0.00;97;289;20;-2818.22;1
403;16;1;Première colonie;Humains;0;0;33;5;30;1;0.71;5;1.00;0;19;1;20;6;16;0;0;0.00;15;169;20;-3086.63;0
403;16;2;Colonie naine;Nains;0;0;33;6;28;2;0.73;1;1.00;0;19;1;10;10;1;0;0;0.00;39;164;20;-2316.37;0
403;16;3;Colonie elfe;Elfes;0;0;41;7;34;1;0.65;0;1.00;0;19;1;6;10;1;0;0;0.00;45;12;20;-2159.32;0
403;16;4;Colonie orque;Orques;0;0;0;0;8;1;0.00;0;1.00;0;7;0;0;7;15;0;0;0.00;650;0;11;-304.34;1
403;16;5;Colonie humaine;Humains;0;0;18;2;25;1;0.68;0;1.00;0;19;1;12;8;15;0;0;0.00;115;81;20;-1754.28;0
403;16;6;Colonie naine;Nains;0;0;51;9;44;3;0.72;4;1.00;0;19;1;16;9;6;0;0;0.00;455;293;20;-3069.59;1
403;17;1;Première colonie;Humains;0;0;33;6;30;1;0.71;5;1.00;0;19;1;21;6;18;0;0;0.00;4;170;20;-3226.07;0
403;17;2;Colonie naine;Nains;0;0;34;5;31;2;0.71;2;1.00;0;19;1;10;10;1;0;0;0.00;5;147;20;-2671.48;0
403;17;3;Colonie elfe;Elfes;0;0;34;7;34;1;0.64;0;1.00;0;19;1;6;10;1;0;0;0.00;64;31;20;-2159.32;1
403;17;4;Colonie orque;Orques;0;0;0;0;8;1;0.00;0;1.00;0;7;0;0;7;15;0;0;0.00;650;0;11;-304.34;1
403;17;5;Colonie humaine;Humains;0;0;20;2;27;1;0.72;0;1.00;0;19;1;13;8;15;0;0;0.00;317;64;20;-2046.18;0
403;17;6;Colonie naine;Nains;0;0;52;7;49;3;0.73;0;1.00;0;19;1;16;9;6;0;0;0.00;421;311;20;-3219.62;1
403;18;1;Première colonie;Humains;0;0;33;5;30;1;0.74;5;1.00;0;19;1;21;6;19;0;0;0.00;139;191;20;-3553.57;0
403;18;2;Colonie naine;Nains;0;0;37;6;33;2;0.73;5;1.00;0;19;1;6;11;1;0;0;0.00;94;102;20;-2713.88;0
403;18;3;Colonie elfe;Elfes;0;0;34;6;34;1;0.67;0;1.00;0;19;1;6;10;1;0;0;0.00;52;58;20;-2159.32;1
403;18;4;Colonie orque;Orques;0;0;0;0;8;1;0.00;0;1.00;0;7;0;0;7;15;0;0;0.00;650;0;11;-304.34;1
403;18;5;Colonie humaine;Humains;0;0;21;2;27;1;0.77;0;1.00;0;19;1;17;8;15;0;0;0.00;17;111;20;-2150.35;0
403;18;6;Colonie naine;Nains;0;0;53;10;49;3;0.74;0;1.00;0;19;1;16;9;9;0;0;0.00;582;332;20;-3294.70;1
403;19;1;Première colonie;Humains;0;0;33;3;30;1;0.69;5;1.00;0;19;1;21;6;20;0;0;0.00;37;150;20;-3884.54;0
403;19;2;Colonie naine;Nains;0;0;36;4;35;3;0.65;0;1.00;0;19;1;4;11;2;0;0;0.00;212;77;20;-2755.53;0
403;19;3;Colonie elfe;Elfes;0;0;34;6;34;1;0.65;0;1.00;0;19;1;6;10;1;0;0;0.00;100;57;20;-2251.60;1
403;19;4;Colonie orque;Orques;0;0;0;0;8;1;0.00;0;1.00;0;7;0;0;7;15;0;0;0.00;650;0;11;-304.34;1
403;19;5;Colonie humaine;Humains;0;0;22;4;27;1;0.82;0;1.00;0;19;1;19;8;16;0;0;0.00;0;117;20;-2456.63;0
403;19;6;Colonie naine;Nains;0;0;59;11;49;3;0.73;5;1.00;0;19;1;17;9;10;0;0;0.00;390;339;20;-3357.86;1
403;20;1;Première colonie;Humains;0;0;33;2;30;1;0.72;5;1.00;0;19;1;21;6;22;0;0;0.00;72;189;20;-4150.00;0
403;20;2;Colonie naine;Nains;0;0;38;7;36;3;0.61;1;1.00;0;19;1;4;11;3;0;0;0.00;5;73;20;-2887.60;0
403;20;3;Colonie elfe;Elfes;0;0;34;5;34;1;0.64;0;1.00;0;19;1;6;10;1;0;0;0.00;27;4;20;-2283.63;1
403;20;4;Colonie orque;Orques;0;0;0;0;8;1;0.00;0;1.00;0;7;0;0;7;15;0;0;0.00;650;0;11;-304.34;1
403;20;5;Colonie humaine;Humains;0;0;26;6;27;1;0.76;0;1.00;0;19;1;22;8;16;0;0;0.00;124;98;20;-2709.42;0
403;20;6;Colonie naine;Nains;0;0;59;9;49;3;0.77;5;1.00;0;19;1;17;9;10;0;0;0.00;658;338;20;-3573.10;1
403;21;1;Première colonie;Humains;0;0;33;2;30;1;0.71;5;1.00;0;19;1;21;6;23;0;0;0.00;59;166;20;-4367.25;0
403;21;2;Colonie naine;Nains;0;0;35;6;36;3;0.69;0;1.00;0;19;1;1;12;3;0;0;0.00;44;89;20;-2887.60;1
403;21;3;Colonie elfe;Elfes;0;0;31;5;34;1;0.66;0;1.00;0;19;1;6;10;1;0;0;0.00;27;17;20;-2283.63;1
403;21;4;Colonie orque;Orques;0;0;0;0;8;1;0.00;0;1.00;0;7;0;0;7;15;0;0;0.00;650;0;11;-304.34;1
403;21;5;Colonie humaine;Humains;0;0;26;6;30;1;0.75;0;1.00;0;19;1;41;8;17;0;0;0.00;118;98;20;-2953.07;0
403;21;6;Colonie naine;Nains;0;0;59;10;50;3;0.74;1;1.00;0;19;1;17;9;12;0;0;0.00;597;336;20;-3643.55;1
403;22;1;Première colonie;Humains;0;0;31;2;30;1;0.71;3;1.00;0;19;1;21;6;25;0;0;0.00;182;186;20;-4598.70;0
403;22;2;Colonie naine;Nains;0;0;34;4;37;3;0.63;0;1.00;0;19;1;1;12;4;0;0;0.00;41;90;20;-2917.78;1
403;22;3;Colonie elfe;Elfes;0;0;29;4;35;1;0.62;0;1.00;0;19;1;6;10;1;0;0;0.00;24;51;20;-2437.27;1
403;22;4;Colonie orque;Orques;0;0;0;0;8;1;0.00;0;1.00;0;7;0;0;7;15;0;0;0.00;650;0;11;-304.34;1
403;22;5;Colonie humaine;Humains;0;0;24;5;31;1;0.74;0;1.00;0;19;1;58;8;20;0;0;0.00;26;106;20;-3104.81;0
403;22;6;Colonie naine;Nains;0;0;57;8;51;3;0.77;0;1.00;0;19;1;17;10;15;0;0;0.00;343;320;20;-3643.55;1
403;23;1;Première colonie;Humains;0;0;29;2;30;1;0.72;1;1.00;0;19;1;21;6;29;0;0;0.00;47;151;20;-4891.91;0
403;23;2;Colonie naine;Nains;0;0;34;4;38;3;0.62;0;1.00;0;19;1;1;12;6;0;0;0.00;2;93;20;-2954.90;1
403;23;3;Colonie elfe;Elfes;0;0;30;5;35;1;0.71;0;1.00;0;19;1;9;10;1;0;0;0.00;123;174;20;-2414.60;1
403;23;4;Colonie orque;Orques;0;0;0;0;8;1;0.00;0;1.00;0;7;0;0;7;15;0;0;0.00;650;0;11;-304.34;1
403;23;5;Colonie humaine;Humains;0;0;22;2;31;1;0.78;0;1.00;0;19;1;63;8;22;0;0;0.00;334;111;20;-3369.15;0
403;23;6;Colonie naine;Nains;0;0;61;10;52;3;0.75;0;1.00;0;19;1;17;10;16;0;0;0.00;266;364;20;-3777.64;1
403;24;1;Première colonie;Humains;0;0;28;2;30;1;0.71;0;1.00;0;19;1;21;6;33;0;0;0.00;39;160;20;-5062.72;0
403;24;2;Colonie naine;Nains;0;0;30;4;29;2;0.72;0;1.00;0;19;1;1;12;11;0;0;0.00;8;120;20;-3014.50;1
403;24;3;Colonie elfe;Elfes;0;0;30;4;35;1;0.71;0;1.00;0;19;1;13;10;1;0;0;0.00;2;115;20;-2582.87;1
403;24;4;Colonie orque;Orques;0;0;0;0;8;1;0.00;0;1.00;0;7;0;0;7;15;0;0;0.00;650;0;11;-304.34;1
403;24;5;Colonie humaine;Humains;0;0;19;1;31;1;0.74;0;1.00;0;19;1;63;8;25;0;0;0.00;402;123;20;-3657.03;0
403;24;6;Colonie naine;Nains;0;0;65;9;54;3;0.69;4;1.00;0;19;1;17;10;17;0;0;0.00;214;451;20;-3944.87;1
403;25;1;Première colonie;Humains;0;0;27;5;30;1;0.76;0;1.00;0;19;1;28;6;37;0;0;0.00;2;149;20;-5305.15;0
403;25;2;Colonie naine;Nains;0;0;32;4;29;2;0.68;0;1.00;0;19;1;1;12;11;0;0;0.00;8;69;20;-3014.50;1
403;25;3;Colonie elfe;Elfes;0;0;32;2;35;1;0.71;0;1.00;0;19;1;13;10;1;0;0;0.00;208;170;20;-2759.37;1
403;25;4;Colonie orque;Orques;0;0;0;0;8;1;0.00;0;1.00;0;7;0;0;7;15;0;0;0.00;650;0;11;-304.34;1
403;25;5;Colonie humaine;Humains;0;0;22;0;31;1;0.75;0;1.00;0;19;1;63;8;25;0;0;0.00;303;130;20;-3828.24;0
403;25;6;Colonie naine;Nains;0;0;66;8;55;3;0.72;5;1.00;0;19;1;17;10;18;0;0;0.00;238;397;20;-4122.61;1
403;26;1;Première colonie;Humains;0;0;30;7;30;1;0.76;2;1.00;0;19;1;28;6;41;0;0;0.00;5;202;20;-5401.92;0
403;26;2;Colonie naine;Nains;0;0;32;2;29;2;0.63;0;1.00;0;19;1;1;12;12;0;0;0.00;100;63;20;-3148.72;1
403;26;3;Colonie elfe;Elfes;0;0;36;3;35;1;0.71;0;1.00;0;19;1;16;10;1;0;0;0.00;211;174;20;-2862.09;1
403;26;4;Colonie orque;Orques;0;0;0;0;8;1;0.00;0;1.00;0;7;0;0;7;15;0;0;0.00;650;0;11;-304.34;1
403;26;5;Colonie humaine;Humains;0;0;22;0;31;1;0.76;0;1.00;0;19;1;63;8;27;0;0;0.00;184;142;20;-4104.62;0
403;26;6;Colonie naine;Nains;0;0;66;8;56;3;0.78;6;1.00;0;19;1;17;10;22;0;0;0.00;232;408;20;-4292.34;1
403;27;1;Première colonie;Humains;0;0;33;7;30;1;0.76;5;1.00;0;19;1;28;6;41;0;0;0.00;25;200;20;-5669.06;0
403;27;2;Colonie naine;Nains;0;0;28;2;29;2;0.67;0;1.00;0;19;1;1;12;13;0;0;0.00;97;71;20;-3153.06;1
403;27;3;Colonie elfe;Elfes;0;0;37;3;35;1;0.73;0;1.00;0;19;1;16;10;1;0;0;0.00;211;182;20;-2951.34;1
403;27;4;Colonie orque;Orques;0;0;0;0;8;1;0.00;0;1.00;0;7;0;0;7;15;0;0;0.00;650;0;11;-304.34;1
403;27;5;Colonie humaine;Humains;0;0;25;2;31;1;0.80;0;1.00;0;19;1;63;8;28;0;0;0.00;33;172;20;-4254.94;0
403;27;6;Colonie naine;Nains;0;0;65;6;56;3;0.74;5;1.00;0;19;1;17;10;23;0;0;0.00;284;357;20;-4367.59;1
403;28;1;Première colonie;Humains;0;0;32;4;30;1;0.75;4;1.00;0;19;1;28;6;42;0;0;0.00;35;199;20;-5754.39;0
403;28;2;Colonie naine;Nains;0;0;27;3;29;2;0.61;0;1.00;0;19;1;1;12;15;0;0;0.00;11;63;20;-3153.06;1
403;28;3;Colonie elfe;Elfes;0;0;38;4;35;1;0.72;0;1.00;0;19;1;16;10;1;0;0;0.00;99;217;20;-2967.68;1
403;28;4;Colonie orque;Orques;0;0;0;0;8;1;0.00;0;1.00;0;7;0;0;7;15;0;0;0.00;650;0;11;-304.34;1
403;28;5;Colonie humaine;Humains;0;0;28;4;31;1;0.73;0;1.00;0;19;1;63;8;30;0;0;0.00;135;163;20;-4647.58;0
403;28;6;Colonie naine;Nains;0;0;66;7;56;3;0.68;7;1.00;10;19;1;17;10;25;0;0;0.00;204;359;20;-4544.75;1
403;29;1;Première colonie;Humains;0;0;38;2;33;2;0.73;0;1.00;0;19;1;28;7;42;0;0;0.00;83;312;20;-6139.90;0
403;29;2;Colonie naine;Nains;0;0;26;3;29;2;0.67;0;1.00;0;19;1;1;12;16;0;0;0.00;11;70;20;-3228.23;1
403;29;3;Colonie elfe;Elfes;0;0;38;4;37;2;0.73;0;1.00;0;19;1;20;11;2;0;0;0.00;154;212;20;-3270.24;1
403;29;4;Colonie orque;Orques;0;0;0;0;8;1;0.00;0;1.00;0;7;0;0;7;15;0;0;0.00;650;0;11;-304.34;1
403;29;5;Colonie humaine;Humains;0;0;32;7;33;2;0.77;0;1.00;0;19;1;63;9;30;0;0;0.00;123;176;20;-4752.78;0
403;29;6;Colonie naine;Nains;0;0;64;5;56;3;0.71;5;1.00;10;19;1;17;11;27;0;0;0.00;316;364;20;-4730.81;1
403;30;1;Première colonie;Humains;0;0;38;2;34;2;0.73;0;1.00;0;19;1;28;8;44;0;0;0.00;155;230;20;-6134.68;0
403;30;2;Colonie naine;Nains;0;0;26;2;29;2;0.70;0;1.00;0;19;1;1;12;17;0;0;0.00;10;88;20;-3388.43;1
403;30;3;Colonie elfe;Elfes;0;0;38;4;37;2;0.73;0;1.00;0;19;1;21;11;3;0;0;0.00;126;200;20;-3357.46;1
403;30;4;Colonie orque;Orques;0;0;0;0;8;1;0.00;0;1.00;0;7;0;0;7;15;0;0;0.00;650;0;11;-304.34;1
403;30;5;Colonie humaine;Humains;0;0;38;8;37;2;0.74;1;1.00;0;19;1;63;9;30;0;0;0.00;170;163;20;-4867.95;0
403;30;6;Colonie naine;Nains;0;0;64;3;56;3;0.72;6;1.00;10;19;1;17;11;28;0;0;0.00;79;360;20;-4987.96;1
403;31;1;Première colonie;Humains;0;0;43;5;37;2;0.73;3;1.00;0;19;1;28;8;44;0;0;0.00;55;239;20;-6382.12;0
403;31;2;Colonie naine;Nains;0;0;26;2;29;2;0.73;0;1.00;0;19;1;1;12;17;0;0;0.00;35;107;20;-3451.06;1
403;31;3;Colonie elfe;Elfes;0;0;39;5;40;2;0.74;0;1.00;0;19;1;21;11;4;0;0;0.00;141;187;20;-3499.74;1
403;31;4;Colonie orque;Orques;0;0;0;0;8;1;0.00;0;1.00;0;7;0;0;7;15;0;0;0.00;650;0;11;-304.34;1
403;31;5;Colonie humaine;Humains;0;0;41;8;41;2;0.73;0;1.00;0;19;1;63;9;31;0;0;0.00;124;218;20;-5038.76;0
403;31;6;Colonie naine;Nains;0;0;65;4;58;3;0.69;0;1.00;10;19;1;18;11;29;0;0;0.00;219;408;20;-5142.87;1
403;32;1;Première colonie;Humains;0;0;45;7;38;2;0.74;5;1.00;0;19;1;28;8;45;0;0;0.00;70;243;20;-6522.01;0
403;32;2;Colonie naine;Nains;0;0;26;1;29;2;0.71;0;1.00;0;19;1;1;12;17;0;0;0.00;35;114;20;-3518.39;1
403;32;3;Colonie elfe;Elfes;0;0;44;7;40;2;0.73;0;1.00;0;19;1;21;11;4;0;0;0.00;222;184;20;-3634.91;1
403;32;4;Colonie orque;Orques;0;0;0;0;8;1;0.00;0;1.00;0;7;0;0;7;15;0;0;0.00;650;0;11;-304.34;1
403;32;5;Colonie humaine;Humains;0;0;43;8;42;2;0.76;2;1.00;0;19;1;64;9;32;0;0;0.00;110;220;20;-5242.31;0
403;32;6;Colonie naine;Nains;0;0;69;7;59;3;0.70;0;1.00;10;19;1;18;11;31;0;0;0.00;92;467;20;-5213.55;1
403;33;1;Première colonie;Humains;0;0;44;6;39;2;0.74;4;1.00;0;19;1;28;8;46;0;0;0.00;142;216;20;-6683.74;0
403;33;2;Colonie naine;Nains;0;0;29;3;29;2;0.71;0;1.00;0;19;1;1;12;17;0;0;0.00;3;99;20;-3667.04;1
403;33;3;Colonie elfe;Elfes;0;0;46;8;44;2;0.76;0;1.00;0;19;1;21;11;4;0;0;0.00;98;237;20;-3799.62;1
403;33;4;Colonie orque;Orques;0;0;0;0;8;1;0.00;0;1.00;0;7;0;0;7;15;0;0;0.00;650;0;11;-304.34;1
403;33;5;Colonie humaine;Humains;0;0;45;7;42;2;0.74;5;1.00;0;19;1;64;10;33;0;0;0.00;93;246;20;-5362.98;0
403;33;6;Colonie naine;Nains;0;0;69;9;61;4;0.73;0;1.00;10;19;1;18;11;34;0;0;0.00;77;488;20;-5403.22;1
403;34;1;Première colonie;Humains;0;0;45;4;39;2;0.72;6;1.00;0;19;1;28;8;48;0;0;0.00;177;224;20;-6891.56;0
403;34;2;Colonie naine;Nains;0;0;32;3;30;2;0.62;1;1.00;0;19;1;1;12;17;0;0;0.00;30;62;20;-3713.83;1
403;34;3;Colonie elfe;Elfes;0;0;46;8;44;2;0.65;0;1.00;0;19;1;21;11;5;0;0;0.00;75;194;20;-3912.20;1
403;34;4;Colonie orque;Orques;0;0;0;0;8;1;0.00;0;1.00;0;7;0;0;7;15;0;0;0.00;650;0;11;-304.34;1
403;34;5;Colonie humaine;Humains;0;0;44;5;42;2;0.76;5;1.00;0;19;1;64;10;36;0;0;0.00;136;266;20;-5618.62;0
403;34;6;Colonie naine;Nains;0;0;76;9;61;4;0.66;3;1.00;10;19;1;18;11;34;0;0;0.00;66;542;20;-5452.58;1
403;35;1;Première colonie;Humains;0;0;43;2;40;3;0.73;1;1.00;0;19;1;28;8;51;0;0;0.00;73;271;20;-7023.70;0
403;35;2;Colonie naine;Nains;0;0;27;3;30;2;0.70;0;1.00;0;19;1;1;12;17;0;0;0.00;13;102;20;-3713.83;1
403;35;3;Colonie elfe;Elfes;0;0;47;7;44;2;0.72;0;1.00;0;19;1;21;11;6;0;0;0.00;82;172;20;-4026.10;1
403;35;4;Colonie orque;Orques;0;0;0;0;8;1;0.00;0;1.00;0;7;0;0;7;15;0;0;0.00;650;0;11;-304.34;1
403;35;5;Colonie humaine;Humains;0;0;46;4;42;2;0.73;7;1.00;0;19;1;64;10;36;0;0;0.00;172;224;20;-5766.78;0
403;35;6;Colonie naine;Nains;0;0;76;12;61;4;0.67;2;1.00;10;19;1;19;12;37;0;0;0.00;102;570;20;-5662.28;1
403;36;1;Première colonie;Humains;0;0;44;3;40;3;0.73;3;1.00;0;19;1;28;8;54;0;0;0.00;90;245;20;-7147.49;0
403;36;2;Colonie naine;Nains;0;0;29;5;30;2;0.67;0;1.00;0;19;1;1;12;17;0;0;0.00;13;88;20;-3777.92;1
403;36;3;Colonie elfe;Elfes;0;0;51;9;44;2;0.71;2;1.00;0;19;1;23;11;7;0;0;0.00;97;233;20;-4218.43;1
403;36;4;Colonie orque;Orques;0;0;0;0;8;1;0.00;0;1.00;0;7;0;0;7;15;0;0;0.00;650;0;11;-304.34;1
403;36;5;Colonie humaine;Humains;0;0;44;3;42;2;0.73;6;1.00;0;19;1;64;10;39;0;0;0.00;216;265;20;-5922.18;0
403;36;6;Colonie naine;Nains;0;0;80;14;62;4;0.72;6;1.00;10;19;1;19;13;37;0;0;0.00;110;541;20;-5767.61;1
403;37;1;Première colonie;Humains;0;0;39;2;40;3;0.72;0;1.00;0;19;1;28;8;59;0;0;0.00;107;202;20;-7340.42;0
403;37;2;Colonie naine;Nains;0;0;28;6;30;2;0.70;0;1.00;0;19;1;1;12;19;0;0;0.00;40;102;20;-3823.09;1
403;37;3;Colonie elfe;Elfes;0;0;51;10;44;2;0.70;2;1.00;0;19;1;23;11;8;0;0;0.00;37;218;20;-4353.21;1
403;37;4;Colonie orque;Orques;0;0;0;0;8;1;0.00;0;1.00;0;7;0;0;7;15;0;0;0.00;650;0;11;-304.34;1
403;37;5;Colonie humaine;Humains;0;0;43;3;42;2;0.74;5;1.00;0;19;1;64;10;40;0;0;0.00;273;345;20;-5942.69;0
403;37;6;Colonie naine;Nains;0;0;80;13;62;4;0.68;6;1.00;10;19;1;19;13;38;0;0;0.00;91;542;20;-5861.08;1
403;38;1;Première colonie;Humains;0;0;47;4;40;3;0.74;7;1.00;0;19;1;28;9;61;0;0;0.00;106;314;20;-7454.12;0
403;38;2;Colonie naine;Nains;0;0;29;6;30;2;0.73;0;1.00;0;19;1;1;12;19;0;0;0.00;12;86;20;-4012.36;1
403;38;3;Colonie elfe;Elfes;0;0;53;11;44;2;0.74;4;1.00;0;19;1;24;12;8;0;0;0.00;52;202;20;-4499.08;1
403;38;4;Colonie orque;Orques;0;0;0;0;8;1;0.00;0;1.00;0;7;0;0;7;15;0;0;0.00;650;0;11;-304.34;1
403;38;5;Colonie humaine;Humains;0;0;41;2;42;2;0.74;3;1.00;0;19;1;65;10;43;0;0;0.00;5;259;20;-6045.98;0
403;38;6;Colonie naine;Nains;0;0;80;10;62;4;0.74;6;1.00;10;19;1;20;13;38;0;0;0.00;74;472;20;-5906.11;1
403;39;1;Première colonie;Humains;0;0;46;3;40;3;0.73;6;1.00;0;19;1;28;9;62;0;0;0.00;250;265;20;-7747.31;0
403;39;2;Colonie naine;Nains;0;0;30;5;30;2;0.70;0;1.00;0;19;1;1;12;20;0;0;0.00;4;130;20;-4070.27;1
403;39;3;Colonie elfe;Elfes;0;0;53;10;44;2;0.69;4;1.00;0;19;1;23;12;8;0;0;0.00;0;233;20;-4683.85;1
403;39;4;Colonie orque;Orques;0;0;0;0;8;1;0.00;0;1.00;0;7;0;0;7;15;0;0;0.00;650;0;11;-304.34;1
403;39;5;Colonie humaine;Humains;0;0;40;3;42;2;0.73;3;1.00;0;19;1;65;10;48;0;0;0.00;16;281;20;-6172.24;0
403;39;6;Colonie naine;Nains;0;0;80;9;62;4;0.73;6;1.00;10;19;1;20;13;39;0;0;0.00;98;443;20;-6013.54;1
403;40;1;Première colonie;Humains;0;0;43;4;40;3;0.75;5;1.00;0;19;1;28;9;67;0;0;0.00;145;267;20;-7930.09;0
403;40;2;Colonie naine;Nains;0;0;30;5;30;2;0.63;0;1.00;0;19;1;1;12;21;0;0;0.00;20;64;20;-4261.52;1
403;40;3;Colonie elfe;Elfes;0;0;53;10;44;2;0.72;5;1.00;0;19;1;22;12;9;0;0;0.00;9;162;20;-4871.74;1
403;40;4;Colonie orque;Orques;0;0;0;0;8;1;0.00;0;1.00;0;7;0;0;7;15;0;0;0.00;650;0;11;-304.34;1
403;40;5;Colonie humaine;Humains;0;0;40;3;42;2;0.77;3;1.00;0;19;1;65;10;50;0;0;0.00;41;249;20;-6326.49;0
403;40;6;Colonie naine;Nains;0;0;78;8;62;4;0.74;5;1.00;10;19;1;20;13;41;0;0;0.00;67;476;20;-6013.54;1
403;41;1;Première colonie;Humains;0;0;44;2;40;3;0.74;6;1.00;0;19;1;28;9;69;0;0;0.00;92;235;20;-8172.55;0
403;41;2;Colonie naine;Nains;0;0;31;5;30;2;0.68;1;1.00;0;19;1;1;12;21;0;0;0.00;29;95;20;-4261.52;1
403;41;3;Colonie elfe;Elfes;0;0;54;11;44;2;0.74;6;1.00;0;19;1;18;12;9;0;0;0.00;23;160;20;-5020.93;1
403;41;4;Colonie orque;Orques;0;0;0;0;8;1;0.00;0;1.00;0;7;0;0;7;15;0;0;0.00;650;0;11;-304.34;1
403;41;5;Colonie humaine;Humains;0;0;39;4;42;2;0.76;2;1.00;0;19;1;65;10;55;0;0;0.00;47;223;20;-6405.85;0
403;41;6;Colonie naine;Nains;0;0;78;6;62;4;0.71;5;1.00;10;19;1;20;13;42;0;0;0.00;114;540;20;-6310.29;1
403;42;1;Première colonie;Humains;0;0;42;4;40;3;0.71;4;1.00;0;19;1;28;9;73;0;0;0.00;10;215;20;-8403.18;0
403;42;2;Colonie naine;Nains;0;0;31;3;30;2;0.64;1;1.00;0;19;1;1;12;21;0;0;0.00;2;41;20;-4475.70;1
403;42;3;Colonie elfe;Elfes;0;0;53;11;44;2;0.65;5;1.00;0;19;1;11;12;10;0;0;0.00;23;28;20;-5065.76;1
403;42;4;Colonie orque;Orques;0;0;0;0;8;1;0.00;0;1.00;0;7;0;0;7;15;0;0;0.00;650;0;11;-304.34;1
403;42;5;Colonie humaine;Humains;0;0;40;4;42;2;0.78;3;1.00;0;19;1;71;10;57;0;0;0.00;48;235;20;-6588.78;0
403;42;6;Colonie naine;Nains;0;0;74;5;62;4;0.69;1;1.00;10;19;1;20;13;48;0;0;0.00;158;540;20;-6429.82;1
403;43;1;Première colonie;Humains;0;0;41;3;40;3;0.71;3;1.00;0;19;1;28;9;75;0;0;0.00;66;265;20;-8674.70;0
403;43;2;Colonie naine;Nains;0;0;2;0;30;2;0.76;0;1.00;0;19;1;1;12;49;0;0;0.00;2;12;20;-4475.70;1
403;43;3;Colonie elfe;Elfes;0;0;52;11;44;2;0.59;5;1.00;0;19;1;9;12;11;0;0;0.00;0;9;20;-5109.21;1
403;43;4;Colonie orque;Orques;0;0;0;0;8;1;0.00;0;1.00;0;7;0;0;7;15;0;0;0.00;650;0;11;-304.34;1
403;43;5;Colonie humaine;Humains;0;0;40;6;42;2;0.76;3;1.00;0;19;1;73;10;60;0;0;0.00;3;320;20;-6764.19;0
403;43;6;Colonie naine;Nains;0;0;74;4;62;4;0.74;1;1.00;10;19;1;20;13;51;0;0;0.00;178;398;20;-6565.76;1
403;44;1;Première colonie;Humains;0;0;42;3;40;3;0.74;4;1.00;0;19;1;28;10;76;0;0;0.00;47;249;20;-8828.50;0
403;44;2;Colonie naine;Nains;0;0;1;0;30;2;0.51;0;1.00;0;19;1;1;12;50;0;0;0.00;2;15;20;-4475.70;1
403;44;3;Colonie elfe;Elfes;0;0;48;9;44;2;0.72;1;1.00;0;19;1;8;12;11;0;0;0.00;1;36;20;-5109.21;1
403;44;4;Colonie orque;Orques;0;0;0;0;8;1;0.00;0;1.00;0;7;0;0;7;15;0;0;0.00;650;0;11;-304.34;1
403;44;5;Colonie humaine;Humains;0;0;42;8;42;2;0.73;5;1.00;0;19;1;78;10;62;0;0;0.00;12;261;20;-6959.72;0
403;44;6;Colonie naine;Nains;0;0;77;8;64;4;0.67;4;1.00;10;19;1;20;13;52;0;0;0.00;224;516;20;-6736.58;1
403;45;1;Première colonie;Humains;0;0;39;1;40;3;0.72;2;1.00;0;19;1;28;10;79;0;0;0.00;21;213;20;-9008.60;0
403;45;2;Colonie naine;Nains;0;0;1;0;30;2;0.58;0;1.00;0;19;1;1;12;50;0;0;0.00;2;17;20;-4475.70;1
403;45;3;Colonie elfe;Elfes;0;0;40;8;44;2;0.65;0;1.00;0;19;1;8;12;12;0;0;0.00;1;19;20;-5140.01;1
403;45;4;Colonie orque;Orques;0;0;0;0;8;1;0.00;0;1.00;0;7;0;0;7;15;0;0;0.00;650;0;11;-304.34;1
403;45;5;Colonie humaine;Humains;0;0;44;7;42;2;0.74;7;1.00;0;19;1;81;10;63;0;0;0.00;16;248;20;-7253.10;0
403;45;6;Colonie naine;Nains;0;0;78;8;64;4;0.75;5;1.00;10;19;1;20;14;53;0;0;0.00;232;435;20;-6736.58;1
403;46;1;Première colonie;Humains;0;0;38;1;40;3;0.74;2;1.00;0;19;1;28;10;83;0;0;0.00;8;226;20;-9281.67;0
403;46;2;Colonie naine;Nains;0;0;1;0;30;2;0.56;0;1.00;0;19;1;1;12;50;0;0;0.00;2;15;20;-4475.70;1
403;46;3;Colonie elfe;Elfes;0;0;35;8;44;2;0.58;0;1.00;0;19;1;8;12;15;0;0;0.00;1;29;20;-5140.01;1
403;46;4;Colonie orque;Orques;0;0;0;0;8;1;0.00;0;1.00;0;7;0;0;7;15;0;0;0.00;650;0;11;-304.34;1
403;46;5;Colonie humaine;Humains;0;0;44;6;42;2;0.76;7;1.00;0;19;1;81;11;64;0;0;0.00;4;229;20;-7253.10;0
403;46;6;Colonie naine;Nains;0;0;76;8;64;4;0.72;5;1.00;10;19;1;20;14;55;0;0;0.00;246;505;20;-6963.29;1
403;47;1;Première colonie;Humains;0;0;35;0;42;4;0.72;0;1.00;0;19;1;28;10;87;0;0;0.00;6;193;20;-9366.94;0
403;47;2;Colonie naine;Nains;0;0;1;0;30;2;0.65;0;1.00;0;19;1;1;12;50;0;0;0.00;2;15;20;-4475.70;1
403;47;3;Colonie elfe;Elfes;0;0;37;8;44;2;0.70;0;1.00;0;19;1;8;12;15;0;0;0.00;23;93;20;-5140.01;1
403;47;4;Colonie orque;Orques;0;0;0;0;8;1;0.00;0;1.00;0;7;0;0;7;15;0;0;0.00;650;0;11;-304.34;1
403;47;5;Colonie humaine;Humains;0;0;45;5;42;2;0.75;8;1.00;0;19;1;83;11;66;0;0;0.00;35;227;20;-7415.07;0
403;47;6;Colonie naine;Nains;0;0;71;9;64;4;0.73;2;1.00;10;19;1;20;15;62;0;0;0.00;77;437;20;-6963.29;1
403;48;1;Première colonie;Humains;0;0;34;1;43;4;0.73;0;1.00;0;19;1;38;11;93;0;0;0.00;5;162;20;-9538.68;0
403;48;2;Colonie naine;Nains;0;0;1;0;30;2;0.58;0;1.00;0;19;1;1;12;50;0;0;0.00;2;15;20;-4475.70;1
403;48;3;Colonie elfe;Elfes;0;0;36;6;44;2;0.62;0;1.00;0;19;1;8;12;16;0;0;0.00;2;36;20;-5140.01;1
403;48;4;Colonie orque;Orques;0;0;0;0;8;1;0.00;0;1.00;0;7;0;0;7;15;0;0;0.00;650;0;11;-304.34;1
403;48;5;Colonie humaine;Humains;0;0;42;4;42;2;0.72;5;1.00;0;19;1;83;11;69;0;0;0.00;49;208;20;-7423.17;0
403;48;6;Colonie naine;Nains;0;0;73;10;64;4;0.74;4;1.00;10;19;1;20;15;64;0;0;0.00;114;448;20;-7009.09;1
403;49;1;Première colonie;Humains;0;0;35;3;45;4;0.75;0;1.00;0;19;1;40;11;96;0;0;0.00;105;201;20;-9712.55;0
403;49;2;Colonie naine;Nains;0;0;1;0;30;2;0.58;0;1.00;0;19;1;1;12;50;0;0;0.00;2;16;20;-4475.70;1
403;49;3;Colonie elfe;Elfes;0;0;32;5;44;2;0.65;0;1.00;0;19;1;8;12;16;0;0;0.00;2;57;20;-5235.90;1
403;49;4;Colonie orque;Orques;0;0;0;0;8;1;0.00;0;1.00;0;7;0;0;7;15;0;0;0.00;650;0;11;-304.34;1
403;49;5;Colonie humaine;Humains;0;0;40;3;42;2;0.74;4;1.00;0;19;1;83;12;72;0;0;0.00;15;205;20;-7594.96;0
403;49;6;Colonie naine;Nains;0;0;72;10;64;4;0.70;3;1.00;10;19;1;20;15;66;0;0;0.00;180;491;20;-7169.59;1
403;50;1;Première colonie;Humains;0;0;36;5;45;4;0.75;0;1.00;0;19;1;40;11;100;0;0;0.00;85;202;20;-9829.33;0
403;50;2;Colonie naine;Nains;0;0;1;0;30;2;0.61;0;1.00;0;19;1;1;12;50;0;0;0.00;2;15;20;-4475.70;1
403;50;3;Colonie elfe;Elfes;0;0;33;4;44;2;0.63;0;1.00;0;19;1;8;12;16;0;0;0.00;11;62;20;-5342.35;1
403;50;4;Colonie orque;Orques;0;0;0;0;8;1;0.00;0;1.00;0;7;0;0;7;15;0;0;0.00;650;0;11;-304.34;1
403;50;5;Colonie humaine;Humains;0;0;37;1;42;2;0.72;1;1.00;0;19;1;84;12;77;0;0;0.00;3;185;20;-7650.32;0
403;50;6;Colonie naine;Nains;0;0;72;9;64;4;0.71;3;1.00;10;19;1;20;15;69;0;0;0.00;66;450;20;-7242.15;1
403;51;1;Première colonie;Humains;0;0;38;5;46;4;0.69;0;1.00;0;19;1;40;11;103;0;0;0.00;175;221;20;-9981.93;0
403;51;2;Colonie naine;Nains;0;0;1;0;30;2;0.63;0;1.00;0;19;1;1;12;50;0;0;0.00;2;14;20;-4475.70;1
403;51;3;Colonie elfe;Elfes;0;0;33;3;44;2;0.68;0;1.00;0;19;1;8;12;17;0;0;0.00;11;81;20;-5363.04;1
403;51;4;Colonie orque;Orques;0;0;0;0;8;1;0.00;0;1.00;0;7;0;0;7;15;0;0;0.00;650;0;11;-304.34;1
403;51;5;Colonie humaine;Humains;0;0;38;3;42;2;0.72;2;1.00;0;19;1;84;12;80;0;0;0.00;4;145;20;-7870.44;0
403;51;6;Colonie naine;Nains;0;0;71;8;64;4;0.70;2;1.00;10;19;1;20;15;70;0;0;0.00;109;542;20;-7378.12;1
403;52;1;Première colonie;Humains;0;0;37;3;46;4;0.77;0;1.00;0;19;1;40;11;105;0;0;0.00;175;206;20;-10004.94;0
403;52;2;Colonie naine;Nains;0;0;1;0;30;2;0.33;0;1.00;0;19;1;1;12;50;0;0;0.00;2;7;20;-4475.70;1
403;52;3;Colonie elfe;Elfes;0;0;34;2;44;2;0.67;0;1.00;0;19;1;8;12;17;0;0;0.00;16;94;20;-5472.00;1
403;52;4;Colonie orque;Orques;0;0;0;0;8;1;0.00;0;1.00;0;7;0;0;7;15;0;0;0.00;650;0;11;-304.34;1
403;52;5;Colonie humaine;Humains;0;0;37;3;42;2;0.71;1;1.00;0;19;1;84;12;84;0;0;0.00;9;183;20;-7870.44;0
403;52;6;Colonie naine;Nains;0;0;70;9;64;4;0.73;1;1.00;10;19;1;20;15;74;0;0;0.00;73;463;20;-7378.12;1
403;53;1;Première colonie;Humains;0;0;41;4;46;4;0.72;1;1.00;0;19;1;40;11;107;0;0;0.00;227;229;20;-10198.02;0
403;53;2;Colonie naine;Nains;0;0;1;0;30;2;0.56;0;1.00;0;19;1;1;12;50;0;0;0.00;2;6;20;-4475.70;1
403;53;3;Colonie elfe;Elfes;0;0;36;2;44;2;0.67;0;1.00;0;19;1;8;12;18;0;0;0.00;4;91;20;-5472.00;1
403;53;4;Colonie orque;Orques;0;0;0;0;8;1;0.00;0;1.00;0;7;0;0;7;15;0;0;0.00;650;0;11;-304.34;1
403;53;5;Colonie humaine;Humains;0;0;37;6;42;2;0.75;1;1.00;0;19;1;84;12;88;0;0;0.00;9;153;20;-8054.06;0
403;53;6;Colonie naine;Nains;0;0;70;9;64;4;0.67;1;1.00;10;19;1;20;15;76;0;0;0.00;65;528;20;-7424.25;1
403;54;1;Première colonie;Humains;0;0;41;5;46;4;0.73;1;1.00;0;19;1;40;11;109;0;0;0.00;57;223;20;-10292.01;0
403;54;2;Colonie naine;Nains;0;0;1;0;30;2;0.39;0;1.00;0;19;1;1;12;50;0;0;0.00;2;4;20;-4475.70;1
403;54;3;Colonie elfe;Elfes;0;0;36;2;44;2;0.71;0;1.00;0;19;1;8;12;18;0;0;0.00;4;74;20;-5568.93;1
403;54;4;Colonie orque;Orques;0;0;0;0;8;1;0.00;0;1.00;0;7;0;0;7;15;0;0;0.00;650;0;11;-304.34;1
403;54;5;Colonie humaine;Humains;0;0;40;7;42;2;0.76;4;1.00;0;19;1;84;12;89;0;0;0.00;14;250;20;-8214.90;0
403;54;6;Colonie naine;Nains;0;0;68;7;64;4;0.68;0;1.00;10;19;1;20;15;79;0;0;0.00;121;476;20;-7531.06;1
403;55;1;Première colonie;Humains;0;0;39;5;46;4;0.73;0;1.00;0;19;1;40;11;111;0;0;0.00;176;236;20;-10506.30;0
403;55;2;Colonie naine;Nains;0;0;1;0;30;2;0.60;0;1.00;0;19;1;1;12;50;0;0;0.00;2;8;20;-4475.70;1
403;55;3;Colonie elfe;Elfes;0;0;35;2;44;2;0.68;0;1.00;0;19;1;8;12;19;0;0;0.00;0;86;20;-5579.22;1
403;55;4;Colonie orque;Orques;0;0;0;0;8;1;0.00;0;1.00;0;7;0;0;7;15;0;0;0.00;650;0;11;-304.34;1
403;55;5;Colonie humaine;Humains;0;0;40;8;42;2;0.76;4;1.00;0;19;1;84;12;90;0;0;0.00;1;263;20;-8235.04;0
403;55;6;Colonie naine;Nains;0;0;68;8;64;4;0.74;0;1.00;10;19;1;20;15;82;0;0;0.00;104;454;20;-7586.23;1
403;56;1;Première colonie;Humains;0;0;41;4;46;4;0.74;1;1.00;0;19;1;40;11;112;0;0;0.00;176;242;20;-10579.14;0
403;56;2;Colonie naine;Nains;0;0;1;0;30;2;0.55;0;1.00;0;19;1;1;12;50;0;0;0.00;2;3;20;-4475.70;1
403;56;3;Colonie elfe;Elfes;0;0;35;2;44;2;0.62;0;1.00;0;19;1;8;12;19;0;0;0.00;0;49;20;-5691.92;1
403;56;4;Colonie orque;Orques;0;0;0;0;8;1;0.00;0;1.00;0;7;0;0;7;15;0;0;0.00;650;0;11;-304.34;1
403;56;5;Colonie humaine;Humains;0;0;41;6;42;2;0.72;5;1.00;0;19;1;84;12;91;0;0;0.00;15;222;20;-8385.25;0
403;56;6;Colonie naine;Nains;0;0;65;6;64;4;0.74;0;1.00;10;19;1;20;15;86;0;0;0.00;100;394;20;-7586.23;1
403;57;1;Première colonie;Humains;0;0;41;4;46;4;0.73;1;1.00;0;19;1;41;11;114;0;0;0.00;117;241;20;-10659.78;0
403;57;2;Colonie naine;Nains;0;0;1;0;30;2;0.53;0;1.00;0;19;1;1;12;50;0;0;0.00;2;4;20;-4475.70;1
403;57;3;Colonie elfe;Elfes;0;0;35;2;46;3;0.71;0;1.00;0;19;1;5;12;19;0;0;0.00;0;80;20;-5691.92;1
403;57;4;Colonie orque;Orques;0;0;0;0;8;1;0.00;0;1.00;0;7;0;0;7;15;0;0;0.00;650;0;11;-304.34;1
403;57;5;Colonie humaine;Humains;0;0;43;5;42;2;0.73;7;1.00;0;19;1;84;12;92;0;0;0.00;20;260;20;-8405.26;0
403;57;6;Colonie naine;Nains;0;0;71;8;64;4;0.75;2;1.00;10;19;1;20;15;88;0;0;0.00;67;469;20;-7645.91;1
403;58;1;Première colonie;Humains;0;0;39;5;46;4;0.69;0;1.00;0;19;1;41;11;120;0;0;0.00;160;241;20;-10858.08;0
403;58;2;Colonie naine;Nains;0;0;1;0;30;2;0.60;0;1.00;0;19;1;1;12;50;0;0;0.00;2;12;20;-4475.70;1
403;58;3;Colonie elfe;Elfes;0;0;34;3;46;3;0.64;0;1.00;0;19;1;5;13;21;0;0;0.00;5;110;20;-5809.58;1
403;58;4;Colonie orque;Orques;0;0;0;0;8;1;0.00;0;1.00;0;7;0;0;7;15;0;0;0.00;650;0;11;-304.34;1
403;58;5;Colonie humaine;Humains;0;0;39;4;42;2;0.74;3;1.00;0;19;1;84;12;96;0;0;0.00;44;226;20;-8673.63;0
403;58;6;Colonie naine;Nains;0;0;70;7;64;4;0.74;1;1.00;10;19;1;20;15;90;0;0;0.00;67;455;20;-7707.60;1
403;59;1;Première colonie;Humains;0;0;40;3;47;4;0.75;0;1.00;0;19;1;41;11;121;0;0;0.00;112;208;20;-10975.33;0
403;59;2;Colonie naine;Nains;0;0;1;0;30;2;0.35;0;1.00;0;19;1;1;12;50;0;0;0.00;2;3;20;-4475.70;1
403;59;3;Colonie elfe;Elfes;0;0;35;4;46;3;0.64;0;1.00;0;19;1;5;13;21;0;0;0.00;10;68;20;-5809.58;1
403;59;4;Colonie orque;Orques;0;0;0;0;8;1;0.00;0;1.00;0;7;0;0;7;15;0;0;0.00;650;0;11;-304.34;1
403;59;5;Colonie humaine;Humains;0;0;39;2;42;2;0.74;3;1.00;0;19;1;84;12;97;0;0;0.00;56;264;20;-8774.11;0
403;59;6;Colonie naine;Nains;0;0;68;5;64;4;0.70;0;1.00;10;19;1;20;15;93;0;0;0.00;65;452;20;-7877.58;1
403;60;1;Première colonie;Humains;0;0;41;2;47;4;0.71;0;1.00;0;19;1;41;11;125;0;0;0.00;133;232;20;-11113.11;0
403;60;2;Colonie naine;Nains;0;0;0;0;30;2;0.00;0;1.00;0;19;1;1;12;51;0;0;0.00;2;3;20;-4475.70;1
403;60;3;Colonie elfe;Elfes;0;0;32;5;46;3;0.71;0;1.00;0;19;1;5;13;21;0;0;0.00;53;62;20;-5821.92;1
403;60;4;Colonie orque;Orques;0;0;0;0;8;1;0.00;0;1.00;0;7;0;0;7;15;0;0;0.00;650;0;11;-304.34;1
403;60;5;Colonie humaine;Humains;0;0;42;2;42;2;0.76;6;1.00;0;19;1;84;12;98;0;0;0.00;37;261;20;-8873.94;0
403;60;6;Colonie naine;Nains;0;0;71;7;64;4;0.71;2;1.00;10;19;1;20;15;97;0;0;0.00;78;509;20;-7905.22;1
403;61;1;Première colonie;Humains;0;0;38;1;47;4;0.71;0;1.00;0;19;1;41;11;130;0;0;0.00;125;251;20;-11186.84;0
403;61;2;Colonie naine;Nains;0;0;0;0;30;2;0.00;0;1.00;0;19;1;1;12;51;0;0;0.00;2;3;20;-4475.70;1
403;61;3;Colonie elfe;Elfes;0;0;32;5;46;3;0.69;0;1.00;10;19;1;5;13;21;0;0;0.00;46;102;20;-5900.12;1
403;61;4;Colonie orque;Orques;0;0;0;0;8;1;0.00;0;1.00;0;7;0;0;7;15;0;0;0.00;650;0;11;-304.34;1
403;61;5;Colonie humaine;Humains;0;0;40;2;44;3;0.72;0;1.00;0;19;1;84;13;102;0;0;0.00;33;140;20;-8913.51;0
403;61;6;Colonie naine;Nains;0;0;71;7;64;4;0.72;2;1.00;10;19;1;20;15;99;0;0;0.00;78;492;20;-7984.55;1
403;62;1;Première colonie;Humains;0;0;37;2;47;4;0.74;0;1.00;0;19;1;41;11;135;0;0;0.00;102;232;20;-11297.63;0
403;62;2;Colonie naine;Nains;0;0;0;0;30;2;0.00;0;1.00;0;19;1;1;12;51;0;0;0.00;2;3;20;-4475.70;1
403;62;3;Colonie elfe;Elfes;0;0;32;4;46;3;0.70;0;1.00;10;19;1;5;13;21;0;0;0.00;20;126;20;-5923.92;1
403;62;4;Colonie orque;Orques;0;0;0;0;8;1;0.00;0;1.00;0;7;0;0;7;15;0;0;0.00;650;0;11;-304.34;1
403;62;5;Colonie humaine;Humains;0;0;40;4;47;3;0.75;0;1.00;0;19;1;84;13;104;0;0;0.00;14;231;20;-9108.58;0
403;62;6;Colonie naine;Nains;0;0;74;10;64;4;0.67;5;1.00;10;19;1;20;15;100;0;0;0.00;101;556;20;-8184.26;1
403;63;1;Première colonie;Humains;0;0;43;4;48;4;0.73;0;1.00;0;19;1;41;11;138;0;0;0.00;65;259;20;-11435.04;0
403;63;2;Colonie naine;Nains;0;0;0;0;30;2;0.00;0;1.00;0;19;1;1;12;51;0;0;0.00;2;3;20;-4475.70;1
403;63;3;Colonie elfe;Elfes;0;0;33;5;46;3;0.74;0;1.00;10;19;1;5;13;21;0;0;0.00;6;133;20;-6040.77;1
403;63;4;Colonie orque;Orques;0;0;0;0;8;1;0.00;0;1.00;0;7;0;0;7;15;0;0;0.00;650;0;11;-304.34;1
403;63;5;Colonie humaine;Humains;0;0;43;4;47;3;0.75;3;1.00;0;19;1;84;13;107;0;0;0.00;91;265;20;-9297.40;0
403;63;6;Colonie naine;Nains;0;0;76;10;64;4;0.71;7;1.00;10;19;1;20;15;100;0;0;0.00;68;515;20;-8290.26;1
403;64;1;Première colonie;Humains;0;0;47;9;48;4;0.74;0;1.00;0;19;1;42;11;139;0;0;0.00;57;306;20;-11626.77;0
403;64;2;Colonie naine;Nains;0;0;0;0;30;2;0.00;0;1.00;0;19;1;1;12;51;0;0;0.00;2;3;20;-4475.70;1
403;64;3;Colonie elfe;Elfes;0;0;34;6;46;3;0.70;0;1.00;10;19;1;5;13;21;0;0;0.00;17;183;20;-6089.66;1
403;64;4;Colonie orque;Orques;0;0;0;0;8;1;0.00;0;1.00;0;7;0;0;7;15;0;0;0.00;650;0;11;-304.34;1
403;64;5;Colonie humaine;Humains;0;0;43;6;47;3;0.76;3;1.00;0;19;1;84;13;111;0;0;0.00;25;263;20;-9505.62;0
403;64;6;Colonie naine;Nains;0;0;75;10;64;4;0.75;6;1.00;10;19;1;20;15;101;0;0;0.00;66;590;20;-8290.26;1
403;65;1;Première colonie;Humains;0;0;50;11;48;4;0.75;2;1.00;0;19;1;42;11;139;0;0;0.00;48;280;20;-11832.64;0
403;65;2;Colonie naine;Nains;0;0;0;0;30;2;0.00;0;1.00;0;19;1;1;12;51;0;0;0.00;2;3;20;-4475.70;1
403;65;3;Colonie elfe;Elfes;0;0;37;6;46;3;0.70;0;1.00;10;19;1;5;13;21;0;0;0.00;28;148;20;-6192.95;1
403;65;4;Colonie orque;Orques;0;0;0;0;8;1;0.00;0;1.00;0;7;0;0;7;15;0;0;0.00;650;0;11;-304.34;1
403;65;5;Colonie humaine;Humains;0;0;44;5;47;3;0.71;4;1.00;0;19;1;84;13;114;0;0;0.00;34;136;20;-9547.13;0
403;65;6;Colonie naine;Nains;0;0;74;10;64;4;0.71;5;1.00;10;19;1;20;15;102;0;0;0.00;136;543;20;-8359.89;1
403;66;1;Première colonie;Humains;0;0;53;10;48;4;0.72;5;1.00;0;19;1;42;11;139;0;0;0.00;1;305;20;-11985.14;0
403;66;2;Colonie naine;Nains;0;0;0;0;30;2;0.00;0;1.00;0;19;1;1;12;51;0;0;0.00;2;3;20;-4475.70;1
403;66;3;Colonie elfe;Elfes;0;0;38;7;46;3;0.63;0;1.00;10;19;1;5;13;21;0;0;0.00;36;104;20;-6286.35;1
403;66;4;Colonie orque;Orques;0;0;0;0;8;1;0.00;0;1.00;0;7;0;0;7;15;0;0;0.00;650;0;11;-304.34;1
403;66;5;Colonie humaine;Humains;0;0;43;5;47;3;0.75;6;1.00;0;19;1;84;13;117;0;0;0.00;54;178;20;-9778.99;0
403;66;6;Colonie naine;Nains;0;0;75;10;66;4;0.67;6;1.00;10;19;1;20;15;104;0;0;0.00;101;506;20;-8447.80;1
403;67;1;Première colonie;Humains;0;0;54;7;48;4;0.74;6;1.00;0;19;1;42;11;140;0;0;0.00;74;303;20;-12118.95;0
403;67;2;Colonie naine;Nains;0;0;0;0;30;2;0.00;0;1.00;0;19;1;1;12;51;0;0;0.00;2;3;20;-4475.70;1
403;67;3;Colonie elfe;Elfes;0;0;38;7;47;3;0.67;0;1.00;10;19;1;5;13;21;0;0;0.00;6;111;20;-6286.35;1
403;67;4;Colonie orque;Orques;0;0;0;0;8;1;0.00;0;1.00;0;7;0;0;7;15;0;0;0.00;650;0;11;-304.34;1
403;67;5;Colonie humaine;Humains;0;0;41;3;47;4;0.75;1;1.00;0;19;1;84;13;119;0;0;0.00;54;316;20;-9813.62;0
403;67;6;Colonie naine;Nains;0;0;74;10;66;4;0.73;5;1.00;10;19;1;20;15;106;0;0;0.00;76;488;20;-8556.69;1
403;68;1;Première colonie;Humains;0;0;53;5;48;4;0.72;5;1.00;0;19;1;42;12;142;0;0;0.00;92;310;20;-12267.90;0
403;68;2;Colonie naine;Nains;0;0;0;0;30;2;0.00;0;1.00;0;19;1;1;12;51;0;0;0.00;2;3;20;-4475.70;1
403;68;3;Colonie elfe;Elfes;0;0;38;8;48;3;0.69;0;1.00;10;19;1;5;13;22;0;0;0.00;6;88;20;-6322.76;1
403;68;4;Colonie orque;Orques;0;0;0;0;8;1;0.00;0;1.00;0;7;0;0;7;15;0;0;0.00;650;0;11;-304.34;1
403;68;5;Colonie humaine;Humains;0;0;40;4;49;4;0.78;0;1.00;0;19;1;84;14;123;0;0;0.00;14;242;20;-9886.10;0
403;68;6;Colonie naine;Nains;0;0;75;9;66;4;0.70;6;1.00;10;19;1;20;15;108;0;0;0.00;82;569;20;-8752.81;1
403;69;1;Première colonie;Humains;0;0;54;4;48;4;0.72;6;1.00;0;19;1;42;12;144;0;0;0.00;48;345;20;-12267.90;0
403;69;2;Colonie naine;Nains;0;0;0;0;30;2;0.00;0;1.00;0;19;1;1;12;51;0;0;0.00;2;3;20;-4475.70;1
403;69;3;Colonie elfe;Elfes;0;0;37;7;48;3;0.60;0;1.00;10;19;1;5;13;23;0;0;0.00;10;54;20;-6404.61;1
403;69;4;Colonie orque;Orques;0;0;0;0;8;1;0.00;0;1.00;0;7;0;0;7;15;0;0;0.00;650;0;11;-304.34;1
403;69;5;Colonie humaine;Humains;0;0;45;5;50;4;0.77;4;1.00;0;19;1;84;14;124;0;0;0.00;14;282;20;-10000.74;0
403;69;6;Colonie naine;Nains;0;0;73;7;66;4;0.74;4;1.00;10;19;1;20;15;111;0;0;0.00;65;469;20;-8853.01;1
403;70;1;Première colonie;Humains;0;0;49;2;48;4;0.70;1;1.00;0;19;1;42;12;149;0;0;0.00;6;276;20;-12515.76;0
403;70;2;Colonie naine;Nains;0;0;0;0;30;2;0.00;0;1.00;0;19;1;1;12;51;0;0;0.00;2;3;20;-4475.70;1
403;70;3;Colonie elfe;Elfes;0;0;35;6;49;3;0.61;0;1.00;10;19;1;5;13;23;0;0;0.00;1;68;20;-6404.61;1
403;70;4;Colonie orque;Orques;0;0;0;0;8;1;0.00;0;1.00;0;7;0;0;7;15;0;0;0.00;650;0;11;-304.34;1
403;70;5;Colonie humaine;Humains;0;0;47;6;52;4;0.71;6;1.00;0;19;1;84;14;125;0;0;0.00;77;167;20;-10131.33;0
403;70;6;Colonie naine;Nains;0;0;73;8;66;4;0.72;4;1.00;10;19;1;20;15;113;0;0;0.00;68;491;20;-9030.72;1
403;71;1;Première colonie;Humains;0;0;49;3;48;4;0.72;1;1.00;0;19;1;42;12;152;0;0;0.00;3;283;20;-12594.48;0
403;71;2;Colonie naine;Nains;0;0;0;0;30;2;0.00;0;1.00;0;19;1;1;12;51;0;0;0.00;2;3;20;-4475.70;1
403;71;3;Colonie elfe;Elfes;0;0;34;5;51;3;0.63;0;1.00;10;19;1;5;13;24;0;0;0.00;5;62;20;-6487.28;1
403;71;4;Colonie orque;Orques;0;0;0;0;8;1;0.00;0;1.00;0;7;0;0;7;15;0;0;0.00;650;0;11;-304.34;1
403;71;5;Colonie humaine;Humains;0;0;44;5;52;4;0.75;3;1.00;0;19;1;84;14;129;0;0;0.00;69;224;20;-10270.44;0
403;71;6;Colonie naine;Nains;0;0;74;10;66;4;0.71;5;1.00;10;19;1;20;15;114;0;0;0.00;111;532;20;-9108.04;1
403;72;1;Première colonie;Humains;0;0;48;6;48;4;0.73;0;1.00;0;19;1;42;13;158;0;0;0.00;8;310;20;-12712.35;0
403;72;2;Colonie naine;Nains;0;0;0;0;30;2;0.00;0;1.00;0;19;1;1;12;51;0;0;0.00;2;3;20;-4475.70;1
403;72;3;Colonie elfe;Elfes;0;0;35;4;44;2;0.63;0;1.00;10;19;1;5;13;24;0;0;0.00;9;26;20;-6487.28;1
403;72;4;Colonie orque;Orques;0;0;0;0;8;1;0.00;0;1.00;0;7;0;0;7;15;0;0;0.00;650;0;11;-304.34;1
403;72;5;Colonie humaine;Humains;0;0;42;3;54;4;0.76;1;1.00;0;19;1;84;14;132;0;0;0.00;112;286;20;-10369.86;0
403;72;6;Colonie naine;Nains;0;0;74;10;66;4;0.72;5;1.00;10;19;1;20;15;117;0;0;0.00;95;557;20;-9209.46;1
403;73;1;Première colonie;Humains;0;0;51;9;48;4;0.73;3;1.00;0;19;1;42;13;161;0;0;0.00;12;303;20;-12795.42;0
403;73;2;Colonie naine;Nains;0;0;0;0;30;2;0.00;0;1.00;0;19;1;1;12;51;0;0;0.00;2;3;20;-4475.70;1
403;73;3;Colonie elfe;Elfes;0;0;30;4;46;3;0.68;0;1.00;10;19;1;5;13;24;0;0;0.00;9;71;20;-6509.31;1
403;73;4;Colonie orque;Orques;0;0;0;0;8;1;0.00;0;1.00;0;7;0;0;7;15;0;0;0.00;650;0;11;-304.34;1
403;73;5;Colonie humaine;Humains;0;0;43;3;54;4;0.74;2;1.00;0;19;1;84;14;134;0;0;0.00;80;198;20;-10544.06;0
403;73;6;Colonie naine;Nains;0;0;73;10;66;4;0.66;4;1.00;10;19;1;20;15;119;0;0;0.00;104;560;20;-9209.46;1
403;74;1;Première colonie;Humains;0;0;51;9;48;4;0.72;3;1.00;0;19;1;42;13;165;0;0;0.00;17;325;20;-12850.66;0
403;74;2;Colonie naine;Nains;0;0;0;0;30;2;0.00;0;1.00;0;19;1;1;12;51;0;0;0.00;2;3;20;-4475.70;1
403;74;3;Colonie elfe;Elfes;0;0;30;4;46;3;0.65;0;1.00;10;19;1;5;14;24;0;0;0.00;14;71;20;-6509.31;1
403;74;4;Colonie orque;Orques;0;0;0;0;8;1;0.00;0;1.00;0;7;0;0;7;15;0;0;0.00;650;0;11;-304.34;1
403;74;5;Colonie humaine;Humains;0;0;41;4;54;4;0.78;1;1.00;0;19;1;84;14;139;0;0;0.00;87;272;20;-10608.40;0
403;74;6;Colonie naine;Nains;0;0;70;9;66;4;0.70;2;1.00;10;19;1;20;15;126;0;0;0.00;99;525;20;-9288.79;1
403;75;1;Première colonie;Humains;0;0;53;7;48;4;0.71;5;1.00;0;19;1;42;13;168;0;0;0.00;17;333;20;-12965.02;0
403;75;2;Colonie naine;Nains;0;0;0;0;30;2;0.00;0;1.00;0;19;1;1;12;51;0;0;0.00;2;3;20;-4475.70;1
403;75;3;Colonie elfe;Elfes;0;0;32;3;46;3;0.72;0;1.00;10;19;1;5;14;24;0;0;0.00;6;171;20;-6601.26;1
403;75;4;Colonie orque;Orques;0;0;0;0;8;1;0.00;0;1.00;0;7;0;0;7;15;0;0;0.00;650;0;11;-304.34;1
403;75;5;Colonie humaine;Humains;0;0;39;5;54;4;0.76;0;1.00;0;19;1;84;14;143;0;0;0.00;64;187;20;-10779.59;0
403;75;6;Colonie naine;Nains;0;0;71;10;66;4;0.72;3;1.00;10;19;1;20;15;127;0;0;0.00;65;488;20;-9288.79;1
403;76;1;Première colonie;Humains;0;0;51;6;48;4;0.70;3;1.00;0;19;1;42;13;172;0;0;0.00;9;291;20;-13051.16;0
403;76;2;Colonie naine;Nains;0;0;0;0;30;2;0.00;0;1.00;0;19;1;1;12;51;0;0;0.00;2;3;20;-4475.70;1
403;76;3;Colonie elfe;Elfes;0;0;32;2;49;3;0.70;0;1.00;10;19;1;5;14;25;0;0;0.00;26;130;20;-6642.96;1
403;76;4;Colonie orque;Orques;0;0;0;0;8;1;0.00;0;1.00;0;7;0;0;7;15;0;0;0.00;650;0;11;-304.34;1
403;76;5;Colonie humaine;Humains;0;0;40;6;54;4;0.74;2;1.00;0;19;1;84;14;146;0;0;0.00;2;136;20;-10973.92;0
403;76;6;Colonie naine;Nains;0;0;71;12;66;4;0.70;3;1.00;10;19;1;20;15;131;0;0;0.00;153;488;20;-9343.14;1
403;77;1;Première colonie;Humains;0;0;51;7;48;4;0.71;3;1.00;0;19;1;42;13;175;0;0;0.00;2;285;20;-13231.90;0
403;77;2;Colonie naine;Nains;0;0;0;0;30;2;0.00;0;1.00;0;19;1;1;12;51;0;0;0.00;2;3;20;-4475.70;1
403;77;3;Colonie elfe;Elfes;0;0;32;2;51;4;0.72;0;1.00;10;19;1;5;15;25;0;0;0.00;9;134;20;-6834.07;1
403;77;4;Colonie orque;Orques;0;0;0;0;8;1;0.00;0;1.00;0;7;0;0;7;15;0;0;0.00;650;0;11;-304.34;1
403;77;5;Colonie humaine;Humains;0;0;38;4;54;4;0.78;1;1.00;0;19;1;84;14;149;0;0;0.00;90;268;20;-11085.87;0
403;77;6;Colonie naine;Nains;0;0;71;10;66;4;0.67;3;1.00;10;19;1;20;15;132;0;0;0.00;66;530;20;-9450.98;1
403;78;1;Première colonie;Humains;0;0;52;8;48;4;0.69;4;1.00;0;19;1;42;13;178;0;0;0.00;49;294;20;-13437.05;0
403;78;2;Colonie naine;Nains;0;0;0;0;30;2;0.00;0;1.00;0;19;1;1;12;51;0;0;0.00;2;3;20;-4475.70;1
403;78;3;Colonie elfe;Elfes;0;0;31;2;51;4;0.72;0;1.00;10;19;1;5;15;28;0;0;0.00;52;155;20;-6870.61;1
403;78;4;Colonie orque;Orques;0;0;0;0;8;1;0.00;0;1.00;0;7;0;0;7;15;0;0;0.00;650;0;11;-304.34;1
403;78;5;Colonie humaine;Humains;0;0;41;3;54;4;0.70;4;1.00;0;19;1;84;14;150;0;0;0.00;54;216;20;-11176.61;0
403;78;6;Colonie naine;Nains;0;0;70;8;66;4;0.72;2;1.00;10;19;1;20;15;135;0;0;0.00;105;485;20;-9496.29;1
403;79;1;Première colonie;Humains;0;0;51;7;48;4;0.71;3;1.00;0;19;1;42;13;180;0;0;0.00;71;296;20;-13551.45;0
403;79;2;Colonie naine;Nains;0;0;0;0;30;2;0.00;0;1.00;0;19;1;1;12;51;0;0;0.00;2;3;20;-4475.70;1
403;79;3;Colonie elfe;Elfes;0;0;32;3;52;4;0.71;0;1.00;10;19;1;5;15;28;0;0;0.00;49;189;20;-6915.05;1
403;79;4;Colonie orque;Orques;0;0;0;0;8;1;0.00;0;1.00;0;7;0;0;7;15;0;0;0.00;650;0;11;-304.34;1
403;79;5;Colonie humaine;Humains;0;0;39;2;54;4;0.72;2;1.00;0;19;1;84;14;154;0;0;0.00;68;174;20;-11350.04;0
403;79;6;Colonie naine;Nains;0;0;74;10;66;4;0.70;6;1.00;10;19;1;20;15;136;0;0;0.00;76;586;20;-9630.16;1
403;80;1;Première colonie;Humains;0;0;53;6;48;4;0.70;5;1.00;0;19;1;42;13;180;0;0;0.00;68;335;20;-13614.59;0
403;80;2;Colonie naine;Nains;0;0;0;0;30;2;0.00;0;1.00;0;19;1;1;12;51;0;0;0.00;2;3;20;-4475.70;1
403;80;3;Colonie elfe;Elfes;0;0;33;2;53;4;0.70;0;1.00;10;19;1;5;15;28;0;0;0.00;44;186;20;-7162.91;1
403;80;4;Colonie orque;Orques;0;0;0;0;8;1;0.00;0;1.00;0;7;0;0;7;15;0;0;0.00;650;0;11;-304.34;1
403;80;5;Colonie humaine;Humains;0;0;39;3;54;4;0.76;2;1.00;0;19;1;84;14;155;0;0;0.00;44;178;20;-11486.42;0
403;80;6;Colonie naine;Nains;0;0;75;10;66;4;0.71;7;1.00;10;19;1;20;15;137;0;0;0.00;108;527;20;-9630.16;1
403;81;1;Première colonie;Humains;0;0;54;4;48;4;0.71;6;1.00;0;19;1;42;13;180;0;0;0.00;93;353;20;-13699.79;0
403;81;2;Colonie naine;Nains;0;0;0;0;30;2;0.00;0;1.00;0;19;1;1;12;51;0;0;0.00;2;3;20;-4475.70;1
403;81;3;Colonie elfe;Elfes;0;0;34;3;53;4;0.72;0;1.00;10;19;1;5;15;29;0;0;0.00;59;199;20;-7178.58;1
403;81;4;Colonie orque;Orques;0;0;0;0;8;1;0.00;0;1.00;0;7;0;0;7;15;0;0;0.00;650;0;11;-304.34;1
403;81;5;Colonie humaine;Humains;0;0;37;5;54;4;0.72;0;1.00;0;19;1;84;14;161;0;0;0.00;8;228;20;-11568.38;0
403;81;6;Colonie naine;Nains;0;0;73;11;66;4;0.72;5;1.00;10;19;1;20;15;141;0;0;0.00;88;488;20;-9684.33;1
403;82;1;Première colonie;Humains;0;0;53;6;48;4;0.69;5;1.00;0;19;1;42;13;184;0;0;0.00;43;307;20;-13813.03;0
403;82;2;Colonie naine;Nains;0;0;0;0;30;2;0.00;0;1.00;0;19;1;1;12;51;0;0;0.00;2;3;20;-4475.70;1
403;82;3;Colonie elfe;Elfes;0;0;39;5;53;4;0.71;0;1.00;10;19;1;5;15;29;0;0;0.00;10;147;20;-7321.73;1
403;82;4;Colonie orque;Orques;0;0;0;0;8;1;0.00;0;1.00;0;7;0;0;7;15;0;0;0.00;650;0;11;-304.34;1
403;82;5;Colonie humaine;Humains;0;0;41;6;54;4;0.78;4;1.00;0;19;1;84;14;162;0;0;0.00;76;297;20;-11692.91;0
403;82;6;Colonie naine;Nains;0;0;74;12;66;4;0.71;6;1.00;10;19;1;20;15;144;0;0;0.00;152;529;20;-9811.08;1
403;83;1;Première colonie;Humains;0;0;50;7;48;4;0.68;2;1.00;0;19;1;42;13;191;0;0;0.00;10;308;20;-14109.93;0
403;83;2;Colonie naine;Nains;0;0;0;0;30;2;0.00;0;1.00;0;19;1;1;12;51;0;0;0.00;2;3;20;-4475.70;1
403;83;3;Colonie elfe;Elfes;0;0;40;7;53;4;0.67;0;1.00;10;19;1;5;15;30;0;0;0.00;72;133;20;-7343.22;1
403;83;4;Colonie orque;Orques;0;0;0;0;8;1;0.00;0;1.00;0;7;0;0;7;15;0;0;0.00;650;0;11;-304.34;1
403;83;5;Colonie humaine;Humains;0;0;40;6;54;4;0.74;3;1.00;0;19;1;84;14;164;0;0;0.00;25;235;20;-12009.13;0
403;83;6;Colonie naine;Nains;0;0;73;13;66;4;0.71;5;1.00;10;19;1;20;15;147;0;0;0.00;67;479;20;-9921.36;1
403;84;1;Première colonie;Humains;0;0;50;9;48;4;0.75;2;1.00;0;19;1;42;13;197;0;0;0.00;46;318;20;-14261.21;0
403;84;2;Colonie naine;Nains;0;0;0;0;30;2;0.00;0;1.00;0;19;1;1;12;51;0;0;0.00;2;3;20;-4475.70;1
403;84;3;Colonie elfe;Elfes;0;0;40;7;53;4;0.69;0;1.00;10;19;1;5;15;30;0;0;0.00;57;160;20;-7352.11;1
403;84;4;Colonie orque;Orques;0;0;0;0;8;1;0.00;0;1.00;0;7;0;0;7;15;0;0;0.00;650;0;11;-304.34;1
403;84;5;Colonie humaine;Humains;0;0;39;5;54;4;0.78;2;1.00;0;19;1;84;14;167;0;0;0.00;67;340;20;-12175.91;0
403;84;6;Colonie naine;Nains;0;0;70;13;66;4;0.74;2;1.00;10;19;1;20;15;151;0;0;0.00;137;504;20;-10079.29;1
403;85;1;Première colonie;Humains;0;0;51;10;48;4;0.70;3;1.00;0;19;1;42;13;202;0;0;0.00;12;300;20;-14421.11;0
403;85;2;Colonie naine;Nains;0;0;0;0;30;2;0.00;0;1.00;0;19;1;1;12;51;0;0;0.00;2;3;20;-4475.70;1
403;85;3;Colonie elfe;Elfes;0;0;42;9;53;4;0.62;0;1.00;10;19;1;5;16;30;0;0;0.00;17;145;20;-7352.11;1
403;85;4;Colonie orque;Orques;0;0;0;0;8;1;0.00;0;1.00;0;7;0;0;7;15;0;0;0.00;650;0;11;-304.34;1
403;85;5;Colonie humaine;Humains;0;0;41;4;54;4;0.76;4;1.00;0;19;1;84;14;168;0;0;0.00;110;226;20;-12229.50;0
403;85;6;Colonie naine;Nains;0;0;73;15;66;4;0.74;5;1.00;10;19;1;20;15;153;0;0;0.00;117;500;20;-10142.13;1
403;86;1;Première colonie;Humains;0;0;53;10;48;4;0.68;5;1.00;0;19;1;42;13;203;0;0;0.00;27;277;20;-14525.70;0
403;86;2;Colonie naine;Nains;0;0;0;0;30;2;0.00;0;1.00;0;19;1;1;12;51;0;0;0.00;2;3;20;-4475.70;1
403;86;3;Colonie elfe;Elfes;0;0;43;10;53;4;0.63;0;1.00;10;19;1;5;16;30;0;0;0.00;45;114;20;-7356.84;1
403;86;4;Colonie orque;Orques;0;0;0;0;8;1;0.00;0;1.00;0;7;0;0;7;15;0;0;0.00;650;0;11;-304.34;1
403;86;5;Colonie humaine;Humains;0;0;41;4;54;4;0.75;4;1.00;0;19;1;84;14;169;0;0;0.00;72;221;20;-12391.80;0
403;86;6;Colonie naine;Nains;0;0;72;13;66;4;0.73;4;1.00;10;19;1;20;15;157;0;0;0.00;100;511;20;-10284.83;1
403;87;1;Première colonie;Humains;0;0;51;8;48;4;0.71;3;1.00;0;19;1;42;14;207;0;0;0.00;4;276;20;-14545.90;0
403;87;2;Colonie naine;Nains;0;0;0;0;30;2;0.00;0;1.00;0;19;1;1;12;51;0;0;0.00;2;3;20;-4475.70;1
403;87;3;Colonie elfe;Elfes;0;0;42;10;53;4;0.66;0;1.00;10;19;1;5;16;31;0;0;0.00;11;105;20;-7456.14;1
403;87;4;Colonie orque;Orques;0;0;0;0;8;1;0.00;0;1.00;0;7;0;0;7;15;0;0;0.00;650;0;11;-304.34;1
403;87;5;Colonie humaine;Humains;0;0;42;3;54;4;0.76;5;1.00;0;19;1;84;14;170;0;0;0.00;12;211;20;-12424.84;0
403;87;6;Colonie naine;Nains;0;0;75;14;66;4;0.75;7;1.00;10;19;1;20;15;157;0;0;0.00;161;544;20;-10413.11;1
403;88;1;Première colonie;Humains;0;0;53;5;48;4;0.73;5;1.00;0;19;1;42;14;207;0;0;0.00;13;294;20;-14716.19;0
403;88;2;Colonie naine;Nains;0;0;0;0;30;2;0.00;0;1.00;0;19;1;1;12;51;0;0;0.00;2;3;20;-4475.70;1
403;88;3;Colonie elfe;Elfes;0;0;41;10;53;4;0.67;0;1.00;10;19;1;5;16;32;0;0;0.00;14;100;20;-7456.14;1
403;88;4;Colonie orque;Orques;0;0;0;0;8;1;0.00;0;1.00;0;7;0;0;7;15;0;0;0.00;650;0;11;-304.34;1
403;88;5;Colonie humaine;Humains;0;0;41;4;54;4;0.69;5;1.00;0;19;1;84;14;175;0;0;0.00;12;146;20;-12534.64;0
403;88;6;Colonie naine;Nains;0;0;75;10;66;4;0.67;7;1.00;10;19;1;20;15;157;0;0;0.00;77;557;20;-10519.84;1
403;89;1;Première colonie;Humains;0;0;53;3;48;4;0.73;5;1.00;0;19;1;42;14;209;0;0;0.00;35;332;20;-14783.83;0
403;89;2;Colonie naine;Nains;0;0;0;0;30;2;0.00;0;1.00;0;19;1;1;12;51;0;0;0.00;2;3;20;-4475.70;1
403;89;3;Colonie elfe;Elfes;0;0;40;10;53;4;0.66;0;1.00;10;19;1;5;16;33;0;0;0.00;17;101;20;-7495.18;1
403;89;4;Colonie orque;Orques;0;0;0;0;8;1;0.00;0;1.00;0;7;0;0;7;15;0;0;0.00;650;0;11;-304.34;1
403;89;5;Colonie humaine;Humains;0;0;40;3;54;4;0.74;4;1.00;0;19;1;84;14;178;0;0;0.00;64;196;20;-12603.72;0
403;89;6;Colonie naine;Nains;0;0;74;11;66;4;0.71;6;1.00;10;19;1;20;15;160;0;0;0.00;95;534;20;-10576.28;1
403;90;1;Première colonie;Humains;0;0;54;4;48;4;0.69;6;1.00;0;19;1;42;14;212;0;0;0.00;5;320;20;-14998.57;0
403;90;2;Colonie naine;Nains;0;0;0;0;30;2;0.00;0;1.00;0;19;1;1;12;51;0;0;0.00;2;3;20;-4475.70;1
403;90;3;Colonie elfe;Elfes;0;0;36;8;53;4;0.70;0;1.00;10;19;1;5;16;34;0;0;0.00;46;150;20;-7570.88;1
403;90;4;Colonie orque;Orques;0;0;0;0;8;1;0.00;0;1.00;0;7;0;0;7;15;0;0;0.00;650;0;11;-304.34;1
403;90;5;Colonie humaine;Humains;0;0;35;3;54;4;0.75;0;1.00;0;19;1;84;14;184;0;0;0.00;69;174;20;-12753.00;0
403;90;6;Colonie naine;Nains;0;0;73;10;66;4;0.72;5;1.00;10;19;1;20;15;161;0;0;0.00;90;498;20;-10576.28;1
403;91;1;Première colonie;Humains;0;0;51;4;48;4;0.70;3;1.00;0;19;1;42;14;216;0;0;0.00;15;292;20;-15201.81;0
403;91;2;Colonie naine;Nains;0;0;0;0;30;2;0.00;0;1.00;0;19;1;1;12;51;0;0;0.00;2;3;20;-4475.70;1
403;91;3;Colonie elfe;Elfes;0;0;38;10;53;4;0.70;0;1.00;10;19;1;5;16;34;0;0;0.00;36;181;20;-7588.45;1
403;91;4;Colonie orque;Orques;0;0;0;0;8;1;0.00;0;1.00;0;7;0;0;7;15;0;0;0.00;650;0;11;-304.34;1
403;91;5;Colonie humaine;Humains;0;0;33;3;54;4;0.73;0;1.00;0;19;1;84;14;188;0;0;0.00;13;158;20;-12799.83;0
403;91;6;Colonie naine;Nains;0;0;74;7;66;4;0.73;6;1.00;10;19;1;20;15;162;0;0;0.00;90;512;20;-10576.28;1
403;92;1;Première colonie;Humains;0;0;53;7;48;4;0.71;5;1.00;0;19;1;42;14;219;0;0;0.00;84;295;20;-15384.31;0
403;92;2;Colonie naine;Nains;0;0;0;0;30;2;0.00;0;1.00;0;19;1;1;12;51;0;0;0.00;2;3;20;-4475.70;1
403;92;3;Colonie elfe;Elfes;0;0;37;10;53;4;0.70;0;1.00;10;19;1;5;16;35;0;0;0.00;32;148;20;-7684.97;1
403;92;4;Colonie orque;Orques;0;0;0;0;8;1;0.00;0;1.00;0;7;0;0;7;15;0;0;0.00;650;0;11;-304.34;1
403;92;5;Colonie humaine;Humains;0;0;37;5;54;4;0.72;1;1.00;0;19;1;84;14;188;0;0;0.00;24;245;20;-12950.04;0
403;92;6;Colonie naine;Nains;0;0;72;7;66;4;0.73;4;1.00;10;19;1;20;15;164;0;0;0.00;112;489;20;-10576.28;1
403;93;1;Première colonie;Humains;0;0;51;7;48;4;0.74;3;1.00;0;19;1;42;14;223;0;0;0.00;28;306;20;-15495.24;0
403;93;2;Colonie naine;Nains;0;0;0;0;30;2;0.00;0;1.00;0;19;1;1;12;51;0;0;0.00;2;3;20;-4475.70;1
403;93;3;Colonie elfe;Elfes;0;0;37;9;53;4;0.70;0;1.00;10;19;1;5;16;35;0;0;0.00;63;147;20;-7696.61;1
403;93;4;Colonie orque;Orques;0;0;0;0;8;1;0.00;0;1.00;0;7;0;0;7;15;0;0;0.00;650;0;11;-304.34;1
403;93;5;Colonie humaine;Humains;0;0;36;6;54;4;0.77;0;1.00;0;19;1;84;14;192;0;0;0.00;24;259;20;-13107.98;0
403;93;6;Colonie naine;Nains;0;0;74;7;66;4;0.70;6;1.00;10;19;1;20;15;165;0;0;0.00;129;522;20;-10669.59;1
403;94;1;Première colonie;Humains;0;0;54;9;48;4;0.69;6;1.00;0;19;1;42;14;225;0;0;0.00;96;323;20;-15610.92;0
403;94;2;Colonie naine;Nains;0;0;0;0;30;2;0.00;0;1.00;0;19;1;1;12;51;0;0;0.00;2;3;20;-4475.70;1
403;94;3;Colonie elfe;Elfes;0;0;38;8;53;4;0.71;0;1.00;10;19;1;5;16;36;0;0;0.00;38;161;20;-7803.68;1
403;94;4;Colonie orque;Orques;0;0;0;0;8;1;0.00;0;1.00;0;7;0;0;7;15;0;0;0.00;650;0;11;-304.34;1
403;94;5;Colonie humaine;Humains;0;0;37;6;54;4;0.78;1;1.00;0;19;1;84;14;193;0;0;0.00;24;268;20;-13136.47;0
403;94;6;Colonie naine;Nains;0;0;71;8;66;4;0.73;3;1.00;10;19;1;20;16;169;0;0;0.00;81;522;20;-10715.16;1
403;95;1;Première colonie;Humains;0;0;54;5;48;4;0.71;6;1.00;0;19;1;42;14;225;0;0;0.00;9;283;20;-15666.61;0
403;95;2;Colonie naine;Nains;0;0;0;0;30;2;0.00;0;1.00;0;19;1;1;12;51;0;0;0.00;2;3;20;-4475.70;1
403;95;3;Colonie elfe;Elfes;0;0;40;6;53;4;0.67;0;1.00;10;19;1;5;16;36;0;0;0.00;75;115;20;-7817.58;1
403;95;4;Colonie orque;Orques;0;0;0;0;8;1;0.00;0;1.00;0;7;0;0;7;15;0;0;0.00;650;0;11;-304.34;1
403;95;5;Colonie humaine;Humains;0;0;35;4;54;4;0.71;0;1.00;0;19;1;84;14;196;0;0;0.00;7;258;20;-13339.48;0
403;95;6;Colonie naine;Nains;0;0;75;13;66;4;0.72;7;1.00;10;19;1;20;16;172;0;0;0.00;104;494;20;-10807.53;1
403;96;1;Première colonie;Humains;0;0;53;5;48;4;0.70;5;1.00;0;19;1;42;14;231;0;0;0.00;66;326;20;-15770.33;0
403;96;2;Colonie naine;Nains;0;0;0;0;30;2;0.00;0;1.00;0;19;1;1;12;51;0;0;0.00;2;3;20;-4475.70;1
403;96;3;Colonie elfe;Elfes;0;0;41;7;53;4;0.71;0;1.00;10;19;1;5;16;36;0;0;0.00;46;159;20;-7911.20;1
403;96;4;Colonie orque;Orques;0;0;0;0;8;1;0.00;0;1.00;0;7;0;0;7;15;0;0;0.00;650;0;11;-304.34;1
403;96;5;Colonie humaine;Humains;0;0;37;4;54;4;0.71;1;1.00;0;19;1;84;14;198;0;0;0.00;21;188;20;-13496.99;0
403;96;6;Colonie naine;Nains;0;0;76;14;66;4;0.66;8;1.00;10;19;1;20;16;172;0;0;0.00;93;575;20;-10850.90;1
403;97;1;Première colonie;Humains;0;0;52;3;48;4;0.69;4;1.00;0;19;1;42;14;235;0;0;0.00;3;295;20;-15905.31;0
403;97;2;Colonie naine;Nains;0;0;0;0;30;2;0.00;0;1.00;0;19;1;1;12;51;0;0;0.00;2;3;20;-4475.70;1
403;97;3;Colonie elfe;Elfes;0;0;41;5;53;4;0.66;0;1.00;10;19;1;5;16;36;0;0;0.00;27;135;20;-7911.20;1
403;97;4;Colonie orque;Orques;0;0;0;0;8;1;0.00;0;1.00;0;7;0;0;7;15;0;0;0.00;650;0;11;-304.34;1
403;97;5;Colonie humaine;Humains;0;0;35;3;54;4;0.77;0;1.00;0;19;1;84;14;202;0;0;0.00;30;242;20;-13549.64;0
403;97;6;Colonie naine;Nains;0;0;75;12;66;4;0.73;7;1.00;10;19;1;20;16;173;0;0;0.00;89;560;20;-10901.12;1
403;98;1;Première colonie;Humains;0;0;55;5;48;4;0.69;7;1.00;0;19;1;42;14;235;0;0;0.00;7;286;20;-16041.66;0
403;98;2;Colonie naine;Nains;0;0;0;0;30;2;0.00;0;1.00;0;19;1;1;12;51;0;0;0.00;2;3;20;-4475.70;1
403;98;3;Colonie elfe;Elfes;0;0;42;4;53;4;0.71;0;1.00;10;19;1;5;16;37;0;0;0.00;37;117;20;-8017.37;1
403;98;4;Colonie orque;Orques;0;0;0;0;8;1;0.00;0;1.00;0;7;0;0;7;15;0;0;0.00;650;0;11;-304.34;1
403;98;5;Colonie humaine;Humains;0;0;38;6;54;4;0.72;2;1.00;0;19;1;84;14;202;0;0;0.00;30;231;20;-13693.18;0
403;98;6;Colonie naine;Nains;0;0;78;15;66;4;0.65;10;1.00;10;19;1;20;16;173;0;0;0.00;65;611;20;-10901.12;1
403;99;1;Première colonie;Humains;0;0;53;4;48;4;0.70;5;1.00;0;19;1;42;14;239;0;0;0.00;7;355;20;-16108.45;0
403;99;2;Colonie naine;Nains;0;0;0;0;30;2;0.00;0;1.00;0;19;1;1;12;51;0;0;0.00;2;3;20;-4475.70;1
403;99;3;Colonie elfe;Elfes;0;0;42;4;53;4;0.66;0;1.00;10;19;1;5;16;37;0;0;0.00;33;66;20;-8017.37;1
403;99;4;Colonie orque;Orques;0;0;0;0;8;1;0.00;0;1.00;0;7;0;0;7;15;0;0;0.00;650;0;11;-304.34;1
403;99;5;Colonie humaine;Humains;0;0;37;5;54;4;0.79;1;1.00;0;19;1;84;14;204;0;0;0.00;25;229;20;-13816.51;0
403;99;6;Colonie naine;Nains;0;0;77;13;66;4;0.70;9;1.00;10;19;1;20;16;175;0;0;0.00;65;487;20;-10901.12;1
403;100;1;Première colonie;Humains;0;0;53;4;48;4;0.70;5;1.00;0;19;1;42;14;241;0;0;0.00;11;316;20;-16190.28;0
403;100;2;Colonie naine;Nains;0;0;0;0;30;2;0.00;0;1.00;0;19;1;1;12;51;0;0;0.00;2;3;20;-4475.70;1
403;100;3;Colonie elfe;Elfes;0;0;33;4;53;4;0.73;0;1.00;10;19;1;5;16;37;0;0;0.00;31;131;20;-8032.78;1
403;100;4;Colonie orque;Orques;0;0;0;0;8;1;0.00;0;1.00;0;7;0;0;7;15;0;0;0.00;650;0;11;-304.34;1
403;100;5;Colonie humaine;Humains;0;0;41;6;54;4;0.70;5;1.00;0;19;1;84;14;206;0;0;0.00;4;196;20;-13927.07;0
403;100;6;Colonie naine;Nains;0;0;75;13;66;4;0.71;7;1.00;10;19;1;20;16;178;0;0;0.00;74;533;20;-10987.77;1
404;1;1;Première colonie;Humains;0;0;13;0;9;1;0.64;0;1.00;0;5;0;0;3;0;0;0;0.00;443;18;5;-190.80;0
404;1;2;Colonie naine;Nains;0;0;13;1;6;1;0.67;0;1.00;0;5;0;0;3;0;0;0;0.00;425;35;1;-82.57;0
404;1;3;Colonie elfe;Elfes;0;0;13;0;7;1;0.64;0;1.00;0;7;0;0;3;0;0;0;0.00;272;17;5;-155.86;0
404;1;4;Colonie orque;Orques;0;0;12;0;6;1;0.69;0;1.00;0;5;0;0;5;0;0;0;0.00;403;87;7;-212.65;0
404;1;5;Colonie humaine;Humains;0;0;14;1;7;1;0.64;0;1.00;0;5;0;0;3;0;0;0;0.00;438;37;5;-133.66;0
404;1;6;Colonie naine;Nains;0;0;13;0;7;1;0.68;0;1.00;0;5;0;0;3;0;0;0;0.00;367;81;3;-45.98;0
404;2;1;Première colonie;Humains;0;0;18;3;12;1;0.66;2;1.00;0;6;0;0;5;0;0;0;0.00;693;91;9;-197.55;0
404;2;2;Colonie naine;Nains;0;0;16;3;8;1;0.68;0;1.00;0;6;0;0;3;0;0;0;0.00;425;60;5;-174.99;0
404;2;3;Colonie elfe;Elfes;0;0;18;3;10;1;0.64;0;1.00;0;8;0;0;3;1;0;0;0.00;66;84;8;-251.31;0
404;2;4;Colonie orque;Orques;0;0;14;1;7;1;0.63;2;1.00;0;6;0;0;5;0;0;0;0.00;403;41;11;-479.61;0
404;2;5;Colonie humaine;Humains;0;0;19;4;10;1;0.65;0;1.00;0;6;0;0;3;0;0;0;0.00;483;75;9;-277.45;0
404;2;6;Colonie naine;Nains;0;0;14;0;12;1;0.64;0;1.00;0;6;0;0;3;0;0;0;0.00;282;52;6;-254.88;0
404;3;1;Première colonie;Humains;0;0;19;4;16;1;0.68;0;1.00;0;8;0;1;5;0;0;0;0.00;890;37;16;-361.55;0
404;3;2;Colonie naine;Nains;0;0;18;4;12;1;0.69;0;1.00;0;7;0;0;4;0;0;0;0.00;401;92;6;-174.99;0
404;3;3;Colonie elfe;Elfes;0;0;20;3;13;1;0.69;0;1.00;0;9;0;0;4;1;0;0;0.00;24;81;14;-469.08;0
404;3;4;Colonie orque;Orques;0;0;15;1;11;1;0.66;0;1.00;0;7;0;0;5;0;0;0;0.00;219;42;16;-636.06;0
404;3;5;Colonie humaine;Humains;0;0;23;5;14;1;0.64;0;1.00;0;7;0;0;4;1;0;0;0.00;468;92;13;-369.54;0
404;3;6;Colonie naine;Nains;0;0;14;0;18;1;0.66;0;1.00;0;7;0;0;3;0;0;0;0.00;282;53;11;-608.64;0
404;4;1;Première colonie;Humains;0;0;20;5;18;1;0.68;0;1.00;0;10;0;1;6;0;0;0;0.00;881;47;20;-596.23;0
404;4;2;Colonie naine;Nains;0;0;22;6;17;1;0.71;0;1.00;0;8;0;0;4;0;0;0;0.00;692;120;10;-203.76;0
404;4;3;Colonie elfe;Elfes;0;0;21;3;19;1;0.67;0;1.00;0;10;0;0;4;1;0;0;0.00;154;102;18;-674.60;0
404;4;4;Colonie orque;Orques;0;0;15;1;13;1;0.66;0;1.00;0;9;0;0;7;0;0;0;0.00;15;56;20;-737.22;0
404;4;5;Colonie humaine;Humains;0;0;25;6;21;1;0.74;0;1.00;0;9;0;0;4;1;0;0;0.00;356;96;18;-463.30;0
404;4;6;Colonie naine;Nains;0;0;20;4;20;1;0.68;0;1.00;0;8;1;0;3;0;0;0;0.00;6;105;15;-866.68;0
404;5;1;Première colonie;Humains;0;0;20;2;19;1;0.72;0;1.00;0;11;0;1;8;0;0;0;0.00;811;37;20;-644.33;0
404;5;2;Colonie naine;Nains;0;0;27;7;20;1;0.66;0;1.00;0;10;0;1;5;0;0;0;0.00;382;134;15;-422.29;0
404;5;3;Colonie elfe;Elfes;0;0;22;4;20;1;0.70;0;1.00;0;11;0;0;4;1;0;0;0.00;48;118;20;-868.60;0
404;5;4;Colonie orque;Orques;0;0;16;1;15;1;0.67;0;1.00;0;10;0;1;7;0;0;0;0.00;8;61;20;-953.58;0
404;5;5;Colonie humaine;Humains;0;0;27;4;24;1;0.72;0;1.00;0;11;0;0;4;1;0;0;0.00;459;146;20;-623.28;0
404;5;6;Colonie naine;Nains;0;0;21;5;24;1;0.74;0;1.00;0;11;1;0;4;0;0;0;0.00;0;114;20;-1244.51;0
404;6;1;Première colonie;Humains;0;0;21;2;20;1;0.74;0;1.00;0;12;0;1;8;0;0;0;0.00;554;69;20;-776.58;0
404;6;2;Colonie naine;Nains;0;0;28;8;24;1;0.73;0;1.00;0;12;0;1;6;0;0;0;0.00;570;141;20;-625.60;0
404;6;3;Colonie elfe;Elfes;0;0;23;5;22;1;0.73;0;1.00;0;12;0;2;4;3;0;0;0.00;61;106;20;-1060.77;1
404;6;4;Colonie orque;Orques;0;0;14;0;18;1;0.67;0;1.00;0;12;0;2;7;2;0;0;0.00;19;56;20;-1233.56;0
404;6;5;Colonie humaine;Humains;0;0;31;5;25;1;0.73;0;1.00;0;13;1;1;5;1;0;0;0.00;385;182;20;-810.13;0
404;6;6;Colonie naine;Nains;0;0;25;7;25;1;0.73;0;1.00;0;12;1;0;4;0;0;0;0.00;504;117;20;-1329.61;0
404;7;1;Première colonie;Humains;0;0;25;2;21;1;0.73;1;1.00;0;13;0;0;8;0;0;0;0.00;65;42;20;-1012.85;0
404;7;2;Colonie naine;Nains;0;0;29;8;24;1;0.72;1;1.00;0;13;0;1;6;0;0;0;0.00;662;133;20;-884.23;0
404;7;3;Colonie elfe;Elfes;0;0;23;5;26;1;0.72;0;1.00;0;13;0;2;4;3;0;0;0.00;175;127;20;-1346.39;1
404;7;4;Colonie orque;Orques;0;0;12;0;19;1;0.72;0;1.00;0;13;0;2;7;6;0;0;0.00;7;43;20;-1527.84;0
404;7;5;Colonie humaine;Humains;0;0;34;4;28;1;0.74;0;1.00;0;13;1;2;5;1;0;0;0.00;454;182;20;-918.95;1
404;7;6;Colonie naine;Nains;0;0;25;7;26;1;0.72;0;1.00;0;13;1;1;4;3;0;0;0.00;516;117;20;-1600.45;1
404;8;1;Première colonie;Humains;0;0;25;2;22;1;0.70;1;1.00;0;14;0;0;9;0;0;0;0.00;12;68;20;-1057.88;0
404;8;2;Colonie naine;Nains;0;0;29;6;25;1;0.73;1;1.00;0;14;0;2;7;0;0;0;0.00;748;133;20;-1265.06;0
404;8;3;Colonie elfe;Elfes;0;0;26;6;27;1;0.74;0;1.00;0;14;1;2;4;3;0;0;0.00;23;124;20;-1494.15;1
404;8;4;Colonie orque;Orques;0;0;10;0;19;1;0.71;0;1.00;0;14;0;2;7;8;0;0;0.00;141;65;20;-1832.61;0
404;8;5;Colonie humaine;Humains;0;0;36;4;31;1;0.75;0;1.00;0;15;1;3;6;2;0;0;0.00;483;176;20;-1254.68;1
404;8;6;Colonie naine;Nains;0;0;25;7;27;1;0.72;0;1.00;0;13;1;4;4;3;0;0;0.00;426;124;20;-1787.71;1
404;9;1;Première colonie;Humains;0;0;26;2;22;1;0.74;2;1.00;0;15;0;0;9;0;0;0;0.00;102;161;20;-1057.88;0
404;9;2;Colonie naine;Nains;0;0;31;5;25;1;0.72;3;1.00;0;14;0;3;7;0;0;0;0.00;717;139;20;-1487.44;0
404;9;3;Colonie elfe;Elfes;0;0;29;7;28;1;0.76;0;1.00;0;15;1;3;4;3;0;0;0.00;2;133;20;-1730.08;1
404;9;4;Colonie orque;Orques;0;0;8;0;19;1;0.65;0;1.00;0;14;1;2;7;12;0;0;0.00;415;25;20;-2111.06;0
404;9;5;Colonie humaine;Humains;0;0;39;3;31;1;0.71;0;1.00;0;16;1;3;6;4;0;0;0.00;282;186;20;-1518.72;1
404;9;6;Colonie naine;Nains;0;0;27;8;27;1;0.72;0;1.00;0;14;1;4;4;3;0;0;0.00;241;140;20;-2084.02;1
404;10;1;Première colonie;Humains;0;0;24;2;22;1;0.65;0;1.00;0;17;0;0;9;3;0;0;0.00;447;0;20;-1156.57;0
404;10;2;Colonie naine;Nains;0;0;34;5;27;2;0.72;2;1.00;0;15;0;3;9;0;0;0;0.00;664;156;20;-1685.03;0
404;10;3;Colonie elfe;Elfes;0;0;32;8;29;1;0.75;0;1.00;0;16;1;4;5;3;0;0;0.00;48;157;20;-1979.65;1
404;10;4;Colonie orque;Orques;0;0;7;0;19;1;0.65;0;1.00;0;15;1;2;7;13;0;0;0.00;0;20;20;-2176.83;0
404;10;5;Colonie humaine;Humains;0;0;42;4;31;1;0.73;2;1.00;0;17;1;4;6;5;0;0;0.00;273;242;20;-1902.92;1
404;10;6;Colonie naine;Nains;0;0;29;6;27;1;0.72;1;1.00;0;15;1;4;5;3;0;0;0.00;312;149;20;-2200.25;1
404;11;1;Première colonie;Humains;0;0;1;1;22;1;0.00;0;1.00;0;17;0;0;9;19;0;0;0.00;690;0;20;-1156.57;1
404;11;2;Colonie naine;Nains;0;0;38;5;27;2;0.70;5;1.00;0;17;0;4;10;0;0;0;0.00;412;108;20;-1793.50;0
404;11;3;Colonie elfe;Elfes;0;0;34;8;30;1;0.75;0;1.00;0;17;1;6;5;3;0;0;0.00;99;165;20;-2244.55;1
404;11;4;Colonie orque;Orques;0;0;7;0;19;1;0.70;0;1.00;0;16;1;2;7;13;0;0;0.00;177;33;20;-2343.96;0
404;11;5;Colonie humaine;Humains;0;0;44;6;33;1;0.72;0;1.00;0;18;1;6;6;8;0;0;0.00;334;231;20;-2182.14;1
404;11;6;Colonie naine;Nains;0;0;31;6;27;1;0.72;3;1.00;0;16;1;4;5;3;0;0;0.00;0;173;20;-2502.36;1
404;12;1;Première colonie;Humains;0;0;0;0;22;1;0.00;0;1.00;0;17;0;0;9;20;0;0;0.00;784;0;20;-1156.57;1
404;12;2;Colonie naine;Nains;0;0;38;4;27;2;0.66;5;1.00;0;18;0;4;10;0;0;0;0.00;822;77;20;-1889.96;0
404;12;3;Colonie elfe;Elfes;0;0;34;8;32;1;0.74;0;1.00;0;18;1;6;5;3;0;0;0.00;63;178;20;-2396.69;1
404;12;4;Colonie orque;Orques;0;0;8;1;19;1;0.73;0;1.00;0;17;1;2;7;13;0;0;0.00;245;36;20;-2552.00;0
404;12;5;Colonie humaine;Humains;0;0;44;7;34;1;0.71;0;1.00;0;19;1;15;7;12;0;0;0.00;10;265;20;-2557.84;1
404;12;6;Colonie naine;Nains;0;0;32;5;28;1;0.72;0;1.00;0;17;1;4;5;3;0;0;0.00;21;179;20;-2796.60;1
404;13;1;Première colonie;Humains;0;0;0;0;22;1;0.00;0;1.00;0;17;0;0;9;20;0;0;0.00;784;0;20;-1156.57;1
404;13;2;Colonie naine;Nains;0;0;38;3;29;2;0.68;5;1.00;0;19;0;7;10;0;0;0;0.00;17;96;20;-1889.96;0
404;13;3;Colonie elfe;Elfes;0;0;39;9;33;1;0.75;0;1.00;0;19;1;6;7;3;0;0;0.00;46;193;20;-2575.84;1
404;13;4;Colonie orque;Orques;0;0;9;2;19;1;0.72;0;1.00;0;18;1;2;7;16;0;0;0.00;185;38;20;-2740.59;0
404;13;5;Colonie humaine;Humains;0;0;48;9;35;1;0.75;0;1.00;0;19;1;20;7;16;0;0;0.00;708;286;20;-2785.22;1
404;13;6;Colonie naine;Nains;0;0;32;4;28;1;0.70;0;1.00;0;18;1;4;5;3;0;0;0.00;1;182;20;-2911.57;1
404;14;1;Première colonie;Humains;0;0;0;0;22;1;0.00;0;1.00;0;17;0;0;9;20;0;0;0.00;784;0;20;-1156.57;1
404;14;2;Colonie naine;Nains;0;0;37;2;29;2;0.68;5;1.00;0;19;0;12;10;1;0;0;0.00;75;158;20;-2013.94;0
404;14;3;Colonie elfe;Elfes;0;0;41;8;33;1;0.74;0;1.00;0;19;1;6;7;3;0;0;0.00;97;172;20;-2793.75;1
404;14;4;Colonie orque;Orques;0;0;10;0;20;1;0.73;0;1.00;0;19;1;2;7;16;0;0;0.00;120;41;20;-2982.78;0
404;14;5;Colonie humaine;Humains;0;0;53;10;36;1;0.72;0;1.00;0;19;1;20;7;18;0;0;0.00;761;288;20;-3009.45;1
404;14;6;Colonie naine;Nains;0;0;34;5;28;1;0.71;2;1.00;0;19;1;4;5;3;0;0;0.00;98;181;20;-3182.76;1
404;15;1;Première colonie;Humains;0;0;0;0;22;1;0.00;0;1.00;0;17;0;0;9;20;0;0;0.00;784;0;20;-1156.57;1
404;15;2;Colonie naine;Nains;0;0;36;2;29;2;0.70;4;1.00;0;19;0;13;10;2;0;0;0.00;124;175;20;-2115.15;0
404;15;3;Colonie elfe;Elfes;0;0;43;10;34;1;0.74;0;1.00;0;19;1;6;7;3;0;0;0.00;89;167;20;-2932.87;1
404;15;4;Colonie orque;Orques;0;0;12;0;20;1;0.70;0;1.00;0;19;1;2;7;16;0;0;0.00;5;40;20;-3101.74;0
404;15;5;Colonie humaine;Humains;0;0;55;12;38;2;0.72;0;1.00;0;19;1;21;8;20;0;0;0.00;920;270;20;-3076.14;1
404;15;6;Colonie naine;Nains;0;0;38;4;28;1;0.71;6;1.00;0;19;1;10;5;3;0;0;0.00;1;246;20;-3301.76;1
404;16;1;Première colonie;Humains;0;0;0;0;22;1;0.00;0;1.00;0;17;0;0;9;20;0;0;0.00;784;0;20;-1156.57;1
404;16;2;Colonie naine;Nains;0;0;37;1;30;2;0.72;5;1.00;0;19;0;13;10;2;0;0;0.00;322;186;20;-2479.92;0
404;16;3;Colonie elfe;Elfes;0;0;43;10;34;1;0.73;0;1.00;0;19;1;6;9;3;0;0;0.00;29;145;20;-3280.19;1
404;16;4;Colonie orque;Orques;0;0;10;0;20;1;0.65;0;1.00;0;19;1;2;7;18;0;0;0.00;72;39;20;-3219.10;0
404;16;5;Colonie humaine;Humains;0;0;60;12;39;2;0.72;0;1.00;0;19;1;22;8;20;0;0;0.00;720;308;20;-3277.52;1
404;16;6;Colonie naine;Nains;0;0;38;3;28;1;0.68;6;1.00;0;19;1;17;5;4;0;0;0.00;44;227;20;-3373.70;1
404;17;1;Première colonie;Humains;0;0;0;0;22;1;0.00;0;1.00;0;17;0;0;9;20;0;0;0.00;784;0;20;-1156.57;1
404;17;2;Colonie naine;Nains;0;0;37;1;32;2;0.71;5;1.00;0;19;0;13;10;2;0;0;0.00;456;183;20;-2781.42;0
404;17;3;Colonie elfe;Elfes;0;0;43;9;34;1;0.70;0;1.00;0;19;1;6;9;3;0;0;0.00;5;162;20;-3399.94;1
404;17;4;Colonie orque;Orques;0;0;10;2;20;1;0.68;0;1.00;0;19;1;2;7;20;0;0;0.00;134;40;20;-3261.92;0
404;17;5;Colonie humaine;Humains;0;0;61;10;41;2;0.71;0;1.00;0;19;1;23;8;21;0;0;0.00;649;326;20;-3478.24;1
404;17;6;Colonie naine;Nains;0;0;38;2;28;1;0.72;6;1.00;0;19;1;19;6;4;0;0;0.00;41;252;20;-3661.36;1
404;18;1;Première colonie;Humains;0;0;0;0;22;1;0.00;0;1.00;0;17;0;0;9;20;0;0;0.00;784;0;20;-1156.57;1
404;18;2;Colonie naine;Nains;0;0;36;1;34;2;0.70;3;1.00;0;19;0;13;10;3;0;0;0.00;440;180;20;-3030.43;0
404;18;3;Colonie elfe;Elfes;0;0;43;9;37;2;0.72;0;1.00;0;19;1;9;10;4;0;0;0.00;3;183;20;-3518.95;1
404;18;4;Colonie orque;Orques;0;0;11;4;20;1;0.75;0;1.00;0;19;1;4;7;21;0;0;0.00;146;57;20;-3261.92;0
404;18;5;Colonie humaine;Humains;0;0;61;8;43;2;0.71;0;1.00;0;19;1;24;9;23;0;0;0.00;625;371;20;-3755.11;1
404;18;6;Colonie naine;Nains;0;0;38;2;28;1;0.69;6;1.00;0;19;1;23;6;5;0;0;0.00;0;234;20;-3701.15;1
404;19;1;Première colonie;Humains;0;0;0;0;22;1;0.00;0;1.00;0;17;0;0;9;20;0;0;0.00;784;0;20;-1156.57;1
404;19;2;Colonie naine;Nains;0;0;34;1;35;2;0.72;2;1.00;0;19;0;13;10;5;0;0;0.00;525;212;20;-3269.69;0
404;19;3;Colonie elfe;Elfes;0;0;44;9;37;2;0.70;0;1.00;0;19;1;6;10;4;0;0;0.00;80;131;20;-3734.80;1
404;19;4;Colonie orque;Orques;0;0;14;1;21;1;0.70;0;1.00;0;19;1;4;7;22;0;0;0.00;46;54;20;-3431.64;0
404;19;5;Colonie humaine;Humains;0;0;59;5;46;2;0.73;0;1.00;0;19;1;24;10;26;0;0;0.00;593;344;20;-3899.97;1
404;19;6;Colonie naine;Nains;0;0;37;2;28;1;0.72;5;1.00;0;19;1;25;6;6;0;0;0.00;10;210;20;-3719.37;1
404;20;1;Première colonie;Humains;0;0;0;0;22;1;0.00;0;1.00;0;17;0;0;9;20;0;0;0.00;784;0;20;-1156.57;1
404;20;2;Colonie naine;Nains;0;0;33;2;35;2;0.78;2;1.00;0;19;0;13;10;7;0;0;0.00;412;192;20;-3485.55;0
404;20;3;Colonie elfe;Elfes;0;0;43;8;37;2;0.68;0;1.00;0;19;1;8;10;5;0;0;0.00;168;35;20;-3824.29;1
404;20;4;Colonie orque;Orques;0;0;15;0;21;1;0.73;0;1.00;0;19;1;5;7;22;0;0;0.00;57;49;20;-3477.28;0
404;20;5;Colonie humaine;Humains;0;0;62;4;46;2;0.71;0;1.00;0;19;1;24;10;28;0;0;0.00;626;396;20;-4204.90;1
404;20;6;Colonie naine;Nains;0;0;35;2;28;1;0.72;3;1.00;0;19;1;25;6;10;0;0;0.00;4;200;20;-3865.80;1
404;21;1;Première colonie;Humains;0;0;0;0;22;1;0.00;0;1.00;0;17;0;0;9;20;0;0;0.00;784;0;20;-1156.57;1
404;21;2;Colonie naine;Nains;0;0;33;3;35;2;0.72;2;1.00;0;19;0;14;10;8;0;0;0.00;320;190;20;-3860.95;0
404;21;3;Colonie elfe;Elfes;0;0;43;7;37;2;0.69;0;1.00;0;19;1;8;10;5;0;0;0.00;43;31;20;-3910.57;1
404;21;4;Colonie orque;Orques;0;0;22;1;21;1;0.64;2;1.00;0;19;1;6;7;23;0;0;0.00;52;57;20;-3610.08;0
404;21;5;Colonie humaine;Humains;0;0;60;2;46;2;0.70;0;1.00;0;19;1;24;10;33;0;0;0.00;397;320;20;-4324.54;1
404;21;6;Colonie naine;Nains;0;0;36;3;28;1;0.71;4;1.00;0;19;1;25;6;11;0;0;0.00;237;196;20;-3941.57;1
404;22;1;Première colonie;Humains;0;0;0;0;22;1;0.00;0;1.00;0;17;0;0;9;20;0;0;0.00;784;0;20;-1156.57;1
404;22;2;Colonie naine;Nains;0;0;35;3;35;2;0.71;4;1.00;0;19;0;14;10;8;0;0;0.00;606;206;20;-4145.27;0
404;22;3;Colonie elfe;Elfes;0;0;43;6;37;2;0.70;0;1.00;0;19;1;8;10;5;0;0;0.00;37;74;20;-3937.26;1
404;22;4;Colonie orque;Orques;0;0;21;2;21;1;0.73;1;1.00;0;19;1;8;8;25;0;0;0.00;1;87;20;-3824.37;0
404;22;5;Colonie humaine;Humains;0;0;57;2;46;2;0.72;0;1.00;0;19;1;24;10;38;0;0;0.00;304;326;20;-4573.42;1
404;22;6;Colonie naine;Nains;0;0;39;4;30;2;0.73;3;1.00;0;19;1;25;6;11;0;0;0.00;10;219;20;-4206.51;1
404;23;1;Première colonie;Humains;0;0;0;0;22;1;0.00;0;1.00;0;17;0;0;9;20;0;0;0.00;784;0;20;-1156.57;1
404;23;2;Colonie naine;Nains;0;0;35;5;35;2;0.73;5;1.00;0;19;0;15;10;12;0;0;0.00;499;162;20;-4339.60;0
404;23;3;Colonie elfe;Elfes;0;0;43;6;39;3;0.70;0;1.00;0;19;1;9;10;5;0;0;0.00;58;146;20;-3993.32;1
404;23;4;Colonie orque;Orques;0;0;23;3;21;1;0.74;3;1.00;0;19;1;13;8;27;0;0;0.00;77;93;20;-4183.35;0
404;23;5;Colonie humaine;Humains;0;0;53;3;46;2;0.72;0;1.00;0;19;1;24;10;46;0;0;0.00;452;357;20;-4765.59;1
404;23;6;Colonie naine;Nains;0;0;40;6;32;3;0.72;0;1.00;0;19;1;25;7;14;0;0;0.00;26;207;20;-4423.88;1
404;24;1;Première colonie;Humains;0;0;0;0;22;1;0.00;0;1.00;0;17;0;0;9;20;0;0;0.00;784;0;20;-1156.57;1
404;24;2;Colonie naine;Nains;0;0;32;5;35;2;0.71;3;1.00;0;19;0;16;10;15;0;0;0.00;475;166;20;-4605.67;0
404;24;3;Colonie elfe;Elfes;0;0;46;9;39;3;0.73;0;1.00;0;19;1;11;11;5;0;0;0.00;13;150;20;-4158.50;1
404;24;4;Colonie orque;Orques;0;0;24;3;21;1;0.66;4;1.00;0;19;1;14;8;28;0;0;0.00;253;74;20;-4396.89;0
404;24;5;Colonie humaine;Humains;0;0;55;7;46;2;0.71;0;1.00;0;19;1;24;10;49;0;0;0.00;338;345;20;-5109.11;1
404;24;6;Colonie naine;Nains;0;0;47;7;33;3;0.71;5;1.00;0;19;1;25;8;15;0;0;0.00;81;279;20;-4534.17;1
404;25;1;Première colonie;Humains;0;0;0;0;22;1;0.00;0;1.00;0;17;0;0;9;20;0;0;0.00;784;0;20;-1156.57;1
404;25;2;Colonie naine;Nains;0;0;33;6;36;3;0.75;0;1.00;0;19;0;17;10;15;0;0;0.00;474;160;20;-4915.60;0
404;25;3;Colonie elfe;Elfes;0;0;46;8;40;3;0.70;0;1.00;0;19;1;14;11;6;0;0;0.00;114;172;20;-4295.21;1
404;25;4;Colonie orque;Orques;0;0;21;1;21;1;0.65;1;1.00;0;19;1;14;8;31;0;0;0.00;156;62;20;-4634.32;0
404;25;5;Colonie humaine;Humains;0;0;54;7;46;2;0.73;0;1.00;0;19;1;24;10;52;0;0;0.00;74;333;20;-5323.73;1
404;25;6;Colonie naine;Nains;0;0;47;9;34;3;0.73;5;1.00;0;19;1;25;9;17;0;0;0.00;112;270;20;-4623.89;1
404;26;1;Première colonie;Humains;0;0;0;0;22;1;0.00;0;1.00;0;17;0;0;9;20;0;0;0.00;784;0;20;-1156.57;1
404;26;2;Colonie naine;Nains;0;0;33;8;37;3;0.74;2;1.00;0;19;0;17;10;19;0;0;0.00;717;185;20;-5128.38;0
404;26;3;Colonie elfe;Elfes;0;0;45;6;43;3;0.72;0;1.00;0;19;1;12;11;7;0;0;0.00;74;204;20;-4398.07;1
404;26;4;Colonie orque;Orques;0;0;23;1;21;1;0.69;3;1.00;0;19;1;14;8;33;0;0;0.00;4;81;20;-4999.79;0
404;26;5;Colonie humaine;Humains;0;0;58;10;46;2;0.73;0;1.00;0;19;1;24;10;55;0;0;0.00;18;326;20;-5539.46;1
404;26;6;Colonie naine;Nains;0;0;50;12;35;3;0.73;6;1.00;0;19;1;25;9;18;0;0;0.00;127;299;20;-4680.10;1
404;27;1;Première colonie;Humains;0;0;0;0;22;1;0.00;0;1.00;0;17;0;0;9;20;0;0;0.00;784;0;20;-1156.57;1
404;27;2;Colonie naine;Nains;0;0;34;7;37;3;0.75;3;1.00;0;19;0;17;11;20;0;0;0.00;482;172;20;-5444.29;0
404;27;3;Colonie elfe;Elfes;0;0;48;5;46;3;0.72;0;1.00;0;19;1;17;11;7;0;0;0.00;0;205;20;-4661.18;1
404;27;4;Colonie orque;Orques;0;0;22;1;21;1;0.67;2;1.00;0;19;1;11;8;36;0;0;0.00;119;75;20;-5167.64;0
404;27;5;Colonie humaine;Humains;0;0;61;10;46;2;0.74;0;1.00;0;19;1;24;10;57;0;0;0.00;29;318;20;-5662.07;1
404;27;6;Colonie naine;Nains;0;0;48;11;37;3;0.71;4;1.00;0;19;1;25;9;20;0;0;0.00;22;256;20;-4789.04;1
404;28;1;Première colonie;Humains;0;0;0;0;22;1;0.00;0;1.00;0;17;0;0;9;20;0;0;0.00;784;0;20;-1156.57;1
404;28;2;Colonie naine;Nains;0;0;34;8;37;3;0.73;3;1.00;0;19;0;17;11;22;0;0;0.00;504;179;20;-5649.16;0
404;28;3;Colonie elfe;Elfes;0;0;50;5;46;3;0.74;0;1.00;0;19;1;17;11;7;0;0;0.00;40;246;20;-4769.73;1
404;28;4;Colonie orque;Orques;0;0;19;0;21;1;0.68;0;1.00;0;19;1;9;8;39;0;0;0.00;268;53;20;-5327.45;0
404;28;5;Colonie humaine;Humains;0;0;64;11;46;2;0.73;2;1.00;0;19;1;24;10;58;0;0;0.00;4;357;20;-5775.51;1
404;28;6;Colonie naine;Nains;0;0;50;12;39;3;0.72;6;1.00;0;19;1;25;9;21;0;0;0.00;20;289;20;-5030.47;1
404;29;1;Première colonie;Humains;0;0;0;0;22;1;0.00;0;1.00;0;17;0;0;9;20;0;0;0.00;784;0;20;-1156.57;1
404;29;2;Colonie naine;Nains;0;0;32;6;37;3;0.73;2;1.00;0;19;0;18;11;24;0;0;0.00;204;153;20;-5819.91;0
404;29;3;Colonie elfe;Elfes;0;0;52;5;46;3;0.71;0;1.00;0;19;1;14;11;8;0;0;0.00;65;257;20;-4934.03;1
404;29;4;Colonie orque;Orques;0;0;15;1;21;1;0.74;0;1.00;0;19;1;11;8;44;0;0;0.00;333;68;20;-5537.51;0
404;29;5;Colonie humaine;Humains;0;0;67;10;46;2;0.71;5;1.00;0;19;1;24;11;62;0;0;0.00;4;411;20;-5865.96;1
404;29;6;Colonie naine;Nains;0;0;51;12;39;3;0.70;7;1.00;0;19;1;25;9;22;0;0;0.00;23;329;20;-5156.28;1
404;30;1;Première colonie;Humains;0;0;0;0;22;1;0.00;0;1.00;0;17;0;0;9;20;0;0;0.00;784;0;20;-1156.57;1
404;30;2;Colonie naine;Nains;0;0;34;7;37;3;0.75;4;1.00;0;19;0;18;11;24;0;0;0.00;306;187;20;-6027.26;0
404;30;3;Colonie elfe;Elfes;0;0;52;5;46;3;0.75;0;1.00;0;19;1;14;11;9;0;0;0.00;114;161;20;-5105.73;1
404;30;4;Colonie orque;Orques;0;0;17;1;21;1;0.69;0;1.00;0;19;1;15;8;44;0;0;0.00;268;61;20;-5703.19;0
404;30;5;Colonie humaine;Humains;0;0;66;6;46;2;0.73;4;1.00;0;19;1;24;11;64;0;0;0.00;4;419;20;-6072.79;1
404;30;6;Colonie naine;Nains;0;0;52;11;39;3;0.71;8;1.00;0;19;1;25;9;22;0;0;0.00;116;295;20;-5327.47;1
404;31;1;Première colonie;Humains;0;0;0;0;22;1;0.00;0;1.00;0;17;0;0;9;20;0;0;0.00;784;0;20;-1156.57;1
404;31;2;Colonie naine;Nains;0;0;34;6;37;3;0.72;4;1.00;0;19;0;18;11;24;0;0;0.00;320;174;20;-6125.70;0
404;31;3;Colonie elfe;Elfes;0;0;51;5;46;3;0.67;0;1.00;0;19;1;8;11;10;0;0;0.00;51;62;20;-5266.65;1
404;31;4;Colonie orque;Orques;0;0;17;1;21;1;0.66;0;1.00;0;19;1;15;8;46;0;0;0.00;293;44;20;-5919.95;0
404;31;5;Colonie humaine;Humains;0;0;62;5;46;2;0.70;0;1.00;0;19;1;24;12;69;0;0;0.00;10;364;20;-6072.79;1
404;31;6;Colonie naine;Nains;0;0;51;11;40;3;0.71;8;1.00;0;19;1;25;9;25;0;0;0.00;45;302;20;-5532.16;1
404;32;1;Première colonie;Humains;0;0;0;0;22;1;0.00;0;1.00;0;17;0;0;9;20;0;0;0.00;784;0;20;-1156.57;1
404;32;2;Colonie naine;Nains;0;0;35;3;37;3;0.72;5;1.00;0;19;0;18;11;24;0;0;0.00;398;212;20;-6347.22;0
404;32;3;Colonie elfe;Elfes;0;0;51;5;46;3;0.64;0;1.00;0;19;1;7;11;10;0;0;0.00;18;32;20;-5293.78;1
404;32;4;Colonie orque;Orques;0;0;15;1;21;1;0.75;0;1.00;0;19;1;16;8;48;0;0;0.00;155;88;20;-6120.10;0
404;32;5;Colonie humaine;Humains;0;0;63;3;46;2;0.70;1;1.00;0;19;1;24;12;73;0;0;0.00;10;395;20;-6118.85;1
404;32;6;Colonie naine;Nains;0;0;52;8;40;3;0.75;8;1.00;0;19;1;25;9;25;0;0;0.00;110;280;20;-5817.38;1
404;33;1;Première colonie;Humains;0;0;0;0;22;1;0.00;0;1.00;0;17;0;0;9;20;0;0;0.00;784;0;20;-1156.57;1
404;33;2;Colonie naine;Nains;0;0;35;3;37;3;0.75;5;1.00;0;19;0;18;11;25;0;0;0.00;430;199;20;-6523.48;0
404;33;3;Colonie elfe;Elfes;0;0;43;5;46;3;0.70;0;1.00;0;19;1;7;11;11;0;0;0.00;23;125;20;-5324.14;1
404;33;4;Colonie orque;Orques;0;0;15;0;21;1;0.70;0;1.00;0;19;1;18;8;51;0;0;0.00;121;47;20;-6247.90;0
404;33;5;Colonie humaine;Humains;0;0;60;5;46;2;0.72;0;1.00;0;19;1;24;13;80;0;0;0.00;23;338;20;-6166.15;1
404;33;6;Colonie naine;Nains;0;0;50;8;40;3;0.71;7;1.00;0;19;1;25;9;27;0;0;0.00;43;317;20;-5861.66;1
404;34;1;Première colonie;Humains;0;0;0;0;22;1;0.00;0;1.00;0;17;0;0;9;20;0;0;0.00;784;0;20;-1156.57;1
404;34;2;Colonie naine;Nains;0;0;35;1;37;3;0.75;5;1.00;0;19;0;18;11;25;0;0;0.00;361;223;20;-6688.98;0
404;34;3;Colonie elfe;Elfes;0;0;44;5;46;3;0.70;0;1.00;0;19;1;7;11;11;0;0;0.00;64;69;20;-5324.14;1
404;34;4;Colonie orque;Orques;0;0;15;0;21;1;0.72;0;1.00;0;19;1;19;8;52;0;0;0.00;131;65;20;-6425.68;0
404;34;5;Colonie humaine;Humains;0;0;62;8;46;2;0.72;0;1.00;0;19;1;24;13;84;0;0;0.00;29;359;20;-6455.60;1
404;34;6;Colonie naine;Nains;0;0;51;7;40;3;0.72;8;1.00;0;19;1;25;9;27;0;0;0.00;78;328;20;-6004.04;1
404;35;1;Première colonie;Humains;0;0;0;0;22;1;0.00;0;1.00;0;17;0;0;9;20;0;0;0.00;784;0;20;-1156.57;1
404;35;2;Colonie naine;Nains;0;0;35;2;37;3;0.74;5;1.00;0;19;0;19;11;26;0;0;0.00;350;195;20;-6763.06;0
404;35;3;Colonie elfe;Elfes;0;0;46;5;46;3;0.70;0;1.00;0;19;1;7;11;11;0;0;0.00;11;64;20;-5378.71;1
404;35;4;Colonie orque;Orques;0;0;11;0;21;1;0.77;0;1.00;0;19;1;20;8;56;0;0;0.00;59;107;20;-6693.86;0
404;35;5;Colonie humaine;Humains;0;0;60;8;46;2;0.71;0;1.00;0;19;1;25;13;88;0;0;0.00;4;341;20;-6555.40;1
404;35;6;Colonie naine;Nains;0;0;52;6;40;3;0.72;9;1.00;0;19;1;25;9;27;0;0;0.00;28;302;20;-6122.80;1
404;36;1;Première colonie;Humains;0;0;0;0;22;1;0.00;0;1.00;0;17;0;0;9;20;0;0;0.00;784;0;20;-1156.57;1
404;36;2;Colonie naine;Nains;0;0;34;2;37;3;0.73;4;1.00;0;19;0;19;11;29;0;0;0.00;259;217;20;-7071.14;0
404;36;3;Colonie elfe;Elfes;0;0;46;3;46;3;0.67;0;1.00;0;19;1;7;11;11;0;0;0.00;21;75;20;-5379.92;1
404;36;4;Colonie orque;Orques;0;0;16;0;21;1;0.73;0;1.00;0;19;1;20;8;56;0;0;0.00;147;67;20;-6941.65;0
404;36;5;Colonie humaine;Humains;0;0;61;12;46;2;0.73;0;1.00;0;19;1;25;13;94;0;0;0.00;12;349;20;-6606.93;1
404;36;6;Colonie naine;Nains;0;0;52;5;39;3;0.71;9;1.00;0;19;1;25;9;27;0;0;0.00;113;316;20;-6156.39;1
404;37;1;Première colonie;Humains;0;0;0;0;22;1;0.00;0;1.00;0;17;0;0;9;20;0;0;0.00;784;0;20;-1156.57;1
404;37;2;Colonie naine;Nains;0;0;35;2;37;3;0.72;5;1.00;0;19;0;19;11;30;0;0;0.00;245;177;20;-7237.07;0
404;37;3;Colonie elfe;Elfes;0;0;47;2;46;3;0.67;0;1.00;0;19;1;7;11;11;0;0;0.00;8;32;20;-5379.92;1
404;37;4;Colonie orque;Orques;0;0;19;1;21;1;0.76;0;1.00;0;19;1;20;8;57;0;0;0.00;1;101;20;-7075.71;0
404;37;5;Colonie humaine;Humains;0;0;63;12;46;2;0.71;2;1.00;0;19;1;25;13;98;0;0;0.00;78;370;20;-6662.09;1
404;37;6;Colonie naine;Nains;0;0;53;6;39;3;0.70;10;1.00;0;19;1;25;9;29;0;0;0.00;128;340;20;-6263.90;1
404;38;1;Première colonie;Humains;0;0;0;0;22;1;0.00;0;1.00;0;17;0;0;9;20;0;0;0.00;784;0;20;-1156.57;1
404;38;2;Colonie naine;Nains;0;0;35;2;37;3;0.74;5;1.00;0;19;0;19;11;30;0;0;0.00;147;191;20;-7581.70;0
404;38;3;Colonie elfe;Elfes;0;0;44;2;46;3;0.69;0;1.00;0;19;1;7;11;11;0;0;0.00;8;76;20;-5379.92;1
404;38;4;Colonie orque;Orques;0;0;19;2;21;1;0.75;0;1.00;0;19;1;20;8;60;0;0;0.00;192;96;20;-7283.08;0
404;38;5;Colonie humaine;Humains;0;0;66;12;46;2;0.73;6;1.00;0;19;1;25;13;100;0;0;0.00;51;336;20;-6687.54;1
404;38;6;Colonie naine;Nains;0;0;52;5;39;3;0.71;9;1.00;0;19;1;25;9;30;0;0;0.00;144;301;20;-6438.62;1
404;39;1;Première colonie;Humains;0;0;0;0;22;1;0.00;0;1.00;0;17;0;0;9;20;0;0;0.00;784;0;20;-1156.57;1
404;39;2;Colonie naine;Nains;0;0;36;3;37;3;0.75;6;1.00;0;19;0;19;11;30;0;0;0.00;292;192;20;-7607.87;0
404;39;3;Colonie elfe;Elfes;0;0;44;1;46;3;0.70;0;1.00;0;19;1;7;11;11;0;0;0.00;14;106;20;-5470.65;1
404;39;4;Colonie orque;Orques;0;0;19;1;21;1;0.70;0;1.00;0;19;1;20;8;63;0;0;0.00;149;98;20;-7409.65;0
404;39;5;Colonie humaine;Humains;0;0;64;6;46;2;0.71;4;1.00;0;19;1;25;14;102;0;0;0.00;8;352;20;-6852.34;1
404;39;6;Colonie naine;Nains;0;0;51;6;39;3;0.69;8;1.00;0;19;1;25;9;32;0;0;0.00;68;288;20;-6550.48;1
404;40;1;Première colonie;Humains;0;0;0;0;22;1;0.00;0;1.00;0;17;0;0;9;20;0;0;0.00;784;0;20;-1156.57;1
404;40;2;Colonie naine;Nains;0;0;34;3;37;3;0.71;4;1.00;0;19;0;19;11;32;0;0;0.00;302;175;20;-7664.49;0
404;40;3;Colonie elfe;Elfes;0;0;42;1;48;4;0.65;0;1.00;0;19;1;6;11;13;0;0;0.00;14;71;20;-5530.72;1
404;40;4;Colonie orque;Orques;0;0;18;2;21;1;0.80;0;1.00;0;19;1;20;8;66;0;0;0.00;137;91;20;-7714.61;0
404;40;5;Colonie humaine;Humains;0;0;65;3;46;2;0.72;5;1.00;0;19;1;25;14;103;0;0;0.00;52;402;20;-6878.36;1
404;40;6;Colonie naine;Nains;0;0;51;6;39;3;0.69;9;1.00;0;19;1;25;9;33;0;0;0.00;48;329;20;-6639.22;1
404;41;1;Première colonie;Humains;0;0;0;0;22;1;0.00;0;1.00;0;17;0;0;9;20;0;0;0.00;784;0;20;-1156.57;1
404;41;2;Colonie naine;Nains;0;0;34;3;37;3;0.73;4;1.00;0;19;0;19;11;33;0;0;0.00;124;145;20;-7956.15;0
404;41;3;Colonie elfe;Elfes;0;0;40;1;39;3;0.66;0;1.00;0;19;1;6;12;15;0;0;0.00;14;75;20;-5578.82;1
404;41;4;Colonie orque;Orques;0;0;19;1;21;1;0.75;0;1.00;0;19;1;21;8;67;0;0;0.00;77;93;20;-7938.88;0
404;41;5;Colonie humaine;Humains;0;0;63;2;46;2;0.75;3;1.00;0;19;1;25;14;106;0;0;0.00;22;384;20;-7036.66;1
404;41;6;Colonie naine;Nains;0;0;50;5;39;3;0.73;8;1.00;0;19;1;25;9;34;0;0;0.00;211;303;20;-6791.75;1
404;42;1;Première colonie;Humains;0;0;0;0;22;1;0.00;0;1.00;0;17;0;0;9;20;0;0;0.00;784;0;20;-1156.57;1
404;42;2;Colonie naine;Nains;0;0;35;2;37;3;0.72;6;1.00;0;19;0;20;11;35;0;0;0.00;142;209;20;-8142.05;0
404;42;3;Colonie elfe;Elfes;0;0;40;0;41;3;0.61;0;1.00;0;19;1;4;12;15;0;0;0.00;14;112;20;-5649.58;1
404;42;4;Colonie orque;Orques;0;0;20;2;21;1;0.73;0;1.00;0;19;1;26;8;68;0;0;0.00;31;95;20;-8142.77;0
404;42;5;Colonie humaine;Humains;0;0;63;3;46;2;0.71;3;1.00;0;19;1;25;14;111;0;0;0.00;14;404;20;-7107.50;1
404;42;6;Colonie naine;Nains;0;0;48;8;39;3;0.72;6;1.00;0;19;1;25;9;39;0;0;0.00;265;296;20;-6910.17;1
404;43;1;Première colonie;Humains;0;0;0;0;22;1;0.00;0;1.00;0;17;0;0;9;20;0;0;0.00;784;0;20;-1156.57;1
404;43;2;Colonie naine;Nains;0;0;35;3;37;3;0.74;7;1.00;0;19;0;20;11;36;0;0;0.00;180;219;20;-8176.74;0
404;43;3;Colonie elfe;Elfes;0;0;40;0;41;3;0.65;0;1.00;0;19;1;4;12;16;0;0;0.00;14;62;20;-5649.58;1
404;43;4;Colonie orque;Orques;0;0;17;2;21;1;0.72;0;1.00;0;19;1;28;8;73;0;0;0.00;79;81;20;-8299.98;0
404;43;5;Colonie humaine;Humains;0;0;63;4;46;2;0.72;3;1.00;0;19;1;25;14;116;0;0;0.00;20;382;20;-7319.95;1
404;43;6;Colonie naine;Nains;0;0;46;5;39;3;0.69;5;1.00;0;19;1;25;9;41;0;0;0.00;143;246;20;-7121.42;1
404;44;1;Première colonie;Humains;0;0;0;0;22;1;0.00;0;1.00;0;17;0;0;9;20;0;0;0.00;784;0;20;-1156.57;1
404;44;2;Colonie naine;Nains;0;0;33;3;37;3;0.74;5;1.00;0;19;0;20;11;38;0;0;0.00;82;204;20;-8286.75;0
404;44;3;Colonie elfe;Elfes;0;0;27;0;41;3;0.64;0;1.00;0;19;1;2;12;18;0;0;0.00;33;149;20;-5666.61;1
404;44;4;Colonie orque;Orques;0;0;17;2;21;1;0.80;0;1.00;0;19;1;28;8;76;0;0;0.00;174;91;20;-8445.91;0
404;44;5;Colonie humaine;Humains;0;0;66;8;46;2;0.70;6;1.00;0;19;1;25;14;120;0;0;0.00;32;385;20;-7516.02;1
404;44;6;Colonie naine;Nains;0;0;43;5;39;3;0.70;3;1.00;0;19;1;25;9;44;0;0;0.00;119;269;20;-7261.08;1
404;45;1;Première colonie;Humains;0;0;0;0;22;1;0.00;0;1.00;0;17;0;0;9;20;0;0;0.00;784;0;20;-1156.57;1
404;45;2;Colonie naine;Nains;0;0;33;2;37;3;0.71;5;1.00;0;19;0;21;11;38;0;0;0.00;107;208;20;-8541.34;0
404;45;3;Colonie elfe;Elfes;0;0;28;1;41;3;0.66;0;1.00;0;19;1;2;12;18;0;0;0.00;23;140;20;-5799.05;1
404;45;4;Colonie orque;Orques;0;0;21;3;21;1;0.79;1;1.00;0;19;1;28;8;77;0;0;0.00;19;125;20;-8555.29;0
404;45;5;Colonie humaine;Humains;0;0;64;9;46;2;0.71;4;1.00;0;19;1;25;14;124;0;0;0.00;54;319;20;-7580.92;1
404;45;6;Colonie naine;Nains;0;0;44;5;39;3;0.71;4;1.00;0;19;1;25;9;45;0;0;0.00;185;252;20;-7518.03;1
404;46;1;Première colonie;Humains;0;0;0;0;22;1;0.00;0;1.00;0;17;0;0;9;20;0;0;0.00;784;0;20;-1156.57;1
404;46;2;Colonie naine;Nains;0;0;33;3;37;3;0.74;5;1.00;0;19;0;21;11;39;0;0;0.00;78;199;20;-8615.78;0
404;46;3;Colonie elfe;Elfes;0;0;28;1;41;3;0.70;0;1.00;0;19;1;3;12;18;0;0;0.00;20;144;20;-5869.40;1
404;46;4;Colonie orque;Orques;0;0;25;5;21;1;0.74;5;1.00;0;19;1;28;8;79;0;0;0.00;33;131;20;-8599.29;0
404;46;5;Colonie humaine;Humains;0;0;63;10;46;2;0.72;3;1.00;0;19;1;25;14;128;0;0;0.00;17;357;20;-7736.52;1
404;46;6;Colonie naine;Nains;0;0;43;5;39;3;0.72;4;1.00;0;19;1;25;9;48;0;0;0.00;159;226;20;-7707.90;1
404;47;1;Première colonie;Humains;0;0;0;0;22;1;0.00;0;1.00;0;17;0;0;9;20;0;0;0.00;784;0;20;-1156.57;1
404;47;2;Colonie naine;Nains;0;0;33;3;37;3;0.70;5;1.00;0;19;0;21;11;40;0;0;0.00;107;179;20;-8854.58;0
404;47;3;Colonie elfe;Elfes;0;0;28;1;41;3;0.69;0;1.00;0;19;1;3;12;19;0;0;0.00;20;128;20;-6034.13;1
404;47;4;Colonie orque;Orques;0;0;25;2;21;1;0.73;5;1.00;0;19;1;28;8;80;0;0;0.00;47;118;20;-8685.95;0
404;47;5;Colonie humaine;Humains;0;0;60;9;46;2;0.73;0;1.00;0;19;1;25;14;135;0;0;0.00;17;358;20;-7785.17;1
404;47;6;Colonie naine;Nains;0;0;45;6;39;3;0.71;6;1.00;0;19;1;25;9;49;0;0;0.00;51;279;20;-7791.55;1
404;48;1;Première colonie;Humains;0;0;0;0;22;1;0.00;0;1.00;0;17;0;0;9;20;0;0;0.00;784;0;20;-1156.57;1
404;48;2;Colonie naine;Nains;0;0;32;3;37;3;0.75;4;1.00;0;19;0;21;11;41;0;0;0.00;203;196;20;-8978.60;0
404;48;3;Colonie elfe;Elfes;0;0;31;1;41;3;0.66;0;1.00;0;19;1;3;12;19;0;0;0.00;20;148;20;-6067.04;1
404;48;4;Colonie orque;Orques;0;0;24;0;21;1;0.74;4;1.00;0;19;1;28;8;81;0;0;0.00;34;136;20;-8968.14;0
404;48;5;Colonie humaine;Humains;0;0;59;8;46;2;0.71;0;1.00;0;19;1;25;14;140;0;0;0.00;17;360;20;-7985.69;1
404;48;6;Colonie naine;Nains;0;0;46;4;39;3;0.70;6;1.00;0;19;1;25;9;49;0;0;0.00;12;224;20;-8111.09;1
404;49;1;Première colonie;Humains;0;0;0;0;22;1;0.00;0;1.00;0;17;0;0;9;20;0;0;0.00;784;0;20;-1156.57;1
404;49;2;Colonie naine;Nains;0;0;32;2;37;3;0.76;4;1.00;0;19;0;21;11;42;0;0;0.00;92;185;20;-9144.07;0
404;49;3;Colonie elfe;Elfes;0;0;32;1;41;3;0.72;0;1.00;0;19;1;3;12;19;0;0;0.00;12;185;20;-6174.10;1
404;49;4;Colonie orque;Orques;0;0;23;1;21;1;0.76;3;1.00;0;19;1;28;8;84;0;0;0.00;6;148;20;-9042.82;0
404;49;5;Colonie humaine;Humains;0;0;61;9;46;2;0.74;1;1.00;0;19;1;25;14;142;0;0;0.00;23;382;20;-8122.39;1
404;49;6;Colonie naine;Nains;0;0;43;4;39;3;0.72;3;1.00;0;19;1;25;9;52;0;0;0.00;54;276;20;-8246.40;1
404;50;1;Première colonie;Humains;0;0;0;0;22;1;0.00;0;1.00;0;17;0;0;9;20;0;0;0.00;784;0;20;-1156.57;1
404;50;2;Colonie naine;Nains;0;0;33;4;37;3;0.72;5;1.00;0;19;0;21;11;45;0;0;0.00;54;207;20;-9187.99;0
404;50;3;Colonie elfe;Elfes;0;0;31;1;41;3;0.71;0;1.00;0;19;1;3;12;21;0;0;0.00;12;186;20;-6240.15;1
404;50;4;Colonie orque;Orques;0;0;21;2;21;1;0.79;1;1.00;0;19;1;28;8;89;0;0;0.00;16;105;20;-9157.66;0
404;50;5;Colonie humaine;Humains;0;0;61;6;46;2;0.72;1;1.00;0;19;1;25;14;144;0;0;0.00;17;373;20;-8321.38;1
404;50;6;Colonie naine;Nains;0;0;46;5;39;3;0.73;6;1.00;0;19;1;25;9;52;0;0;0.00;58;255;20;-8388.97;1
404;51;1;Première colonie;Humains;0;0;0;0;22;1;0.00;0;1.00;0;17;0;0;9;20;0;0;0.00;784;0;20;-1156.57;1
404;51;2;Colonie naine;Nains;0;0;33;4;37;3;0.74;5;1.00;0;19;0;21;11;45;0;0;0.00;46;200;20;-9437.36;0
404;51;3;Colonie elfe;Elfes;0;0;32;4;41;3;0.71;0;1.00;0;19;1;3;12;23;0;0;0.00;12;192;20;-6416.79;1
404;51;4;Colonie orque;Orques;0;0;21;2;21;1;0.75;1;1.00;0;19;1;28;8;91;0;0;0.00;2;111;20;-9248.83;0
404;51;5;Colonie humaine;Humains;0;0;63;7;46;2;0.72;3;1.00;0;19;1;25;14;147;0;0;0.00;6;380;20;-8413.42;1
404;51;6;Colonie naine;Nains;0;0;44;4;39;3;0.70;4;1.00;0;19;1;25;9;54;0;0;0.00;49;280;20;-8522.75;1
404;52;1;Première colonie;Humains;0;0;0;0;22;1;0.00;0;1.00;0;17;0;0;9;20;0;0;0.00;784;0;20;-1156.57;1
404;52;2;Colonie naine;Nains;0;0;32;3;37;3;0.76;4;1.00;0;19;0;21;11;46;0;0;0.00;40;191;20;-9656.08;0
404;52;3;Colonie elfe;Elfes;0;0;31;4;41;3;0.74;0;1.00;0;19;1;3;12;24;0;0;0.00;12;186;20;-6575.66;1
404;52;4;Colonie orque;Orques;0;0;21;2;21;1;0.73;1;1.00;0;19;1;28;8;93;0;0;0.00;20;162;20;-9288.80;0
404;52;5;Colonie humaine;Humains;0;0;63;3;46;2;0.72;3;1.00;0;19;1;25;14;148;0;0;0.00;12;366;20;-8593.28;1
404;52;6;Colonie naine;Nains;0;0;43;3;39;3;0.71;4;1.00;0;19;1;25;9;55;0;0;0.00;49;249;20;-8584.88;1
404;53;1;Première colonie;Humains;0;0;0;0;22;1;0.00;0;1.00;0;17;0;0;9;20;0;0;0.00;784;0;20;-1156.57;1
404;53;2;Colonie naine;Nains;0;0;33;3;37;3;0.72;5;1.00;0;19;0;21;11;46;0;0;0.00;48;182;20;-9754.67;0
404;53;3;Colonie elfe;Elfes;0;0;31;5;41;3;0.75;0;1.00;0;19;1;3;12;25;0;0;0.00;18;192;20;-6641.78;1
404;53;4;Colonie orque;Orques;0;0;23;2;21;1;0.74;3;1.00;0;19;1;28;8;96;0;0;0.00;34;141;20;-9537.14;0
404;53;5;Colonie humaine;Humains;0;0;60;3;46;2;0.70;0;1.00;0;19;1;25;14;153;0;0;0.00;24;367;20;-8711.96;1
404;53;6;Colonie naine;Nains;0;0;44;2;39;3;0.69;5;1.00;0;19;1;25;9;55;0;0;0.00;42;266;20;-8711.41;1
404;54;1;Première colonie;Humains;0;0;0;0;22;1;0.00;0;1.00;0;17;0;0;9;20;0;0;0.00;784;0;20;-1156.57;1
404;54;2;Colonie naine;Nains;0;0;34;4;37;3;0.73;6;1.00;0;19;0;21;11;46;0;0;0.00;52;189;20;-9963.14;0
404;54;3;Colonie elfe;Elfes;0;0;33;6;41;3;0.72;0;1.00;0;19;1;3;12;25;0;0;0.00;18;190;20;-6808.22;1
404;54;4;Colonie orque;Orques;0;0;25;2;21;1;0.73;5;1.00;0;19;1;28;8;97;0;0;0.00;34;119;20;-9598.98;0
404;54;5;Colonie humaine;Humains;0;0;61;3;46;2;0.70;1;1.00;0;19;1;25;14;158;0;0;0.00;24;387;20;-8846.11;1
404;54;6;Colonie naine;Nains;0;0;45;3;39;3;0.71;6;1.00;0;19;1;25;9;56;0;0;0.00;56;281;20;-8842.67;1
404;55;1;Première colonie;Humains;0;0;0;0;22;1;0.00;0;1.00;0;17;0;0;9;20;0;0;0.00;784;0;20;-1156.57;1
404;55;2;Colonie naine;Nains;0;0;33;4;37;3;0.72;5;1.00;0;19;0;21;11;47;0;0;0.00;78;191;20;-10225.22;0
404;55;3;Colonie elfe;Elfes;0;0;34;6;41;3;0.73;0;1.00;0;19;1;3;12;25;0;0;0.00;28;194;20;-6845.99;1
404;55;4;Colonie orque;Orques;0;0;25;3;21;1;0.74;5;1.00;0;19;1;28;8;100;0;0;0.00;22;125;20;-9798.95;0
404;55;5;Colonie humaine;Humains;0;0;59;6;46;2;0.73;0;1.00;0;19;1;25;14;166;0;0;0.00;24;326;20;-8926.51;1
404;55;6;Colonie naine;Nains;0;0;46;4;39;3;0.70;7;1.00;0;19;1;25;9;56;0;0;0.00;36;279;20;-8947.16;1
404;56;1;Première colonie;Humains;0;0;0;0;22;1;0.00;0;1.00;0;17;0;0;9;20;0;0;0.00;784;0;20;-1156.57;1
404;56;2;Colonie naine;Nains;0;0;32;2;37;3;0.72;4;1.00;0;19;0;21;11;48;0;0;0.00;37;194;20;-10527.43;0
404;56;3;Colonie elfe;Elfes;0;0;36;7;41;3;0.76;0;1.00;0;19;1;3;12;25;0;0;0.00;3;194;20;-6910.14;1
404;56;4;Colonie orque;Orques;0;0;22;2;21;1;0.75;2;1.00;0;19;1;28;8;103;0;0;0.00;5;128;20;-9946.45;0
404;56;5;Colonie humaine;Humains;0;0;57;10;46;2;0.73;0;1.00;0;19;1;25;14;173;0;0;0.00;4;359;20;-9166.58;1
404;56;6;Colonie naine;Nains;0;0;46;3;39;3;0.71;7;1.00;0;19;1;25;9;56;0;0;0.00;21;279;20;-9168.94;1
404;57;1;Première colonie;Humains;0;0;0;0;22;1;0.00;0;1.00;0;17;0;0;9;20;0;0;0.00;784;0;20;-1156.57;1
404;57;2;Colonie naine;Nains;0;0;31;2;37;3;0.72;3;1.00;0;19;0;21;11;49;0;0;0.00;41;206;20;-10698.06;0
404;57;3;Colonie elfe;Elfes;0;0;38;7;41;3;0.72;0;1.00;10;19;1;3;12;25;0;0;0.00;31;135;20;-6998.43;1
404;57;4;Colonie orque;Orques;0;0;24;1;21;1;0.72;4;1.00;0;19;1;28;8;104;0;0;0.00;8;107;20;-10040.25;0
404;57;5;Colonie humaine;Humains;0;0;57;11;46;2;0.75;0;1.00;0;19;1;25;14;177;0;0;0.00;44;365;20;-9347.73;1
404;57;6;Colonie naine;Nains;0;0;46;3;39;3;0.70;7;1.00;0;19;1;25;9;56;0;0;0.00;79;305;20;-9330.81;1
404;58;1;Première colonie;Humains;0;0;0;0;22;1;0.00;0;1.00;0;17;0;0;9;20;0;0;0.00;784;0;20;-1156.57;1
404;58;2;Colonie naine;Nains;0;0;30;2;37;3;0.73;2;1.00;0;19;0;21;11;50;0;0;0.00;41;187;20;-10855.55;0
404;58;3;Colonie elfe;Elfes;0;0;39;8;41;3;0.74;0;1.00;10;19;1;3;12;25;0;0;0.00;4;140;20;-7062.44;1
404;58;4;Colonie orque;Orques;0;0;22;1;21;1;0.77;0;1.00;0;19;1;28;8;108;0;0;0.00;15;130;20;-10131.41;0
404;58;5;Colonie humaine;Humains;0;0;62;15;46;2;0.72;2;1.00;10;19;1;25;14;180;0;0;0.00;16;351;20;-9369.05;1
404;58;6;Colonie naine;Nains;0;0;45;3;39;3;0.72;6;1.00;0;19;1;25;9;57;0;0;0.00;39;286;20;-9494.13;1
404;59;1;Première colonie;Humains;0;0;0;0;22;1;0.00;0;1.00;0;17;0;0;9;20;0;0;0.00;784;0;20;-1156.57;1
404;59;2;Colonie naine;Nains;0;0;28;1;37;3;0.73;0;1.00;0;19;0;21;11;53;0;0;0.00;50;173;20;-11056.98;0
404;59;3;Colonie elfe;Elfes;0;0;40;9;41;3;0.71;0;1.00;10;19;1;3;12;25;0;0;0.00;10;161;20;-7093.59;1
404;59;4;Colonie orque;Orques;0;0;20;3;21;1;0.74;0;1.00;0;19;1;28;8;113;0;0;0.00;6;101;20;-10243.16;0
404;59;5;Colonie humaine;Humains;0;0;64;13;46;2;0.72;4;1.00;10;19;1;25;14;181;0;0;0.00;15;381;20;-9602.39;1
404;59;6;Colonie naine;Nains;0;0;46;5;39;3;0.70;7;1.00;0;19;1;25;9;58;0;0;0.00;103;269;20;-9622.17;1
404;60;1;Première colonie;Humains;0;0;0;0;22;1;0.00;0;1.00;0;17;0;0;9;20;0;0;0.00;784;0;20;-1156.57;1
404;60;2;Colonie naine;Nains;0;0;29;0;37;3;0.74;1;1.00;0;19;0;21;11;55;0;0;0.00;50;182;20;-11147.10;0
404;60;3;Colonie elfe;Elfes;0;0;42;9;42;3;0.70;0;1.00;10;19;1;3;12;25;0;0;0.00;10;74;20;-7177.87;1
404;60;4;Colonie orque;Orques;0;0;19;3;21;1;0.74;0;1.00;0;19;1;28;8;115;0;0;0.00;0;95;20;-10371.15;0
404;60;5;Colonie humaine;Humains;0;0;65;12;46;2;0.73;5;1.00;10;19;1;25;14;182;0;0;0.00;17;381;20;-9737.51;1
404;60;6;Colonie naine;Nains;0;0;45;4;39;3;0.68;6;1.00;0;19;1;25;9;60;0;0;0.00;98;278;20;-9840.16;1
404;61;1;Première colonie;Humains;0;0;0;0;22;1;0.00;0;1.00;0;17;0;0;9;20;0;0;0.00;784;0;20;-1156.57;1
404;61;2;Colonie naine;Nains;0;0;30;0;37;3;0.74;2;1.00;0;19;0;21;11;55;0;0;0.00;45;199;20;-11212.90;0
404;61;3;Colonie elfe;Elfes;0;0;42;9;42;3;0.68;0;1.00;10;19;1;3;12;26;0;0;0.00;10;71;20;-7229.24;1
404;61;4;Colonie orque;Orques;0;0;21;1;21;1;0.78;1;1.00;0;19;1;28;8;116;0;0;0.00;73;113;20;-10565.55;0
404;61;5;Colonie humaine;Humains;0;0;64;5;46;2;0.72;4;1.00;10;19;1;25;14;185;0;0;0.00;17;315;20;-9865.33;1
404;61;6;Colonie naine;Nains;0;0;43;4;39;3;0.70;5;1.00;0;19;1;25;9;63;0;0;0.00;30;257;20;-9982.46;1
404;62;1;Première colonie;Humains;0;0;0;0;22;1;0.00;0;1.00;0;17;0;0;9;20;0;0;0.00;784;0;20;-1156.57;1
404;62;2;Colonie naine;Nains;0;0;33;0;37;3;0.73;5;1.00;0;19;0;21;11;57;0;0;0.00;45;204;20;-11327.24;0
404;62;3;Colonie elfe;Elfes;0;0;42;9;43;3;0.68;0;1.00;10;19;1;3;12;26;0;0;0.00;10;59;20;-7229.24;1
404;62;4;Colonie orque;Orques;0;0;22;0;21;1;0.73;2;1.00;0;19;1;28;8;118;0;0;0.00;73;133;20;-10694.68;0
404;62;5;Colonie humaine;Humains;0;0;64;2;46;2;0.71;4;1.00;10;19;1;25;14;186;0;0;0.00;17;397;20;-10076.38;1
404;62;6;Colonie naine;Nains;0;0;40;5;39;3;0.73;4;1.00;0;19;1;25;9;67;0;0;0.00;18;268;20;-10074.31;1
404;63;1;Première colonie;Humains;0;0;0;0;22;1;0.00;0;1.00;0;17;0;0;9;20;0;0;0.00;784;0;20;-1156.57;1
404;63;2;Colonie naine;Nains;0;0;32;0;37;3;0.73;4;1.00;0;19;0;21;11;61;0;0;0.00;49;189;20;-11558.92;0
404;63;3;Colonie elfe;Elfes;0;0;41;6;45;3;0.70;0;1.00;10;19;1;3;12;27;0;0;0.00;10;24;20;-7262.94;1
404;63;4;Colonie orque;Orques;0;0;24;1;21;1;0.72;4;1.00;0;19;1;28;8;120;0;0;0.00;7;125;20;-10921.18;0
404;63;5;Colonie humaine;Humains;0;0;59;1;46;2;0.70;0;1.00;10;19;1;25;14;192;0;0;0.00;17;329;20;-10100.73;1
404;63;6;Colonie naine;Nains;0;0;42;6;39;3;0.72;6;1.00;0;19;1;25;9;68;0;0;0.00;29;231;20;-10275.17;1
404;64;1;Première colonie;Humains;0;0;0;0;22;1;0.00;0;1.00;0;17;0;0;9;20;0;0;0.00;784;0;20;-1156.57;1
404;64;2;Colonie naine;Nains;0;0;33;0;37;3;0.74;5;1.00;0;19;0;21;11;62;0;0;0.00;104;218;20;-11682.18;0
404;64;3;Colonie elfe;Elfes;0;0;40;6;45;3;0.68;0;1.00;10;19;1;3;12;27;0;0;0.00;13;28;20;-7262.94;1
404;64;4;Colonie orque;Orques;0;0;23;1;21;1;0.71;3;1.00;0;19;1;28;8;122;0;0;0.00;30;125;20;-11214.31;0
404;64;5;Colonie humaine;Humains;0;0;59;3;46;2;0.72;0;1.00;10;19;1;25;14;195;0;0;0.00;18;340;20;-10363.67;1
404;64;6;Colonie naine;Nains;0;0;38;7;39;3;0.73;3;1.00;0;19;1;25;9;73;0;0;0.00;29;234;20;-10315.06;1
404;65;1;Première colonie;Humains;0;0;0;0;22;1;0.00;0;1.00;0;17;0;0;9;20;0;0;0.00;784;0;20;-1156.57;1
404;65;2;Colonie naine;Nains;0;0;33;0;37;3;0.72;5;1.00;0;19;0;21;11;62;0;0;0.00;58;205;20;-11947.50;0
404;65;3;Colonie elfe;Elfes;0;0;40;5;46;4;0.72;0;1.00;10;19;1;3;12;28;0;0;0.00;19;68;20;-7313.91;1
404;65;4;Colonie orque;Orques;0;0;20;0;21;1;0.72;0;1.00;0;19;1;28;8;125;0;0;0.00;32;100;20;-11429.65;0
404;65;5;Colonie humaine;Humains;0;0;58;3;46;2;0.73;0;1.00;10;19;1;25;14;201;0;0;0.00;30;368;20;-10489.33;1
404;65;6;Colonie naine;Nains;0;0;40;6;39;3;0.70;5;1.00;0;19;1;25;9;73;0;0;0.00;84;242;20;-10571.21;1
404;66;1;Première colonie;Humains;0;0;0;0;22;1;0.00;0;1.00;0;17;0;0;9;20;0;0;0.00;784;0;20;-1156.57;1
404;66;2;Colonie naine;Nains;0;0;29;0;37;3;0.74;1;1.00;0;19;0;21;11;66;0;0;0.00;46;168;20;-12070.99;0
404;66;3;Colonie elfe;Elfes;0;0;38;4;46;4;0.70;0;1.00;10;19;1;3;13;30;0;0;0.00;7;119;20;-7313.91;1
404;66;4;Colonie orque;Orques;0;0;19;0;21;1;0.75;0;1.00;0;19;1;28;8;128;0;0;0.00;42;118;20;-11562.09;0
404;66;5;Colonie humaine;Humains;0;0;56;4;46;2;0.72;0;1.00;10;19;1;25;14;207;0;0;0.00;20;373;20;-10589.69;1
404;66;6;Colonie naine;Nains;0;0;40;6;39;3;0.70;5;1.00;0;19;1;25;9;74;0;0;0.00;48;268;20;-10749.46;1
404;67;1;Première colonie;Humains;0;0;0;0;22;1;0.00;0;1.00;0;17;0;0;9;20;0;0;0.00;784;0;20;-1156.57;1
404;67;2;Colonie naine;Nains;0;0;31;2;37;3;0.74;3;1.00;0;19;0;21;11;67;0;0;0.00;50;188;20;-12174.83;0
404;67;3;Colonie elfe;Elfes;0;0;39;5;46;4;0.70;0;1.00;10;19;1;3;13;31;0;0;0.00;7;187;20;-7504.05;1
404;67;4;Colonie orque;Orques;0;0;18;0;21;1;0.73;0;1.00;0;19;1;28;8;129;0;0;0.00;29;100;20;-11662.70;0
404;67;5;Colonie humaine;Humains;0;0;56;3;46;2;0.72;0;1.00;10;19;1;25;14;210;0;0;0.00;4;320;20;-10806.31;1
404;67;6;Colonie naine;Nains;0;0;37;5;39;3;0.70;3;1.00;0;19;1;25;9;77;0;0;0.00;6;272;20;-10875.11;1
404;68;1;Première colonie;Humains;0;0;0;0;22;1;0.00;0;1.00;0;17;0;0;9;20;0;0;0.00;784;0;20;-1156.57;1
404;68;2;Colonie naine;Nains;0;0;33;4;39;4;0.70;1;1.00;0;19;0;21;11;67;0;0;0.00;50;244;20;-12330.05;0
404;68;3;Colonie elfe;Elfes;0;0;39;4;48;4;0.72;0;1.00;10;19;1;3;13;31;0;0;0.00;7;139;20;-7599.06;1
404;68;4;Colonie orque;Orques;0;0;15;1;21;1;0.78;0;1.00;0;19;1;28;8;133;0;0;0.00;29;189;20;-11753.87;0
404;68;5;Colonie humaine;Humains;0;0;56;6;46;2;0.72;0;1.00;10;19;1;25;14;213;0;0;0.00;4;314;20;-10904.90;1
404;68;6;Colonie naine;Nains;0;0;38;6;40;4;0.74;0;1.00;0;19;1;25;9;78;0;0;0.00;6;321;20;-11020.32;1
404;69;1;Première colonie;Humains;0;0;0;0;22;1;0.00;0;1.00;0;17;0;0;9;20;0;0;0.00;784;0;20;-1156.57;1
404;69;2;Colonie naine;Nains;0;0;35;5;39;4;0.72;2;1.00;0;19;0;21;11;68;0;0;0.00;54;243;20;-12468.21;0
404;69;3;Colonie elfe;Elfes;0;0;41;5;51;4;0.71;0;1.00;10;19;1;3;13;31;0;0;0.00;0;159;20;-7654.72;1
404;69;4;Colonie orque;Orques;0;0;11;1;21;1;0.78;0;1.00;0;19;1;28;8;137;0;0;0.00;14;244;20;-11887.47;0
404;69;5;Colonie humaine;Humains;0;0;58;5;46;2;0.71;0;1.00;10;19;1;25;14;215;0;0;0.00;9;364;20;-11042.33;1
404;69;6;Colonie naine;Nains;0;0;41;5;40;4;0.70;5;1.00;0;19;1;25;10;80;0;0;0.00;6;257;20;-11143.64;1
404;70;1;Première colonie;Humains;0;0;0;0;22;1;0.00;0;1.00;0;17;0;0;9;20;0;0;0.00;784;0;20;-1156.57;1
404;70;2;Colonie naine;Nains;0;0;35;7;39;4;0.74;3;1.00;0;19;0;21;12;70;0;0;0.00;54;232;20;-12541.81;0
404;70;3;Colonie elfe;Elfes;0;0;41;4;51;4;0.70;0;1.00;10;19;1;3;14;31;0;0;0.00;4;137;20;-7654.72;1
404;70;4;Colonie orque;Orques;0;0;9;0;21;1;0.71;0;1.00;0;19;1;28;8;140;0;0;0.00;14;343;20;-12031.70;0
404;70;5;Colonie humaine;Humains;0;0;60;8;46;2;0.73;0;1.00;10;19;1;25;14;218;0;0;0.00;9;353;20;-11227.15;1
404;70;6;Colonie naine;Nains;0;0;40;5;40;4;0.70;3;1.00;0;19;1;25;10;82;0;0;0.00;11;246;20;-11246.88;1
404;71;1;Première colonie;Humains;0;0;0;0;22;1;0.00;0;1.00;0;17;0;0;9;20;0;0;0.00;784;0;20;-1156.57;1
404;71;2;Colonie naine;Nains;0;0;37;7;39;4;0.72;5;1.00;0;19;0;21;12;70;0;0;0.00;36;226;20;-12600.53;0
404;71;3;Colonie elfe;Elfes;0;0;41;3;51;4;0.71;0;1.00;10;19;1;3;14;31;0;0;0.00;4;140;20;-7679.22;1
404;71;4;Colonie orque;Orques;0;0;7;0;21;1;0.78;0;1.00;0;19;1;28;8;142;0;0;0.00;14;358;20;-12122.84;0
404;71;5;Colonie humaine;Humains;0;0;60;5;46;2;0.71;0;1.00;10;19;1;25;14;220;0;0;0.00;9;368;20;-11253.15;1
404;71;6;Colonie naine;Nains;0;0;43;4;40;4;0.71;4;1.00;0;19;1;25;10;82;0;0;0.00;15;253;20;-11356.88;1
404;72;1;Première colonie;Humains;0;0;0;0;22;1;0.00;0;1.00;0;17;0;0;9;20;0;0;0.00;784;0;20;-1156.57;1
404;72;2;Colonie naine;Nains;0;0;38;7;40;4;0.72;6;1.00;0;19;0;21;12;71;0;0;0.00;36;216;20;-12700.62;0
404;72;3;Colonie elfe;Elfes;0;0;41;3;51;4;0.73;0;1.00;10;19;1;3;14;31;0;0;0.00;4;294;20;-7814.77;1
404;72;4;Colonie orque;Orques;0;0;4;0;21;1;0.78;0;1.00;0;19;1;28;8;145;0;0;0.00;14;443;20;-12229.77;0
404;72;5;Colonie humaine;Humains;0;0;59;4;46;2;0.72;0;1.00;10;19;1;25;14;222;0;0;0.00;9;380;20;-11466.11;1
404;72;6;Colonie naine;Nains;0;0;44;4;40;4;0.69;6;1.00;0;19;1;25;10;86;0;0;0.00;23;246;20;-11479.12;1
404;73;1;Première colonie;Humains;0;0;0;0;22;1;0.00;0;1.00;0;17;0;0;9;20;0;0;0.00;784;0;20;-1156.57;1
404;73;2;Colonie naine;Nains;0;0;38;5;40;4;0.74;6;1.00;0;19;0;21;12;71;0;0;0.00;40;224;20;-12990.29;0
404;73;3;Colonie elfe;Elfes;0;0;47;4;51;4;0.72;0;1.00;10;19;1;3;14;31;0;0;0.00;18;276;20;-7867.39;1
404;73;4;Colonie orque;Orques;0;0;5;0;21;1;0.69;0;1.00;0;19;1;28;8;146;0;0;0.00;14;436;20;-12229.77;0
404;73;5;Colonie humaine;Humains;0;0;60;1;46;2;0.72;0;1.00;10;19;1;25;14;225;0;0;0.00;9;369;20;-11597.74;1
404;73;6;Colonie naine;Nains;0;0;44;5;40;4;0.70;6;1.00;0;19;1;25;10;87;0;0;0.00;23;259;20;-11668.21;1
404;74;1;Première colonie;Humains;0;0;0;0;22;1;0.00;0;1.00;0;17;0;0;9;20;0;0;0.00;784;0;20;-1156.57;1
404;74;2;Colonie naine;Nains;0;0;40;5;40;4;0.71;6;1.00;0;19;0;21;12;71;0;0;0.00;48;259;20;-13184.08;0
404;74;3;Colonie elfe;Elfes;0;0;48;4;51;4;0.66;0;1.00;10;19;1;3;14;31;0;0;0.00;24;111;20;-7904.48;1
404;74;4;Colonie orque;Orques;0;0;7;1;21;1;0.74;0;1.00;0;19;1;28;8;146;0;0;0.00;14;522;20;-12315.38;0
404;74;5;Colonie humaine;Humains;0;0;62;4;46;2;0.71;2;1.00;10;19;1;25;14;227;0;0;0.00;9;396;20;-11668.58;1
404;74;6;Colonie naine;Nains;0;0;43;4;40;4;0.69;5;1.00;10;19;1;25;10;89;0;0;0.00;12;275;20;-11794.14;1
404;75;1;Première colonie;Humains;0;0;0;0;22;1;0.00;0;1.00;0;17;0;0;9;20;0;0;0.00;784;0;20;-1156.57;1
404;75;2;Colonie naine;Nains;0;0;40;4;40;4;0.71;8;1.00;0;19;0;21;12;71;0;0;0.00;56;260;20;-13267.50;0
404;75;3;Colonie elfe;Elfes;0;0;14;4;51;4;0.39;0;1.00;10;19;1;2;14;41;0;0;0.00;30;72;20;-7904.48;1
404;75;4;Colonie orque;Orques;0;0;9;2;21;1;0.79;0;1.00;0;19;1;28;8;147;0;0;0.00;14;535;20;-12526.58;0
404;75;5;Colonie humaine;Humains;0;0;55;7;46;2;0.70;0;1.00;10;19;1;25;14;237;0;0;0.00;14;351;20;-11884.30;1
404;75;6;Colonie naine;Nains;0;0;44;5;40;4;0.71;5;1.00;10;19;1;25;10;89;0;0;0.00;12;301;20;-11931.58;1
404;76;1;Première colonie;Humains;0;0;0;0;22;1;0.00;0;1.00;0;17;0;0;9;20;0;0;0.00;784;0;20;-1156.57;1
404;76;2;Colonie naine;Nains;0;0;39;2;40;4;0.71;7;1.00;0;19;0;21;12;72;0;0;0.00;61;257;20;-13428.96;0
404;76;3;Colonie elfe;Elfes;0;0;8;2;51;4;0.70;0;1.00;10;19;1;2;14;47;0;0;0.00;30;76;20;-7904.48;1
404;76;4;Colonie orque;Orques;0;0;11;2;21;1;0.80;0;1.00;0;19;1;28;8;148;0;0;0.00;28;581;20;-12701.75;0
404;76;5;Colonie humaine;Humains;0;0;49;6;46;2;0.72;0;1.00;10;19;1;25;14;244;0;0;0.00;20;308;20;-12026.89;1
404;76;6;Colonie naine;Nains;0;0;45;5;40;4;0.69;6;1.00;10;19;1;25;11;89;0;0;0.00;15;314;20;-12140.03;1
404;77;1;Première colonie;Humains;0;0;0;0;22;1;0.00;0;1.00;0;17;0;0;9;20;0;0;0.00;784;0;20;-1156.57;1
404;77;2;Colonie naine;Nains;0;0;38;2;40;4;0.69;6;1.00;0;19;0;21;12;73;0;0;0.00;66;244;20;-13508.41;0
404;77;3;Colonie elfe;Elfes;0;0;8;2;51;4;0.69;0;1.00;10;19;1;2;14;47;0;0;0.00;30;75;20;-7904.48;1
404;77;4;Colonie orque;Orques;0;0;15;1;21;1;0.73;0;1.00;0;19;1;28;8;148;0;0;0.00;28;635;20;-12856.61;0
404;77;5;Colonie humaine;Humains;0;0;50;5;46;2;0.72;0;1.00;10;19;1;25;14;247;0;0;0.00;26;322;20;-12073.22;1
404;77;6;Colonie naine;Nains;0;0;42;5;40;4;0.66;4;1.00;10;19;1;25;11;92;0;0;0.00;15;276;20;-12140.03;1
404;78;1;Première colonie;Humains;0;0;0;0;22;1;0.00;0;1.00;0;17;0;0;9;20;0;0;0.00;784;0;20;-1156.57;1
404;78;2;Colonie naine;Nains;0;0;38;2;40;4;0.68;6;1.00;0;19;0;21;12;75;0;0;0.00;36;247;20;-13653.25;0
404;78;3;Colonie elfe;Elfes;0;0;8;2;51;4;0.69;0;1.00;10;19;1;2;14;47;0;0;0.00;30;55;20;-7904.48;1
404;78;4;Colonie orque;Orques;0;0;17;1;21;1;0.80;0;1.00;0;19;1;28;8;148;0;0;0.00;55;581;20;-12943.28;0
404;78;5;Colonie humaine;Humains;0;0;44;3;46;2;0.73;0;1.00;10;19;1;25;14;256;0;0;0.00;26;283;20;-12262.98;1
404;78;6;Colonie naine;Nains;0;0;41;5;40;4;0.70;3;1.00;10;19;1;25;11;94;0;0;0.00;11;274;20;-12354.11;1
404;79;1;Première colonie;Humains;0;0;0;0;22;1;0.00;0;1.00;0;17;0;0;9;20;0;0;0.00;784;0;20;-1156.57;1
404;79;2;Colonie naine;Nains;0;0;37;2;40;4;0.71;5;1.00;0;19;0;21;12;76;0;0;0.00;36;234;20;-13868.70;0
404;79;3;Colonie elfe;Elfes;0;0;8;1;51;4;0.62;0;1.00;10;19;1;2;14;47;0;0;0.00;30;35;20;-7904.48;1
404;79;4;Colonie orque;Orques;0;0;21;2;21;1;0.74;1;1.00;0;19;1;28;8;150;0;0;0.00;70;537;20;-13091.61;0
404;79;5;Colonie humaine;Humains;0;0;45;5;46;2;0.73;0;1.00;10;19;1;25;14;259;0;0;0.00;25;288;20;-12364.38;1
404;79;6;Colonie naine;Nains;0;0;44;4;40;4;0.68;6;1.00;10;19;1;25;11;95;0;0;0.00;19;289;20;-12461.91;1
404;80;1;Première colonie;Humains;0;0;0;0;22;1;0.00;0;1.00;0;17;0;0;9;20;0;0;0.00;784;0;20;-1156.57;1
404;80;2;Colonie naine;Nains;0;0;35;0;40;4;0.71;6;1.00;0;19;0;21;12;78;0;0;0.00;36;225;20;-13868.70;0
404;80;3;Colonie elfe;Elfes;0;0;8;1;51;4;0.67;0;1.00;10;19;1;2;14;47;0;0;0.00;30;45;20;-7904.48;1
404;80;4;Colonie orque;Orques;0;0;24;3;21;1;0.75;4;1.00;0;19;1;28;8;151;0;0;0.00;57;274;20;-13263.28;0
404;80;5;Colonie humaine;Humains;0;0;46;7;46;2;0.73;0;1.00;10;19;1;25;14;263;0;0;0.00;25;266;20;-12543.45;1
404;80;6;Colonie naine;Nains;0;0;44;3;40;4;0.71;6;1.00;10;19;1;26;11;95;0;0;0.00;7;281;20;-12595.42;1
404;81;1;Première colonie;Humains;0;0;0;0;22;1;0.00;0;1.00;0;17;0;0;9;20;0;0;0.00;784;0;20;-1156.57;1
404;81;2;Colonie naine;Nains;0;0;32;0;40;4;0.69;3;1.00;0;19;0;21;12;81;0;0;0.00;41;224;20;-14107.36;0
404;81;3;Colonie elfe;Elfes;0;0;8;0;51;4;0.73;0;1.00;10;19;1;2;14;47;0;0;0.00;30;57;20;-7904.48;1
404;81;4;Colonie orque;Orques;0;0;24;3;21;1;0.76;4;1.00;0;19;1;28;8;152;0;0;0.00;62;139;20;-13347.28;0
404;81;5;Colonie humaine;Humains;0;0;47;7;46;2;0.71;0;1.00;10;19;1;25;14;266;0;0;0.00;12;272;20;-12742.19;1
404;81;6;Colonie naine;Nains;0;0;44;2;40;4;0.71;6;1.00;10;19;1;26;11;95;0;0;0.00;7;277;20;-12746.90;1
404;82;1;Première colonie;Humains;0;0;0;0;22;1;0.00;0;1.00;0;17;0;0;9;20;0;0;0.00;784;0;20;-1156.57;1
404;82;2;Colonie naine;Nains;0;0;34;1;40;4;0.69;5;1.00;0;19;0;21;12;82;0;0;0.00;41;221;20;-14164.02;0
404;82;3;Colonie elfe;Elfes;0;0;8;0;51;4;0.69;0;1.00;10;19;1;2;14;47;0;0;0.00;30;41;20;-7904.48;1
404;82;4;Colonie orque;Orques;0;0;23;2;21;1;0.69;3;1.00;0;19;1;28;8;154;0;0;0.00;33;105;20;-13494.20;0
404;82;5;Colonie humaine;Humains;0;0;51;8;46;2;0.72;0;1.00;10;19;1;25;14;267;0;0;0.00;29;351;20;-12774.78;1
404;82;6;Colonie naine;Nains;0;0;43;2;41;4;0.70;6;1.00;10;19;1;26;11;97;0;0;0.00;22;275;20;-12746.90;1
404;83;1;Première colonie;Humains;0;0;0;0;22;1;0.00;0;1.00;0;17;0;0;9;20;0;0;0.00;784;0;20;-1156.57;1
404;83;2;Colonie naine;Nains;0;0;33;1;40;4;0.72;4;1.00;0;19;0;21;12;84;0;0;0.00;41;197;20;-14443.08;0
404;83;3;Colonie elfe;Elfes;0;0;8;0;51;4;0.72;0;1.00;10;19;1;2;14;47;0;0;0.00;30;45;20;-7904.48;1
404;83;4;Colonie orque;Orques;0;0;20;0;21;1;0.73;0;1.00;0;19;1;28;8;158;0;0;0.00;38;124;20;-13539.74;0
404;83;5;Colonie humaine;Humains;0;0;50;5;46;2;0.72;0;1.00;10;19;1;25;14;270;0;0;0.00;29;283;20;-12948.86;1
404;83;6;Colonie naine;Nains;0;0;42;2;43;4;0.70;5;1.00;10;19;1;26;11;98;0;0;0.00;22;274;20;-12812.63;1
404;84;1;Première colonie;Humains;0;0;0;0;22;1;0.00;0;1.00;0;17;0;0;9;20;0;0;0.00;784;0;20;-1156.57;1
404;84;2;Colonie naine;Nains;0;0;34;1;40;4;0.71;5;1.00;0;19;0;21;12;85;0;0;0.00;61;204;20;-14515.86;0
404;84;3;Colonie elfe;Elfes;0;0;8;0;51;4;0.68;0;1.00;10;19;1;2;14;47;0;0;0.00;30;46;20;-7904.48;1
404;84;4;Colonie orque;Orques;0;0;18;1;21;1;0.76;0;1.00;0;19;1;28;8;163;0;0;0.00;21;99;20;-13628.24;0
404;84;5;Colonie humaine;Humains;0;0;52;7;46;2;0.73;0;1.00;10;19;1;25;14;273;0;0;0.00;5;338;20;-13129.10;1
404;84;6;Colonie naine;Nains;0;0;43;3;45;4;0.72;6;1.00;10;19;1;26;11;99;0;0;0.00;69;285;20;-12867.94;1
404;85;1;Première colonie;Humains;0;0;0;0;22;1;0.00;0;1.00;0;17;0;0;9;20;0;0;0.00;784;0;20;-1156.57;1
404;85;2;Colonie naine;Nains;0;0;35;2;40;4;0.68;6;1.00;0;19;0;21;12;87;0;0;0.00;37;225;20;-14729.93;0
404;85;3;Colonie elfe;Elfes;0;0;6;0;51;4;0.62;0;1.00;10;19;1;2;14;49;0;0;0.00;30;60;20;-7904.48;1
404;85;4;Colonie orque;Orques;0;0;21;1;21;1;0.79;1;1.00;0;19;1;28;8;163;0;0;0.00;44;96;20;-13719.83;0
404;85;5;Colonie humaine;Humains;0;0;52;5;46;2;0.76;0;1.00;10;19;1;25;14;274;0;0;0.00;5;342;20;-13129.10;1
404;85;6;Colonie naine;Nains;0;0;41;3;46;4;0.71;4;1.00;10;19;1;26;11;101;0;0;0.00;34;276;20;-13050.86;1
404;86;1;Première colonie;Humains;0;0;0;0;22;1;0.00;0;1.00;0;17;0;0;9;20;0;0;0.00;784;0;20;-1156.57;1
404;86;2;Colonie naine;Nains;0;0;33;2;40;4;0.69;4;1.00;0;19;0;21;12;89;0;0;0.00;37;237;20;-14931.83;0
404;86;3;Colonie elfe;Elfes;0;0;5;0;51;4;0.61;0;1.00;10;19;1;2;14;50;0;0;0.00;30;24;20;-7904.48;1
404;86;4;Colonie orque;Orques;0;0;17;0;21;1;0.77;0;1.00;0;19;1;28;8;167;0;0;0.00;49;115;20;-13811.00;0
404;86;5;Colonie humaine;Humains;0;0;53;6;46;2;0.74;0;1.00;10;19;1;25;14;278;0;0;0.00;10;346;20;-13227.98;1
404;86;6;Colonie naine;Nains;0;0;40;4;46;4;0.72;5;1.00;10;19;1;26;11;105;0;0;0.00;44;273;20;-13188.34;1
404;87;1;Première colonie;Humains;0;0;0;0;22;1;0.00;0;1.00;0;17;0;0;9;20;0;0;0.00;784;0;20;-1156.57;1
404;87;2;Colonie naine;Nains;0;0;34;2;40;4;0.69;5;1.00;0;19;0;21;12;90;0;0;0.00;47;200;20;-14931.83;0
404;87;3;Colonie elfe;Elfes;0;0;5;0;51;4;0.70;0;1.00;10;19;1;2;14;50;0;0;0.00;30;28;20;-7904.48;1
404;87;4;Colonie orque;Orques;0;0;16;1;21;1;0.77;0;1.00;0;19;1;28;8;170;0;0;0.00;34;102;20;-13965.69;0
404;87;5;Colonie humaine;Humains;0;0;54;5;46;2;0.72;0;1.00;10;19;1;25;14;282;0;0;0.00;48;331;20;-13342.02;1
404;87;6;Colonie naine;Nains;0;0;40;6;46;4;0.73;6;1.00;10;19;1;26;11;108;0;0;0.00;44;314;20;-13237.64;1
404;88;1;Première colonie;Humains;0;0;0;0;22;1;0.00;0;1.00;0;17;0;0;9;20;0;0;0.00;784;0;20;-1156.57;1
404;88;2;Colonie naine;Nains;0;0;34;1;40;4;0.71;5;1.00;0;19;0;21;12;91;0;0;0.00;73;227;20;-15083.45;0
404;88;3;Colonie elfe;Elfes;0;0;3;0;51;4;0.66;0;1.00;10;19;1;2;14;52;0;0;0.00;30;23;20;-7904.48;1
404;88;4;Colonie orque;Orques;0;0;22;2;21;1;0.72;2;1.00;0;19;1;28;8;170;0;0;0.00;13;139;20;-13965.69;0
404;88;5;Colonie humaine;Humains;0;0;54;4;46;2;0.70;0;1.00;10;19;1;25;14;286;0;0;0.00;54;334;20;-13489.73;1
404;88;6;Colonie naine;Nains;0;0;39;5;46;4;0.70;6;1.00;10;19;1;26;11;111;0;0;0.00;14;285;20;-13471.07;1
404;89;1;Première colonie;Humains;0;0;0;0;22;1;0.00;0;1.00;0;17;0;0;9;20;0;0;0.00;784;0;20;-1156.57;1
404;89;2;Colonie naine;Nains;0;0;34;2;40;4;0.70;5;1.00;0;19;0;21;12;93;0;0;0.00;43;228;20;-15133.04;0
404;89;3;Colonie elfe;Elfes;0;0;2;0;51;4;0.57;0;1.00;10;19;1;2;14;53;0;0;0.00;30;15;20;-7904.48;1
404;89;4;Colonie orque;Orques;0;0;18;1;21;1;0.76;0;1.00;0;19;1;28;8;174;0;0;0.00;14;105;20;-14039.59;0
404;89;5;Colonie humaine;Humains;0;0;57;4;46;2;0.72;0;1.00;10;19;1;25;14;288;0;0;0.00;6;322;20;-13687.31;1
404;89;6;Colonie naine;Nains;0;0;39;6;46;4;0.73;6;1.00;20;19;1;26;11;112;0;0;0.00;19;260;20;-13471.07;1
404;90;1;Première colonie;Humains;0;0;0;0;22;1;0.00;0;1.00;0;17;0;0;9;20;0;0;0.00;784;0;20;-1156.57;1
404;90;2;Colonie naine;Nains;0;0;33;2;40;4;0.71;4;1.00;0;19;0;21;12;96;0;0;0.00;46;219;20;-15310.33;0
404;90;3;Colonie elfe;Elfes;0;0;2;0;51;4;0.66;0;1.00;10;19;1;2;14;53;0;0;0.00;30;13;20;-7904.48;1
404;90;4;Colonie orque;Orques;0;0;23;2;21;1;0.73;3;1.00;0;19;1;28;8;174;0;0;0.00;26;125;20;-14153.59;0
404;90;5;Colonie humaine;Humains;0;0;62;4;46;2;0.72;2;1.00;10;19;1;25;14;289;0;0;0.00;23;383;20;-13775.91;1
404;90;6;Colonie naine;Nains;0;0;38;4;46;4;0.73;5;1.00;20;19;1;26;11;113;0;0;0.00;19;299;20;-13619.50;1
404;91;1;Première colonie;Humains;0;0;0;0;22;1;0.00;0;1.00;0;17;0;0;9;20;0;0;0.00;784;0;20;-1156.57;1
404;91;2;Colonie naine;Nains;0;0;32;2;40;4;0.72;3;1.00;0;19;0;21;12;98;0;0;0.00;46;206;20;-15565.39;0
404;91;3;Colonie elfe;Elfes;0;0;1;0;51;4;0.46;0;1.00;10;19;1;2;14;54;0;0;0.00;30;15;20;-7904.48;1
404;91;4;Colonie orque;Orques;0;0;22;1;21;1;0.76;2;1.00;0;19;1;28;8;176;0;0;0.00;2;139;20;-14217.92;0
404;91;5;Colonie humaine;Humains;0;0;61;7;46;2;0.73;1;1.00;20;19;1;25;14;294;0;0;0.00;29;372;20;-13985.88;1
404;91;6;Colonie naine;Nains;0;0;41;7;46;4;0.70;8;1.00;20;19;1;26;11;113;0;0;0.00;9;338;20;-13799.45;1
404;92;1;Première colonie;Humains;0;0;0;0;22;1;0.00;0;1.00;0;17;0;0;9;20;0;0;0.00;784;0;20;-1156.57;1
404;92;2;Colonie naine;Nains;0;0;33;4;40;4;0.70;4;1.00;0;19;0;22;12;100;0;0;0.00;51;215;20;-15716.21;0
404;92;3;Colonie elfe;Elfes;0;0;1;0;51;4;0.62;0;1.00;10;19;1;2;14;54;0;0;0.00;30;17;20;-7904.48;1
404;92;4;Colonie orque;Orques;0;0;23;2;21;1;0.73;3;1.00;0;19;1;28;8;179;0;0;0.00;2;124;20;-14217.92;0
404;92;5;Colonie humaine;Humains;0;0;63;9;46;2;0.70;3;1.00;20;19;1;25;14;297;0;0;0.00;29;369;20;-14088.97;1
404;92;6;Colonie naine;Nains;0;0;39;6;46;4;0.72;6;1.00;20;19;1;26;11;115;0;0;0.00;9;296;20;-13799.45;1
404;93;1;Première colonie;Humains;0;0;0;0;22;1;0.00;0;1.00;0;17;0;0;9;20;0;0;0.00;784;0;20;-1156.57;1
404;93;2;Colonie naine;Nains;0;0;33;6;40;4;0.72;4;1.00;0;19;0;23;12;102;0;0;0.00;51;181;20;-15716.21;0
404;93;3;Colonie elfe;Elfes;0;0;1;0;51;4;0.41;0;1.00;10;19;1;2;14;54;0;0;0.00;30;12;20;-7904.48;1
404;93;4;Colonie orque;Orques;0;0;22;3;21;1;0.76;2;1.00;0;19;1;28;8;182;0;0;0.00;7;114;20;-14277.78;0
404;93;5;Colonie humaine;Humains;0;0;61;11;46;2;0.71;1;1.00;20;19;1;25;14;303;0;0;0.00;29;373;20;-14182.02;1
404;93;6;Colonie naine;Nains;0;0;39;5;46;4;0.71;6;1.00;20;19;1;26;11;116;0;0;0.00;9;297;20;-14006.96;1
404;94;1;Première colonie;Humains;0;0;0;0;22;1;0.00;0;1.00;0;17;0;0;9;20;0;0;0.00;784;0;20;-1156.57;1
404;94;2;Colonie naine;Nains;0;0;34;6;40;4;0.72;5;1.00;0;19;0;25;12;102;0;0;0.00;49;215;20;-15716.21;0
404;94;3;Colonie elfe;Elfes;0;0;1;0;51;4;0.59;0;1.00;10;19;1;2;14;54;0;0;0.00;30;13;20;-7904.48;1
404;94;4;Colonie orque;Orques;0;0;24;4;21;1;0.71;4;1.00;0;19;1;28;8;184;0;0;0.00;19;132;20;-14426.20;0
404;94;5;Colonie humaine;Humains;0;0;66;9;46;2;0.72;6;1.00;20;19;1;25;14;305;0;0;0.00;35;344;20;-14324.10;1
404;94;6;Colonie naine;Nains;0;0;39;5;46;4;0.72;6;1.00;20;19;1;26;11;116;0;0;0.00;9;308;20;-14094.86;1
404;95;1;Première colonie;Humains;0;0;0;0;22;1;0.00;0;1.00;0;17;0;0;9;20;0;0;0.00;784;0;20;-1156.57;1
404;95;2;Colonie naine;Nains;0;0;34;5;40;4;0.72;5;1.00;10;19;0;28;12;102;0;0;0.00;54;200;20;-15858.08;0
404;95;3;Colonie elfe;Elfes;0;0;1;0;51;4;0.55;0;1.00;10;19;1;2;14;54;0;0;0.00;30;12;20;-7904.48;1
404;95;4;Colonie orque;Orques;0;0;22;4;21;1;0.81;2;1.00;0;19;1;28;8;187;0;0;0.00;29;160;20;-14510.20;0
404;95;5;Colonie humaine;Humains;0;0;65;9;46;2;0.69;5;1.00;20;19;1;25;14;310;0;0;0.00;35;369;20;-14359.44;1
404;95;6;Colonie naine;Nains;0;0;38;4;46;4;0.69;5;1.00;20;19;1;26;11;118;0;0;0.00;9;291;20;-14146.38;1
404;96;1;Première colonie;Humains;0;0;0;0;22;1;0.00;0;1.00;0;17;0;0;9;20;0;0;0.00;784;0;20;-1156.57;1
404;96;2;Colonie naine;Nains;0;0;34;6;40;4;0.72;5;1.00;10;19;0;28;12;103;0;0;0.00;42;221;20;-15956.42;0
404;96;3;Colonie elfe;Elfes;0;0;1;0;51;4;0.56;0;1.00;10;19;1;2;14;54;0;0;0.00;30;15;20;-7904.48;1
404;96;4;Colonie orque;Orques;0;0;22;2;21;1;0.74;2;1.00;0;19;1;28;8;189;0;0;0.00;19;111;20;-14625.72;0
404;96;5;Colonie humaine;Humains;0;0;63;6;46;2;0.71;3;1.00;20;19;1;25;14;315;0;0;0.00;29;395;20;-14553.91;1
404;96;6;Colonie naine;Nains;0;0;37;5;46;4;0.72;4;1.00;20;19;1;26;11;122;0;0;0.00;9;293;20;-14387.50;1
404;97;1;Première colonie;Humains;0;0;0;0;22;1;0.00;0;1.00;0;17;0;0;9;20;0;0;0.00;784;0;20;-1156.57;1
404;97;2;Colonie naine;Nains;0;0;34;5;40;4;0.70;5;1.00;10;19;0;28;12;103;0;0;0.00;42;219;20;-16125.58;0
404;97;3;Colonie elfe;Elfes;0;0;1;0;51;4;0.65;0;1.00;10;19;1;2;14;54;0;0;0.00;30;15;20;-7904.48;1
404;97;4;Colonie orque;Orques;0;0;22;1;21;1;0.70;2;1.00;0;19;1;28;8;192;0;0;0.00;11;77;20;-14800.89;0
404;97;5;Colonie humaine;Humains;0;0;66;7;46;2;0.71;6;1.00;20;19;1;25;14;316;0;0;0.00;13;375;20;-14664.17;1
404;97;6;Colonie naine;Nains;0;0;38;2;46;4;0.71;5;1.00;20;19;1;26;11;123;0;0;0.00;9;298;20;-14387.50;1
404;98;1;Première colonie;Humains;0;0;0;0;22;1;0.00;0;1.00;0;17;0;0;9;20;0;0;0.00;784;0;20;-1156.57;1
404;98;2;Colonie naine;Nains;0;0;36;6;40;4;0.72;7;1.00;10;19;0;28;12;104;0;0;0.00;47;238;20;-16358.30;0
404;98;3;Colonie elfe;Elfes;0;0;1;0;51;4;0.45;0;1.00;10;19;1;2;14;54;0;0;0.00;30;12;20;-7904.48;1
404;98;4;Colonie orque;Orques;0;0;19;0;21;1;0.73;0;1.00;0;19;1;28;8;195;0;0;0.00;23;92;20;-14953.72;0
404;98;5;Colonie humaine;Humains;0;0;63;3;46;2;0.69;3;1.00;20;19;1;26;14;319;0;0;0.00;13;344;20;-14772.58;1
404;98;6;Colonie naine;Nains;0;0;38;2;46;4;0.70;5;1.00;20;19;1;26;11;123;0;0;0.00;9;282;20;-14656.04;1
404;99;1;Première colonie;Humains;0;0;0;0;22;1;0.00;0;1.00;0;17;0;0;9;20;0;0;0.00;784;0;20;-1156.57;1
404;99;2;Colonie naine;Nains;0;0;36;4;40;4;0.73;7;1.00;10;19;0;28;12;104;0;0;0.00;47;227;20;-16358.30;0
404;99;3;Colonie elfe;Elfes;0;0;1;0;51;4;0.51;0;1.00;10;19;1;2;14;54;0;0;0.00;30;15;20;-7904.48;1
404;99;4;Colonie orque;Orques;0;0;21;3;21;1;0.74;1;1.00;0;19;1;28;8;198;0;0;0.00;8;127;20;-15114.40;0
404;99;5;Colonie humaine;Humains;0;0;63;3;46;2;0.73;3;1.00;20;19;1;26;14;321;0;0;0.00;13;367;20;-14942.98;1
404;99;6;Colonie naine;Nains;0;0;37;1;46;4;0.71;4;1.00;20;19;1;26;11;124;0;0;0.00;9;280;20;-14718.23;1
404;100;1;Première colonie;Humains;0;0;0;0;22;1;0.00;0;1.00;0;17;0;0;9;20;0;0;0.00;784;0;20;-1156.57;1
404;100;2;Colonie naine;Nains;0;0;35;4;40;4;0.68;6;1.00;10;19;0;28;12;105;0;0;0.00;52;210;20;-16665.64;0
404;100;3;Colonie elfe;Elfes;0;0;1;0;51;4;0.65;0;1.00;10;19;1;2;14;54;0;0;0.00;30;25;20;-7904.48;1
404;100;4;Colonie orque;Orques;0;0;23;5;21;1;0.75;3;1.00;0;19;1;28;8;198;0;0;0.00;35;117;20;-15202.90;0
404;100;5;Colonie humaine;Humains;0;0;58;4;46;2;0.72;0;1.00;20;19;1;26;14;329;0;0;0.00;13;354;20;-15045.62;1
404;100;6;Colonie naine;Nains;0;0;39;3;46;4;0.71;6;1.00;20;19;1;26;11;125;0;0;0.00;14;284;20;-14829.71;1
405;1;1;Première colonie;Humains;0;0;12;0;7;1;0.64;0;1.00;0;5;0;0;3;0;0;0;0.00;338;99;10;-278.99;0
405;1;2;Colonie naine;Nains;0;0;12;0;6;1;0.68;0;1.00;0;5;0;0;3;0;0;0;0.00;450;37;3;-189.96;0
405;1;3;Colonie elfe;Elfes;0;0;12;0;7;1;0.67;0;1.00;0;7;0;0;3;0;0;0;0.00;269;42;5;-121.76;0
405;1;4;Colonie orque;Orques;0;0;14;1;5;1;0.69;0;1.00;0;5;0;0;3;0;0;0;0.00;513;21;4;-186.18;0
405;1;5;Colonie humaine;Humains;0;0;15;0;6;1;0.62;0;1.00;0;5;0;0;3;0;0;0;0.00;338;30;5;-100.88;0
405;1;6;Colonie naine;Nains;0;0;15;1;5;1;0.69;0;1.00;0;5;0;0;2;0;0;0;0.00;443;62;3;-155.94;0
405;2;1;Première colonie;Humains;0;0;15;3;11;1;0.66;0;1.00;0;6;0;0;4;0;0;0;0.00;319;41;11;-278.99;0
405;2;2;Colonie naine;Nains;0;0;13;1;9;1;0.69;0;1.00;0;6;0;0;3;0;0;0;0.00;450;65;4;-343.47;0
405;2;3;Colonie elfe;Elfes;0;0;14;1;12;1;0.68;0;1.00;0;8;0;0;3;1;0;0;0.00;246;42;9;-367.69;0
405;2;4;Colonie orque;Orques;0;0;18;5;9;1;0.63;2;1.00;0;6;0;0;5;0;0;0;0.00;552;24;6;-310.07;0
405;2;5;Colonie humaine;Humains;0;0;16;1;8;1;0.70;0;1.00;0;6;0;0;4;0;0;0;0.00;275;76;8;-221.66;0
405;2;6;Colonie naine;Nains;0;0;16;2;10;1;0.65;0;1.00;0;6;0;0;4;0;0;0;0.00;443;60;6;-290.00;0
405;3;1;Première colonie;Humains;0;0;19;5;15;1;0.69;0;1.00;0;7;0;0;4;0;0;0;0.00;73;76;17;-613.85;0
405;3;2;Colonie naine;Nains;0;0;13;2;11;1;0.68;0;1.00;0;7;0;0;3;1;0;0;0.00;337;52;9;-793.84;0
405;3;3;Colonie elfe;Elfes;0;0;16;1;18;1;0.70;0;1.00;0;9;0;0;3;1;0;0;0.00;131;65;13;-769.15;0
405;3;4;Colonie orque;Orques;0;0;18;4;9;1;0.68;2;1.00;0;7;0;0;7;0;0;0;0.00;179;16;12;-460.92;0
405;3;5;Colonie humaine;Humains;0;0;18;3;9;1;0.62;0;1.00;0;7;0;0;4;0;0;0;0.00;697;15;13;-357.82;0
405;3;6;Colonie naine;Nains;0;0;16;2;14;1;0.66;0;1.00;0;7;0;0;4;2;0;0;0.00;572;59;10;-357.09;0
405;4;1;Première colonie;Humains;0;0;23;7;19;1;0.72;0;1.00;0;8;0;0;4;0;0;0;0.00;795;123;20;-597.14;0
405;4;2;Colonie naine;Nains;0;0;17;4;14;1;0.67;1;1.00;0;8;0;0;3;1;0;0;0.00;364;57;12;-1155.38;0
405;4;3;Colonie elfe;Elfes;0;0;20;3;21;1;0.76;0;1.00;0;9;1;0;4;1;0;0;0.00;8;108;16;-949.80;0
405;4;4;Colonie orque;Orques;0;0;17;0;9;1;0.00;1;1.00;0;8;0;0;7;1;0;0;0.00;259;0;14;-460.92;1
405;4;5;Colonie humaine;Humains;0;0;0;0;9;1;0.00;0;1.00;0;8;0;0;7;16;0;0;0.00;621;0;16;-357.82;1
405;4;6;Colonie naine;Nains;0;0;20;2;20;1;0.72;0;1.00;0;9;0;0;4;2;0;0;0.00;155;95;15;-496.15;0
405;5;1;Première colonie;Humains;0;0;30;6;26;1;0.81;0;1.00;0;10;1;1;5;0;0;0;0.00;356;162;20;-825.26;0
405;5;2;Colonie naine;Nains;0;0;18;5;15;1;0.69;2;1.00;0;9;0;0;4;1;0;0;0.00;545;99;14;-1290.26;0
405;5;3;Colonie elfe;Elfes;0;0;22;4;23;1;0.72;0;1.00;0;11;1;0;4;1;0;0;0.00;81;102;19;-1246.00;0
405;5;4;Colonie orque;Orques;0;0;13;0;10;1;0.66;0;1.00;0;10;0;0;7;5;0;0;0.00;319;24;17;-531.79;1
405;5;5;Colonie humaine;Humains;0;0;0;0;9;1;0.00;0;1.00;0;8;0;0;7;16;0;0;0.00;621;0;17;-357.82;1
405;5;6;Colonie naine;Nains;0;0;26;2;24;1;0.70;0;1.00;0;10;1;0;4;2;0;0;0.00;220;133;20;-962.43;0
405;6;1;Première colonie;Humains;0;0;34;5;27;1;0.78;0;1.00;0;12;1;2;5;0;0;0;0.00;66;181;20;-1013.14;0
405;6;2;Colonie naine;Nains;0;0;23;6;20;1;0.70;0;1.00;0;10;0;2;4;1;0;0;0.00;1286;114;20;-1520.85;0
405;6;3;Colonie elfe;Elfes;0;0;22;4;24;1;0.73;0;1.00;0;12;1;2;4;1;0;0;0.00;43;121;20;-1556.22;0
405;6;4;Colonie orque;Orques;0;0;12;0;13;1;0.56;0;1.00;0;11;0;0;7;7;0;0;0.00;17;15;20;-657.39;1
405;6;5;Colonie humaine;Humains;0;0;0;0;9;1;0.00;0;1.00;0;8;0;0;7;16;0;0;0.00;621;0;17;-357.82;1
405;6;6;Colonie naine;Nains;0;0;32;6;27;1;0.73;0;1.00;0;12;1;0;5;2;0;0;0.00;112;134;20;-1343.30;0
405;7;1;Première colonie;Humains;0;0;38;5;32;1;0.77;0;1.00;0;13;1;2;6;3;0;0;0.00;24;216;20;-1347.91;1
405;7;2;Colonie naine;Nains;0;0;27;9;22;1;0.69;0;1.00;0;13;0;2;5;1;0;0;0.00;1304;127;20;-1798.10;0
405;7;3;Colonie elfe;Elfes;0;0;24;5;25;1;0.76;0;1.00;0;13;1;2;5;1;0;0;0.00;43;158;20;-1819.44;0
405;7;4;Colonie orque;Orques;0;0;10;0;14;1;0.70;0;1.00;0;13;0;0;7;9;0;0;0.00;77;63;20;-913.29;1
405;7;5;Colonie humaine;Humains;0;0;0;0;9;1;0.00;0;1.00;0;8;0;0;7;16;0;0;0.00;621;0;17;-357.82;1
405;7;6;Colonie naine;Nains;0;0;33;5;30;1;0.74;0;1.00;0;13;1;3;6;2;0;0;0.00;187;171;20;-1635.52;0
405;8;1;Première colonie;Humains;0;0;40;3;33;1;0.75;0;1.00;0;14;1;2;7;4;0;0;0.00;8;210;20;-1418.98;1
405;8;2;Colonie naine;Nains;0;0;28;9;27;1;0.72;0;1.00;0;13;0;2;5;1;0;0;0.00;1408;144;20;-2014.28;0
405;8;3;Colonie elfe;Elfes;0;0;27;6;26;1;0.74;0;1.00;0;14;1;2;5;1;0;0;0.00;23;153;20;-2007.10;0
405;8;4;Colonie orque;Orques;0;0;11;0;18;1;0.69;0;1.00;0;13;0;0;7;11;0;0;0.00;137;39;20;-1125.58;1
405;8;5;Colonie humaine;Humains;0;0;0;0;9;1;0.00;0;1.00;0;8;0;0;7;16;0;0;0.00;621;0;17;-357.82;1
405;8;6;Colonie naine;Nains;0;0;37;6;35;2;0.71;0;1.00;0;14;1;3;6;2;0;0;0.00;7;218;20;-1973.42;0
405;9;1;Première colonie;Humains;0;0;43;4;35;1;0.78;0;1.00;0;16;1;2;8;5;0;0;0.00;19;183;20;-1720.40;1
405;9;2;Colonie naine;Nains;0;0;31;9;31;1;0.72;0;1.00;0;14;1;6;5;1;0;0;0.00;1504;189;20;-2402.91;0
405;9;3;Colonie elfe;Elfes;0;0;31;8;26;1;0.77;0;1.00;0;14;1;2;5;1;0;0;0.00;24;182;20;-2057.48;0
405;9;4;Colonie orque;Orques;0;0;13;0;19;1;0.61;0;1.00;0;14;0;1;7;12;0;0;0.00;1;40;20;-1296.46;1
405;9;5;Colonie humaine;Humains;0;0;0;0;9;1;0.00;0;1.00;0;8;0;0;7;16;0;0;0.00;621;0;17;-357.82;1
405;9;6;Colonie naine;Nains;0;0;42;7;36;2;0.71;0;1.00;0;15;1;6;8;2;0;0;0.00;33;224;20;-2128.71;0
405;10;1;Première colonie;Humains;0;0;47;5;37;1;0.80;0;1.00;0;17;1;2;8;5;0;0;0.00;19;262;20;-1883.13;1
405;10;2;Colonie naine;Nains;0;0;34;8;33;1;0.73;0;1.00;0;15;1;11;5;1;0;0;0.00;1379;218;20;-2515.40;0
405;10;3;Colonie elfe;Elfes;0;0;36;9;30;1;0.74;0;1.00;0;15;1;2;5;1;0;0;0.00;8;207;20;-2259.74;0
405;10;4;Colonie orque;Orques;0;0;16;1;20;1;0.62;0;1.00;0;15;0;1;7;12;0;0;0.00;2;29;20;-1590.98;1
405;10;5;Colonie humaine;Humains;0;0;0;0;9;1;0.00;0;1.00;0;8;0;0;7;16;0;0;0.00;621;0;17;-357.82;1
405;10;6;Colonie naine;Nains;0;0;46;10;39;2;0.72;0;1.00;0;16;1;7;9;2;0;0;0.00;36;235;20;-2444.98;0
405;11;1;Première colonie;Humains;0;0;48;7;39;1;0.75;0;1.00;0;18;1;2;9;9;0;0;0.00;11;275;20;-2117.36;1
405;11;2;Colonie naine;Nains;0;0;36;9;36;1;0.73;0;1.00;0;16;1;23;6;1;0;0;0.00;1256;214;20;-2895.41;0
405;11;3;Colonie elfe;Elfes;0;0;40;9;32;1;0.73;0;1.00;0;16;1;2;6;1;0;0;0.00;8;201;20;-2547.46;0
405;11;4;Colonie orque;Orques;0;0;19;2;20;1;0.67;0;1.00;0;15;0;1;7;12;0;0;0.00;223;21;20;-1723.35;1
405;11;5;Colonie humaine;Humains;0;0;0;0;9;1;0.00;0;1.00;0;8;0;0;7;16;0;0;0.00;621;0;17;-357.82;1
405;11;6;Colonie naine;Nains;0;0;47;11;43;2;0.75;0;1.00;0;17;1;9;9;2;0;0;0.00;20;250;20;-2588.36;0
405;12;1;Première colonie;Humains;0;0;52;7;40;1;0.77;0;1.00;0;19;1;5;9;10;0;0;0.00;7;259;20;-2423.41;1
405;12;2;Colonie naine;Nains;0;0;38;9;38;1;0.74;0;1.00;0;18;1;32;6;1;0;0;0.00;744;206;20;-3128.93;0
405;12;3;Colonie elfe;Elfes;0;0;47;10;34;1;0.71;0;1.00;0;17;1;2;6;1;0;0;0.00;52;237;20;-2758.58;0
405;12;4;Colonie orque;Orques;0;0;20;0;20;1;0.65;0;1.00;0;17;0;1;7;13;0;0;0.00;221;2;20;-1803.89;1
405;12;5;Colonie humaine;Humains;0;0;0;0;9;1;0.00;0;1.00;0;8;0;0;7;16;0;0;0.00;621;0;17;-357.82;1
405;12;6;Colonie naine;Nains;0;0;49;8;47;2;0.72;0;1.00;0;18;1;8;9;2;0;0;0.00;260;245;20;-2624.27;0
405;13;1;Première colonie;Humains;0;0;52;7;40;1;0.75;0;1.00;0;19;1;6;9;13;0;0;0.00;8;255;20;-2670.84;1
405;13;2;Colonie naine;Nains;0;0;40;7;41;1;0.74;0;1.00;0;19;1;41;6;1;0;0;0.00;790;221;20;-3467.59;0
405;13;3;Colonie elfe;Elfes;0;0;49;11;35;1;0.74;0;1.00;0;19;1;2;7;1;0;0;0.00;40;283;20;-2886.11;0
405;13;4;Colonie orque;Orques;0;0;13;0;20;1;0.59;0;1.00;0;18;0;1;8;13;0;0;0.00;183;0;20;-1803.89;1
405;13;5;Colonie humaine;Humains;0;0;0;0;9;1;0.00;0;1.00;0;8;0;0;7;16;0;0;0.00;621;0;17;-357.82;1
405;13;6;Colonie naine;Nains;0;0;52;9;49;2;0.72;0;1.00;0;19;1;18;9;2;0;0;0.00;473;336;20;-3052.70;0
405;14;1;Première colonie;Humains;0;0;49;6;41;1;0.77;0;1.00;0;19;1;8;9;18;0;0;0.00;1;250;20;-2862.48;1
405;14;2;Colonie naine;Nains;0;0;42;6;41;1;0.76;0;1.00;0;19;1;42;6;1;0;0;0.00;772;253;20;-3706.33;0
405;14;3;Colonie elfe;Elfes;0;0;55;13;36;1;0.75;0;1.00;0;19;1;3;7;1;0;0;0.00;45;316;20;-3233.38;0
405;14;4;Colonie orque;Orques;0;0;11;0;21;1;0.68;0;1.00;0;19;0;2;8;16;0;0;0.00;249;63;20;-2051.19;1
405;14;5;Colonie humaine;Humains;0;0;0;0;9;1;0.00;0;1.00;0;8;0;0;7;16;0;0;0.00;621;0;17;-357.82;1
405;14;6;Colonie naine;Nains;0;0;54;8;55;2;0.73;0;1.00;0;19;1;40;9;2;0;0;0.00;548;300;20;-3202.80;0
405;15;1;Première colonie;Humains;0;0;50;6;41;1;0.81;0;1.00;0;19;1;11;9;21;0;0;0.00;34;289;20;-3084.60;1
405;15;2;Colonie naine;Nains;0;0;44;6;43;1;0.74;0;1.00;0;19;1;53;6;1;0;0;0.00;680;271;20;-4093.39;0
405;15;3;Colonie elfe;Elfes;0;0;56;14;36;1;0.74;0;1.00;0;19;1;3;8;1;0;0;0.00;68;344;20;-3324.08;0
405;15;4;Colonie orque;Orques;0;0;10;1;21;1;0.67;0;1.00;0;19;0;2;8;18;0;0;0.00;360;50;20;-2175.98;1
405;15;5;Colonie humaine;Humains;0;0;0;0;9;1;0.00;0;1.00;0;8;0;0;7;16;0;0;0.00;621;0;17;-357.82;1
405;15;6;Colonie naine;Nains;0;0;57;8;58;2;0.74;0;1.00;0;19;1;54;9;2;0;0;0.00;544;321;20;-3511.62;0
405;16;1;Première colonie;Humains;0;0;51;6;46;2;0.77;0;1.00;0;19;1;38;10;23;0;0;0.00;10;268;20;-3342.93;1
405;16;2;Colonie naine;Nains;0;0;48;7;43;1;0.77;0;1.00;0;19;1;57;6;2;0;0;0.00;689;291;20;-4189.95;0
405;16;3;Colonie elfe;Elfes;0;0;60;15;36;1;0.72;4;1.00;0;19;1;3;8;1;0;0;0.00;59;353;20;-3552.53;0
405;16;4;Colonie orque;Orques;0;0;10;0;21;1;0.75;0;1.00;0;19;0;2;8;19;0;0;0.00;189;38;20;-2277.86;1
405;16;5;Colonie humaine;Humains;0;0;0;0;9;1;0.00;0;1.00;0;8;0;0;7;16;0;0;0.00;621;0;17;-357.82;1
405;16;6;Colonie naine;Nains;0;0;60;6;58;2;0.76;0;1.00;0;19;1;61;9;2;0;0;0.00;611;380;20;-3712.04;0
405;17;1;Première colonie;Humains;0;0;52;7;48;2;0.82;0;1.00;0;19;1;46;10;26;0;0;0.00;3;276;20;-3471.67;1
405;17;2;Colonie naine;Nains;0;0;50;6;44;1;0.78;0;1.00;0;19;1;64;7;2;0;0;0.00;519;319;20;-4698.24;0
405;17;3;Colonie elfe;Elfes;0;0;61;15;36;1;0.73;5;1.00;0;19;1;3;8;1;0;0;0.00;62;371;20;-3692.19;0
405;17;4;Colonie orque;Orques;0;0;10;1;21;1;0.67;0;1.00;0;19;0;2;8;21;0;0;0.00;395;25;20;-2582.44;1
405;17;5;Colonie humaine;Humains;0;0;0;0;9;1;0.00;0;1.00;0;8;0;0;7;16;0;0;0.00;621;0;17;-357.82;1
405;17;6;Colonie naine;Nains;0;0;63;5;60;2;0.72;0;1.00;0;19;1;86;9;2;0;0;0.00;541;428;20;-3888.66;0
405;18;1;Première colonie;Humains;0;0;55;9;52;2;0.85;0;1.00;0;19;1;75;10;30;0;0;0.00;56;343;20;-3614.45;1
405;18;2;Colonie naine;Nains;0;0;53;7;46;1;0.77;0;1.00;0;19;1;68;7;3;0;0;0.00;600;315;20;-4901.37;0
405;18;3;Colonie elfe;Elfes;0;0;61;15;36;1;0.73;5;1.00;0;19;1;3;9;1;0;0;0.00;50;404;20;-3738.01;0
405;18;4;Colonie orque;Orques;0;0;11;1;21;1;0.73;0;1.00;0;19;0;2;8;21;0;0;0.00;293;65;20;-2746.30;1
405;18;5;Colonie humaine;Humains;0;0;0;0;9;1;0.00;0;1.00;0;8;0;0;7;16;0;0;0.00;621;0;17;-357.82;1
405;18;6;Colonie naine;Nains;0;0;65;6;61;2;0.75;0;1.00;0;19;1;96;10;4;0;0;0.00;554;418;20;-4310.29;0
405;19;1;Première colonie;Humains;0;0;56;8;55;2;0.81;0;1.00;0;19;1;78;10;32;0;0;0.00;195;329;20;-3890.16;1
405;19;2;Colonie naine;Nains;0;0;58;9;47;1;0.83;2;1.00;0;19;1;69;7;4;0;0;0.00;477;357;20;-5140.79;0
405;19;3;Colonie elfe;Elfes;0;0;63;15;38;2;0.70;3;1.00;0;19;1;3;10;1;0;0;0.00;88;392;20;-3919.93;0
405;19;4;Colonie orque;Orques;0;0;12;0;21;1;0.73;0;1.00;0;19;0;2;8;22;0;0;0.00;267;43;20;-3259.10;1
405;19;5;Colonie humaine;Humains;0;0;0;0;9;1;0.00;0;1.00;0;8;0;0;7;16;0;0;0.00;621;0;17;-357.82;1
405;19;6;Colonie naine;Nains;0;0;65;6;62;2;0.74;0;1.00;0;19;1;121;10;6;0;0;0.00;457;367;20;-4507.81;0
405;20;1;Première colonie;Humains;0;0;56;6;57;2;0.84;0;1.00;0;19;1;80;10;37;0;0;0.00;14;349;20;-4125.16;1
405;20;2;Colonie naine;Nains;0;0;57;10;48;1;0.82;0;1.00;0;19;1;69;7;7;0;0;0.00;271;376;20;-5643.34;0
405;20;3;Colonie elfe;Elfes;0;0;65;15;38;2;0.71;5;1.00;0;19;1;3;11;1;0;0;0.00;5;375;20;-4107.82;0
405;20;4;Colonie orque;Orques;0;0;12;1;21;1;0.70;0;1.00;0;19;0;3;8;23;0;0;0.00;325;57;20;-3456.39;1
405;20;5;Colonie humaine;Humains;0;0;0;0;9;1;0.00;0;1.00;0;8;0;0;7;16;0;0;0.00;621;0;17;-357.82;1
405;20;6;Colonie naine;Nains;0;0;63;5;63;2;0.73;0;1.00;0;19;1;149;11;9;0;0;0.00;658;358;20;-4816.64;0
405;21;1;Première colonie;Humains;0;0;58;4;59;2;0.90;0;1.00;0;19;1;82;10;40;0;0;0.00;49;371;20;-4316.52;1
405;21;2;Colonie naine;Nains;0;0;62;11;49;1;0.77;0;1.00;0;19;1;69;7;8;0;0;0.00;93;390;20;-5994.54;0
405;21;3;Colonie elfe;Elfes;0;0;65;13;38;2;0.70;5;1.00;0;19;1;3;11;1;0;0;0.00;91;364;20;-4246.87;0
405;21;4;Colonie orque;Orques;0;0;12;1;21;1;0.66;0;1.00;0;19;0;3;8;24;0;0;0.00;362;35;20;-3700.27;1
405;21;5;Colonie humaine;Humains;0;0;0;0;9;1;0.00;0;1.00;0;8;0;0;7;16;0;0;0.00;621;0;17;-357.82;1
405;21;6;Colonie naine;Nains;0;0;62;4;63;2;0.76;0;1.00;0;19;1;170;11;11;0;0;0.00;791;402;20;-4998.22;0
405;22;1;Première colonie;Humains;0;0;56;3;61;2;0.79;0;1.00;0;19;1;86;10;44;0;0;0.00;5;350;20;-4627.52;1
405;22;2;Colonie naine;Nains;0;0;65;10;49;1;0.78;1;1.00;0;19;1;69;7;9;0;0;0.00;176;399;20;-6294.42;0
405;22;3;Colonie elfe;Elfes;0;0;67;14;39;2;0.73;6;1.00;10;19;1;3;11;1;0;0;0.00;4;399;20;-4447.95;0
405;22;4;Colonie orque;Orques;0;0;11;0;21;1;0.66;0;1.00;0;19;0;5;8;26;0;0;0.00;291;52;20;-3913.64;1
405;22;5;Colonie humaine;Humains;0;0;0;0;9;1;0.00;0;1.00;0;8;0;0;7;16;0;0;0.00;621;0;17;-357.82;1
405;22;6;Colonie naine;Nains;0;0;64;4;65;2;0.78;0;1.00;0;19;1;182;11;12;0;0;0.00;795;521;20;-5285.02;0
405;23;1;Première colonie;Humains;0;0;58;5;61;2;0.85;0;1.00;0;19;1;90;10;45;0;0;0.00;49;347;20;-4866.14;1
405;23;2;Colonie naine;Nains;0;0;68;11;49;1;0.77;4;1.00;0;19;1;69;7;10;0;0;0.00;369;401;20;-6584.30;0
405;23;3;Colonie elfe;Elfes;0;0;67;14;41;2;0.70;6;1.00;10;19;1;3;11;1;0;0;0.00;16;401;20;-4688.70;0
405;23;4;Colonie orque;Orques;0;0;11;0;21;1;0.69;0;1.00;0;19;0;6;8;27;0;0;0.00;294;36;20;-4151.42;1
405;23;5;Colonie humaine;Humains;0;0;0;0;9;1;0.00;0;1.00;0;8;0;0;7;16;0;0;0.00;621;0;17;-357.82;1
405;23;6;Colonie naine;Nains;0;0;65;6;65;2;0.70;0;1.00;0;19;1;183;11;15;0;0;0.00;610;470;20;-5606.57;0
405;24;1;Première colonie;Humains;0;0;58;5;61;2;0.82;0;1.00;0;19;1;99;10;49;0;0;0.00;744;331;20;-5007.57;1
405;24;2;Colonie naine;Nains;0;0;68;11;49;1;0.76;4;1.00;0;19;1;69;7;12;0;0;0.00;29;407;20;-6896.79;0
405;24;3;Colonie elfe;Elfes;0;0;66;13;42;2;0.74;5;1.00;10;19;1;3;11;2;0;0;0.00;12;363;20;-4978.00;0
405;24;4;Colonie orque;Orques;0;0;9;0;21;1;0.75;0;1.00;0;19;0;8;8;30;0;0;0.00;349;43;20;-4457.23;1
405;24;5;Colonie humaine;Humains;0;0;0;0;9;1;0.00;0;1.00;0;8;0;0;7;16;0;0;0.00;621;0;17;-357.82;1
405;24;6;Colonie naine;Nains;0;0;65;5;65;2;0.73;0;1.00;0;19;1;183;11;17;0;0;0.00;228;504;20;-5904.64;0
405;25;1;Première colonie;Humains;0;0;59;8;61;2;0.80;0;1.00;0;19;1;107;10;52;0;0;0.00;42;310;20;-5436.93;1
405;25;2;Colonie naine;Nains;0;0;67;9;49;1;0.78;3;1.00;0;19;1;69;7;15;0;0;0.00;84;412;20;-7171.87;0
405;25;3;Colonie elfe;Elfes;0;0;67;14;42;2;0.71;7;1.00;10;19;1;4;11;3;0;0;0.00;4;399;20;-5032.66;0
405;25;4;Colonie orque;Orques;0;0;9;0;21;1;0.70;0;1.00;0;19;0;13;8;32;0;0;0.00;40;55;20;-4787.60;1
405;25;5;Colonie humaine;Humains;0;0;0;0;9;1;0.00;0;1.00;0;8;0;0;7;16;0;0;0.00;621;0;17;-357.82;1
405;25;6;Colonie naine;Nains;0;0;62;6;65;2;0.72;0;1.00;0;19;1;183;11;22;0;0;0.00;1104;460;20;-6150.71;0
405;26;1;Première colonie;Humains;0;0;67;7;63;2;0.82;1;1.00;0;19;1;118;10;55;0;0;0.00;23;343;20;-5510.76;1
405;26;2;Colonie naine;Nains;0;0;70;10;51;2;0.72;2;1.00;0;19;1;69;7;16;0;0;0.00;59;366;20;-7331.44;0
405;26;3;Colonie elfe;Elfes;0;0;67;11;42;2;0.72;7;1.00;10;19;1;5;11;3;0;0;0.00;4;417;20;-5243.21;0
405;26;4;Colonie orque;Orques;0;0;10;0;21;1;0.70;0;1.00;0;19;0;13;8;32;0;0;0.00;355;44;20;-4981.43;1
405;26;5;Colonie humaine;Humains;0;0;0;0;9;1;0.00;0;1.00;0;8;0;0;7;16;0;0;0.00;621;0;17;-357.82;1
405;26;6;Colonie naine;Nains;0;0;66;8;66;2;0.73;0;1.00;0;19;1;183;11;25;0;0;0.00;973;459;20;-6316.70;0
405;27;1;Première colonie;Humains;0;0;71;7;65;2;0.75;0;1.00;0;19;1;143;10;56;0;0;0.00;23;423;20;-5690.01;1
405;27;2;Colonie naine;Nains;0;0;73;11;52;2;0.72;1;1.00;0;19;1;69;7;16;0;0;0.00;72;435;20;-7559.00;0
405;27;3;Colonie elfe;Elfes;0;0;67;10;42;2;0.73;7;1.00;10;19;1;6;11;3;0;0;0.00;28;387;20;-5379.79;0
405;27;4;Colonie orque;Orques;0;0;8;0;21;1;0.72;0;1.00;0;19;0;13;8;34;0;0;0.00;350;45;20;-5359.51;1
405;27;5;Colonie humaine;Humains;0;0;0;0;9;1;0.00;0;1.00;0;8;0;0;7;16;0;0;0.00;621;0;17;-357.82;1
405;27;6;Colonie naine;Nains;0;0;66;9;68;3;0.73;0;1.00;0;19;1;183;11;28;0;0;0.00;975;472;20;-6610.26;0
405;28;1;Première colonie;Humains;0;0;76;5;66;2;0.83;0;1.00;0;19;1;145;10;57;0;0;0.00;11;453;20;-5834.77;1
405;28;2;Colonie naine;Nains;0;0;78;14;57;2;0.79;0;1.00;0;19;1;69;9;17;0;0;0.00;2;525;20;-7714.05;0
405;28;3;Colonie elfe;Elfes;0;0;67;7;44;2;0.73;0;1.00;10;19;1;6;11;3;0;0;0.00;1;400;20;-5650.49;0
405;28;4;Colonie orque;Orques;0;0;9;0;21;1;0.77;0;1.00;0;19;0;13;8;35;0;0;0.00;426;37;20;-5662.25;1
405;28;5;Colonie humaine;Humains;0;0;0;0;9;1;0.00;0;1.00;0;8;0;0;7;16;0;0;0.00;621;0;17;-357.82;1
405;28;6;Colonie naine;Nains;0;0;68;10;68;3;0.78;0;1.00;0;19;1;183;11;30;0;0;0.00;895;564;20;-6760.43;0
405;29;1;Première colonie;Humains;0;0;76;8;66;2;0.74;0;1.00;0;19;1;145;10;64;0;0;0.00;46;373;20;-6059.16;1
405;29;2;Colonie naine;Nains;0;0;82;16;60;2;0.77;4;1.00;0;19;1;70;10;19;0;0;0.00;1;471;20;-8021.50;0
405;29;3;Colonie elfe;Elfes;0;0;68;7;44;2;0.73;0;1.00;10;19;1;6;11;3;0;0;0.00;5;403;20;-5852.16;0
405;29;4;Colonie orque;Orques;0;0;12;0;21;1;0.73;0;1.00;0;19;0;13;8;36;0;0;0.00;133;57;20;-5956.25;1
405;29;5;Colonie humaine;Humains;0;0;0;0;9;1;0.00;0;1.00;0;8;0;0;7;16;0;0;0.00;621;0;17;-357.82;1
405;29;6;Colonie naine;Nains;0;0;75;11;70;3;0.72;0;1.00;0;19;1;183;12;31;0;0;0.00;934;471;20;-7017.89;0
405;30;1;Première colonie;Humains;0;0;73;9;66;2;0.86;0;1.00;0;19;1;145;12;70;0;0;0.00;33;401;20;-6076.90;1
405;30;2;Colonie naine;Nains;0;0;82;15;61;2;0.75;4;1.00;0;19;1;70;11;20;0;0;0.00;224;498;20;-8246.34;0
405;30;3;Colonie elfe;Elfes;0;0;70;8;44;2;0.71;2;1.00;10;19;1;6;11;3;0;0;0.00;5;408;20;-6023.64;0
405;30;4;Colonie orque;Orques;0;0;16;2;21;1;0.69;0;1.00;0;19;0;13;8;37;0;0;0.00;217;67;20;-6356.67;1
405;30;5;Colonie humaine;Humains;0;0;0;0;9;1;0.00;0;1.00;0;8;0;0;7;16;0;0;0.00;621;0;17;-357.82;1
405;30;6;Colonie naine;Nains;0;0;76;10;71;3;0.71;0;1.00;0;19;1;183;13;32;0;0;0.00;947;497;20;-7294.65;0
405;31;1;Première colonie;Humains;0;0;74;12;66;2;0.82;0;1.00;0;19;1;145;12;75;0;0;0.00;7;420;20;-6305.06;1
405;31;2;Colonie naine;Nains;0;0;84;17;62;2;0.76;4;1.00;0;19;1;70;11;22;0;0;0.00;259;521;20;-8424.80;0
405;31;3;Colonie elfe;Elfes;0;0;73;8;44;2;0.71;5;1.00;10;19;1;6;11;3;0;0;0.00;9;450;20;-6272.14;0
405;31;4;Colonie orque;Orques;0;0;16;2;21;1;0.69;0;1.00;0;19;0;13;8;39;0;0;0.00;200;60;20;-6518.11;1
405;31;5;Colonie humaine;Humains;0;0;0;0;9;1;0.00;0;1.00;0;8;0;0;7;16;0;0;0.00;621;0;17;-357.82;1
405;31;6;Colonie naine;Nains;0;0;81;10;72;3;0.72;0;1.00;0;19;1;183;13;34;0;0;0.00;905;497;20;-7507.23;0
405;32;1;Première colonie;Humains;0;0;79;13;66;2;0.77;2;1.00;0;19;1;145;12;77;0;0;0.00;4;386;20;-6423.85;1
405;32;2;Colonie naine;Nains;0;0;85;18;62;2;0.77;5;1.00;0;19;1;70;11;24;0;0;0.00;128;524;20;-8619.35;0
405;32;3;Colonie elfe;Elfes;0;0;73;7;44;2;0.72;5;1.00;10;19;1;6;11;3;0;0;0.00;9;397;20;-6325.16;0
405;32;4;Colonie orque;Orques;0;0;17;0;21;1;0.66;0;1.00;0;19;0;13;8;40;0;0;0.00;230;42;20;-6728.08;1
405;32;5;Colonie humaine;Humains;0;0;0;0;9;1;0.00;0;1.00;0;8;0;0;7;16;0;0;0.00;621;0;17;-357.82;1
405;32;6;Colonie naine;Nains;0;0;81;9;72;3;0.71;0;1.00;0;19;1;183;13;36;0;0;0.00;905;495;20;-7664.35;0
405;33;1;Première colonie;Humains;0;0;80;15;66;2;0.84;3;1.00;0;19;1;145;13;82;0;0;0.00;101;442;20;-6578.95;1
405;33;2;Colonie naine;Nains;0;0;85;16;62;2;0.77;5;1.00;0;19;1;70;11;26;0;0;0.00;222;546;20;-8778.76;0
405;33;3;Colonie elfe;Elfes;0;0;71;8;44;2;0.71;4;1.00;10;19;1;10;12;6;0;0;0.00;5;423;20;-6620.85;0
405;33;4;Colonie orque;Orques;0;0;14;0;21;1;0.68;0;1.00;0;19;0;13;8;44;0;0;0.00;54;65;20;-7134.99;1
405;33;5;Colonie humaine;Humains;0;0;0;0;9;1;0.00;0;1.00;0;8;0;0;7;16;0;0;0.00;621;0;17;-357.82;1
405;33;6;Colonie naine;Nains;0;0;85;11;73;3;0.71;0;1.00;0;19;1;183;15;36;0;0;0.00;735;565;20;-7920.64;0
405;34;1;Première colonie;Humains;0;0;77;11;66;2;0.75;0;1.00;0;19;1;145;13;87;0;0;0.00;68;380;20;-6817.07;1
405;34;2;Colonie naine;Nains;0;0;87;15;62;2;0.80;6;1.00;0;19;1;70;11;28;0;0;0.00;76;532;20;-9031.58;0
405;34;3;Colonie elfe;Elfes;0;0;71;6;44;2;0.71;4;1.00;10;19;1;13;12;7;0;0;0.00;2;446;20;-6829.07;0
405;34;4;Colonie orque;Orques;0;0;14;0;21;1;0.70;0;1.00;0;19;0;13;8;47;0;0;0.00;404;57;20;-7372.31;1
405;34;5;Colonie humaine;Humains;0;0;0;0;9;1;0.00;0;1.00;0;8;0;0;7;16;0;0;0.00;621;0;17;-357.82;1
405;34;6;Colonie naine;Nains;0;0;86;10;74;3;0.70;0;1.00;0;19;1;183;15;39;0;0;0.00;749;523;20;-8193.71;0
405;35;1;Première colonie;Humains;0;0;76;7;66;2;0.87;0;1.00;0;19;1;145;14;90;0;0;0.00;44;402;20;-7036.21;1
405;35;2;Colonie naine;Nains;0;0;85;11;62;2;0.75;4;1.00;0;19;1;70;11;30;0;0;0.00;307;545;20;-9212.39;0
405;35;3;Colonie elfe;Elfes;0;0;72;6;44;2;0.72;5;1.00;20;19;1;13;12;7;0;0;0.00;7;478;20;-6901.40;0
405;35;4;Colonie orque;Orques;0;0;16;1;21;1;0.72;0;1.00;0;19;0;13;8;48;0;0;0.00;164;47;20;-7645.48;1
405;35;5;Colonie humaine;Humains;0;0;0;0;9;1;0.00;0;1.00;0;8;0;0;7;16;0;0;0.00;621;0;17;-357.82;1
405;35;6;Colonie naine;Nains;0;0;90;9;75;3;0.76;0;1.00;0;19;1;183;15;40;0;0;0.00;493;668;20;-8398.86;0
405;36;1;Première colonie;Humains;0;0;70;2;66;2;0.79;0;1.00;0;19;1;145;14;98;0;0;0.00;31;351;20;-7199.68;1
405;36;2;Colonie naine;Nains;0;0;83;10;62;2;0.77;3;1.00;0;19;1;70;11;32;0;0;0.00;457;552;20;-9447.57;0
405;36;3;Colonie elfe;Elfes;0;0;70;7;44;2;0.74;5;1.00;20;19;1;13;12;10;0;0;0.00;7;492;20;-7062.41;0
405;36;4;Colonie orque;Orques;0;0;16;3;21;1;0.64;0;1.00;0;19;0;16;8;50;0;0;0.00;134;48;20;-7895.72;1
405;36;5;Colonie humaine;Humains;0;0;0;0;9;1;0.00;0;1.00;0;8;0;0;7;16;0;0;0.00;621;0;17;-357.82;1
405;36;6;Colonie naine;Nains;0;0;92;10;76;3;0.75;0;1.00;10;19;1;183;15;43;0;0;0.00;450;701;20;-8653.47;0
405;37;1;Première colonie;Humains;0;0;65;1;66;2;0.81;0;1.00;0;19;1;146;14;105;0;0;0.00;7;367;20;-7392.71;1
405;37;2;Colonie naine;Nains;0;0;83;8;62;2;0.78;3;1.00;0;19;1;70;11;33;0;0;0.00;21;530;20;-9754.64;0
405;37;3;Colonie elfe;Elfes;0;0;71;6;44;2;0.72;6;1.00;20;19;1;13;12;10;0;0;0.00;4;404;20;-7172.07;0
405;37;4;Colonie orque;Orques;0;0;17;1;21;1;0.75;0;1.00;0;19;0;15;8;50;0;0;0.00;501;119;20;-8025.98;1
405;37;5;Colonie humaine;Humains;0;0;0;0;9;1;0.00;0;1.00;0;8;0;0;7;16;0;0;0.00;621;0;17;-357.82;1
405;37;6;Colonie naine;Nains;0;0;92;13;76;3;0.74;0;1.00;10;19;1;183;15;47;0;0;0.00;493;710;20;-8923.36;0
405;38;1;Première colonie;Humains;0;0;64;1;66;2;0.85;0;1.00;0;19;1;146;14;111;0;0;0.00;86;382;20;-7643.54;1
405;38;2;Colonie naine;Nains;0;0;84;6;62;2;0.74;4;1.00;0;19;1;70;11;34;0;0;0.00;61;566;20;-9902.91;0
405;38;3;Colonie elfe;Elfes;0;0;70;6;44;2;0.72;5;1.00;20;19;1;14;13;11;0;0;0.00;9;450;20;-7217.42;0
405;38;4;Colonie orque;Orques;0;0;16;0;21;1;0.75;0;1.00;0;19;0;21;8;52;0;0;0.00;176;95;20;-8171.16;1
405;38;5;Colonie humaine;Humains;0;0;0;0;9;1;0.00;0;1.00;0;8;0;0;7;16;0;0;0.00;621;0;17;-357.82;1
405;38;6;Colonie naine;Nains;0;0;95;14;76;3;0.75;1;1.00;10;19;1;183;15;48;0;0;0.00;656;726;20;-9245.27;0
405;39;1;Première colonie;Humains;0;0;60;2;67;3;0.76;0;1.00;0;19;1;146;14;116;0;0;0.00;1;353;20;-7885.72;1
405;39;2;Colonie naine;Nains;0;0;83;6;63;2;0.71;0;1.00;0;19;1;70;11;37;0;0;0.00;87;448;20;-9967.02;0
405;39;3;Colonie elfe;Elfes;0;0;70;6;44;2;0.71;5;1.00;20;19;1;14;13;11;0;0;0.00;3;457;20;-7318.14;0
405;39;4;Colonie orque;Orques;0;0;13;0;21;1;0.74;0;1.00;0;19;0;22;8;55;0;0;0.00;194;76;20;-8330.90;1
405;39;5;Colonie humaine;Humains;0;0;0;0;9;1;0.00;0;1.00;0;8;0;0;7;16;0;0;0.00;621;0;17;-357.82;1
405;39;6;Colonie naine;Nains;0;0;96;12;76;3;0.75;2;1.00;10;19;1;183;15;50;0;0;0.00;739;743;20;-9331.11;0
405;40;1;Première colonie;Humains;0;0;59;4;67;3;0.85;0;1.00;0;19;1;146;14;121;0;0;0.00;55;356;20;-8072.16;1
405;40;2;Colonie naine;Nains;0;0;84;4;63;2;0.71;0;1.00;10;19;1;70;11;40;0;0;0.00;0;421;20;-10285.66;0
405;40;3;Colonie elfe;Elfes;0;0;71;7;44;2;0.72;6;1.00;20;19;1;14;13;11;0;0;0.00;7;467;20;-7504.88;0
405;40;4;Colonie orque;Orques;0;0;15;0;21;1;0.77;0;1.00;0;19;0;23;8;57;0;0;0.00;340;82;20;-8427.94;1
405;40;5;Colonie humaine;Humains;0;0;0;0;9;1;0.00;0;1.00;0;8;0;0;7;16;0;0;0.00;621;0;17;-357.82;1
405;40;6;Colonie naine;Nains;0;0;95;11;76;3;0.74;1;1.00;10;19;1;183;16;53;0;0;0.00;584;721;20;-9762.91;0
405;41;1;Première colonie;Humains;0;0;61;6;67;3;0.77;0;1.00;0;19;1;146;14;125;0;0;0.00;29;354;20;-8302.46;1
405;41;2;Colonie naine;Nains;0;0;85;8;63;2;0.72;2;1.00;10;19;1;70;11;44;0;0;0.00;6;455;20;-10309.09;0
405;41;3;Colonie elfe;Elfes;0;0;70;6;45;3;0.71;1;1.00;20;19;1;14;13;14;0;0;0.00;11;481;20;-7570.71;0
405;41;4;Colonie orque;Orques;0;0;18;0;21;1;0.80;0;1.00;0;19;0;24;8;60;0;0;0.00;596;79;20;-8615.23;1
405;41;5;Colonie humaine;Humains;0;0;0;0;9;1;0.00;0;1.00;0;8;0;0;7;16;0;0;0.00;621;0;17;-357.82;1
405;41;6;Colonie naine;Nains;0;0;94;9;76;3;0.74;0;1.00;10;19;1;183;16;54;0;0;0.00;183;729;20;-10078.20;0
405;42;1;Première colonie;Humains;0;0;67;8;69;3;0.78;0;1.00;0;19;1;146;15;126;0;0;0.00;6;435;20;-8568.84;1
405;42;2;Colonie naine;Nains;0;0;86;9;64;2;0.78;3;1.00;10;19;1;70;12;47;0;0;0.00;46;504;20;-10603.16;0
405;42;3;Colonie elfe;Elfes;0;0;72;8;45;3;0.71;2;1.00;20;19;1;14;14;16;0;0;0.00;5;486;20;-7686.80;0
405;42;4;Colonie orque;Orques;0;0;21;1;21;1;0.78;1;1.00;0;19;0;25;8;62;0;0;0.00;679;141;20;-8896.12;1
405;42;5;Colonie humaine;Humains;0;0;0;0;9;1;0.00;0;1.00;0;8;0;0;7;16;0;0;0.00;621;0;17;-357.82;1
405;42;6;Colonie naine;Nains;0;0;96;10;76;3;0.75;2;1.00;10;19;1;183;16;55;0;0;0.00;184;731;20;-10260.15;0
405;43;1;Première colonie;Humains;0;0;66;8;69;3;0.84;0;1.00;0;19;1;146;15;131;0;0;0.00;26;415;20;-8612.45;1
405;43;2;Colonie naine;Nains;0;0;86;11;64;2;0.78;5;1.00;10;19;1;70;12;50;0;0;0.00;180;567;20;-10812.07;0
405;43;3;Colonie elfe;Elfes;0;0;72;9;45;3;0.72;2;1.00;20;19;1;14;14;19;0;0;0.00;2;456;20;-7686.80;0
405;43;4;Colonie orque;Orques;0;0;22;2;21;1;0.74;2;1.00;0;19;0;26;8;63;0;0;0.00;435;112;20;-9152.40;1
405;43;5;Colonie humaine;Humains;0;0;0;0;9;1;0.00;0;1.00;0;8;0;0;7;16;0;0;0.00;621;0;17;-357.82;1
405;43;6;Colonie naine;Nains;0;0;94;7;77;3;0.75;1;1.00;10;19;1;183;16;60;0;0;0.00;295;697;20;-10495.40;0
405;44;1;Première colonie;Humains;0;0;73;10;69;3;0.76;0;1.00;0;19;1;148;15;132;0;0;0.00;196;376;20;-8797.47;1
405;44;2;Colonie naine;Nains;0;0;90;14;64;2;0.77;9;1.00;10;19;1;70;12;52;0;0;0.00;16;586;20;-10930.04;0
405;44;3;Colonie elfe;Elfes;0;0;71;10;45;3;0.72;1;1.00;20;19;1;14;14;21;0;0;0.00;13;457;20;-7930.95;0
405;44;4;Colonie orque;Orques;0;0;25;4;21;1;0.76;5;1.00;0;19;0;26;8;63;0;0;0.00;395;122;20;-9395.79;1
405;44;5;Colonie humaine;Humains;0;0;0;0;9;1;0.00;0;1.00;0;8;0;0;7;16;0;0;0.00;621;0;17;-357.82;1
405;44;6;Colonie naine;Nains;0;0;93;7;77;3;0.74;0;1.00;10;19;1;183;16;63;0;0;0.00;301;691;20;-10647.06;0
405;45;1;Première colonie;Humains;0;0;71;11;69;3;0.82;0;1.00;0;19;1;148;15;138;0;0;0.00;55;420;20;-9083.94;1
405;45;2;Colonie naine;Nains;0;0;89;13;64;2;0.76;8;1.00;10;19;1;70;12;53;0;0;0.00;29;548;20;-11141.22;0
405;45;3;Colonie elfe;Elfes;0;0;73;10;45;3;0.71;3;1.00;20;19;1;14;14;23;0;0;0.00;1;438;20;-7971.98;0
405;45;4;Colonie orque;Orques;0;0;23;2;21;1;0.75;3;1.00;0;19;0;26;8;66;0;0;0.00;388;119;20;-9647.35;1
405;45;5;Colonie humaine;Humains;0;0;0;0;9;1;0.00;0;1.00;0;8;0;0;7;16;0;0;0.00;621;0;17;-357.82;1
405;45;6;Colonie naine;Nains;0;0;88;7;77;3;0.74;0;1.00;10;19;1;183;16;71;0;0;0.00;208;670;20;-11003.50;0
405;46;1;Première colonie;Humains;0;0;73;11;70;4;0.84;0;1.00;0;19;1;148;15;140;0;0;0.00;58;457;20;-9199.26;1
405;46;2;Colonie naine;Nains;0;0;87;12;64;2;0.71;6;1.00;10;19;1;70;12;55;0;0;0.00;70;546;20;-11413.71;0
405;46;3;Colonie elfe;Elfes;0;0;74;10;45;3;0.72;4;1.00;20;19;1;14;14;24;0;0;0.00;8;481;20;-8039.36;0
405;46;4;Colonie orque;Orques;0;0;24;1;21;1;0.77;3;1.00;0;19;0;26;8;67;0;0;0.00;367;118;20;-9869.96;1
405;46;5;Colonie humaine;Humains;0;0;0;0;9;1;0.00;0;1.00;0;8;0;0;7;16;0;0;0.00;621;0;17;-357.82;1
405;46;6;Colonie naine;Nains;0;0;84;6;77;3;0.73;0;1.00;10;19;1;183;17;77;0;0;0.00;199;583;20;-11346.28;0
405;47;1;Première colonie;Humains;0;0;71;7;70;4;0.79;0;1.00;0;19;1;148;15;143;0;0;0.00;30;412;20;-9406.17;1
405;47;2;Colonie naine;Nains;0;0;87;11;64;2;0.72;6;1.00;10;19;1;70;12;59;0;0;0.00;23;620;20;-11593.06;0
405;47;3;Colonie elfe;Elfes;0;0;74;11;45;3;0.71;4;1.00;20;19;1;14;14;26;0;0;0.00;1;385;20;-8105.20;0
405;47;4;Colonie orque;Orques;0;0;18;0;21;1;0.71;0;1.00;0;19;0;26;8;74;0;0;0.00;333;75;20;-9988.13;1
405;47;5;Colonie humaine;Humains;0;0;0;0;9;1;0.00;0;1.00;0;8;0;0;7;16;0;0;0.00;621;0;17;-357.82;1
405;47;6;Colonie naine;Nains;0;0;84;7;77;3;0.75;0;1.00;10;19;1;183;17;78;0;0;0.00;320;657;20;-11564.73;0
405;48;1;Première colonie;Humains;0;0;66;7;70;4;0.81;0;1.00;0;19;1;148;15;152;0;0;0.00;51;415;20;-9546.50;1
405;48;2;Colonie naine;Nains;0;0;86;11;64;2;0.71;5;1.00;10;19;1;70;13;61;0;0;0.00;13;546;20;-11772.89;0
405;48;3;Colonie elfe;Elfes;0;0;76;11;45;3;0.72;5;1.00;20;19;1;14;14;27;0;0;0.00;1;386;20;-8116.93;0
405;48;4;Colonie orque;Orques;0;0;16;1;21;1;0.80;0;1.00;0;19;0;26;8;79;0;0;0.00;366;114;20;-10211.18;1
405;48;5;Colonie humaine;Humains;0;0;0;0;9;1;0.00;0;1.00;0;8;0;0;7;16;0;0;0.00;621;0;17;-357.82;1
405;48;6;Colonie naine;Nains;0;0;86;6;77;3;0.74;0;1.00;10;19;1;183;17;80;0;0;0.00;281;582;20;-11791.63;0
405;49;1;Première colonie;Humains;0;0;65;8;70;4;0.78;0;1.00;0;19;1;148;16;156;0;0;0.00;45;341;20;-9694.26;1
405;49;2;Colonie naine;Nains;0;0;85;9;64;2;0.74;4;1.00;10;19;1;70;13;65;0;0;0.00;23;539;20;-11911.12;0
405;49;3;Colonie elfe;Elfes;0;0;74;10;47;3;0.72;3;1.00;30;19;1;14;15;29;0;0;0.00;55;441;20;-8207.91;0
405;49;4;Colonie orque;Orques;0;0;18;2;21;1;0.75;0;1.00;0;19;0;28;8;81;0;0;0.00;390;119;20;-10436.14;1
405;49;5;Colonie humaine;Humains;0;0;0;0;9;1;0.00;0;1.00;0;8;0;0;7;16;0;0;0.00;621;0;17;-357.82;1
405;49;6;Colonie naine;Nains;0;0;87;7;77;3;0.76;0;1.00;10;19;1;183;17;85;0;0;0.00;279;588;20;-11978.34;0
405;50;1;Première colonie;Humains;0;0;60;7;70;4;0.84;0;1.00;0;19;1;148;16;161;0;0;0.00;75;391;20;-9875.11;1
405;50;2;Colonie naine;Nains;0;0;85;7;65;3;0.71;1;1.00;20;19;1;70;13;69;0;0;0.00;39;514;20;-12140.90;0
405;50;3;Colonie elfe;Elfes;0;0;74;12;47;3;0.73;4;1.00;30;19;1;14;15;31;0;0;0.00;2;452;20;-8396.92;0
405;50;4;Colonie orque;Orques;0;0;21;3;21;1;0.78;1;1.00;0;19;0;28;8;82;0;0;0.00;361;103;20;-10688.63;1
405;50;5;Colonie humaine;Humains;0;0;0;0;9;1;0.00;0;1.00;0;8;0;0;7;16;0;0;0.00;621;0;17;-357.82;1
405;50;6;Colonie naine;Nains;0;0;89;8;77;3;0.73;0;1.00;10;19;1;183;17;87;0;0;0.00;222;701;20;-12297.57;0
405;51;1;Première colonie;Humains;0;0;60;9;70;4;0.81;0;1.00;0;19;1;148;16;167;0;0;0.00;50;386;20;-10086.79;1
405;51;2;Colonie naine;Nains;0;0;89;9;65;4;0.72;1;1.00;20;19;1;70;13;69;0;0;0.00;199;543;20;-12132.80;0
405;51;3;Colonie elfe;Elfes;0;0;75;13;47;3;0.71;6;1.00;30;19;1;14;15;32;0;0;0.00;11;453;20;-8542.15;0
405;51;4;Colonie orque;Orques;0;0;22;5;21;1;0.78;2;1.00;0;19;0;28;8;85;0;0;0.00;364;148;20;-10882.54;1
405;51;5;Colonie humaine;Humains;0;0;0;0;9;1;0.00;0;1.00;0;8;0;0;7;16;0;0;0.00;621;0;17;-357.82;1
405;51;6;Colonie naine;Nains;0;0;92;8;77;4;0.76;0;1.00;10;19;1;183;17;89;0;0;0.00;230;706;20;-12459.94;0
405;52;1;Première colonie;Humains;0;0;56;8;70;4;0.86;0;1.00;0;19;1;148;16;173;0;0;0.00;25;372;20;-10174.76;1
405;52;2;Colonie naine;Nains;0;0;90;12;66;4;0.74;2;1.00;20;19;1;70;13;72;0;0;0.00;13;535;20;-12178.55;0
405;52;3;Colonie elfe;Elfes;0;0;74;11;47;3;0.69;6;1.00;30;19;1;14;15;33;0;0;0.00;11;405;20;-8650.61;0
405;52;4;Colonie orque;Orques;0;0;25;4;21;1;0.72;4;1.00;0;19;0;28;8;86;0;0;0.00;422;138;20;-11117.11;1
405;52;5;Colonie humaine;Humains;0;0;0;0;9;1;0.00;0;1.00;0;8;0;0;7;16;0;0;0.00;621;0;17;-357.82;1
405;52;6;Colonie naine;Nains;0;0;93;8;79;4;0.75;0;1.00;10;19;1;183;18;92;0;0;0.00;306;711;20;-12689.43;0
405;53;1;Première colonie;Humains;0;0;56;13;70;4;0.85;0;1.00;0;19;1;148;16;180;0;0;0.00;39;344;20;-10360.11;1
405;53;2;Colonie naine;Nains;0;0;90;9;66;4;0.74;2;1.00;20;19;1;70;15;74;0;0;0.00;13;587;20;-12312.81;0
405;53;3;Colonie elfe;Elfes;0;0;72;11;47;3;0.70;4;1.00;30;19;1;14;15;35;0;0;0.00;6;456;20;-8775.46;0
405;53;4;Colonie orque;Orques;0;0;26;2;21;1;0.73;6;1.00;0;19;0;28;8;86;0;0;0.00;335;89;20;-11215.15;1
405;53;5;Colonie humaine;Humains;0;0;0;0;9;1;0.00;0;1.00;0;8;0;0;7;16;0;0;0.00;621;0;17;-357.82;1
405;53;6;Colonie naine;Nains;0;0;93;11;79;4;0.71;0;1.00;10;19;1;183;18;97;0;0;0.00;361;627;20;-12977.42;0
405;54;1;Première colonie;Humains;0;0;61;12;70;4;0.82;0;1.00;0;19;1;148;16;181;0;0;0.00;54;391;20;-10585.42;1
405;54;2;Colonie naine;Nains;0;0;93;9;66;4;0.71;5;1.00;20;19;1;70;16;76;0;0;0.00;35;527;20;-12409.41;0
405;54;3;Colonie elfe;Elfes;0;0;74;11;47;3;0.71;6;1.00;30;19;1;14;15;36;0;0;0.00;8;509;20;-8867.17;0
405;54;4;Colonie orque;Orques;0;0;24;1;21;1;0.71;4;1.00;0;19;0;28;8;88;0;0;0.00;332;128;20;-11427.02;1
405;54;5;Colonie humaine;Humains;0;0;0;0;9;1;0.00;0;1.00;0;8;0;0;7;16;0;0;0.00;621;0;17;-357.82;1
405;54;6;Colonie naine;Nains;0;0;93;13;82;4;0.75;0;1.00;10;19;1;182;18;101;0;0;0.00;206;694;20;-13206.44;0
405;55;1;Première colonie;Humains;0;0;60;12;70;4;0.85;0;1.00;0;19;1;148;16;184;0;0;0.00;10;329;20;-10775.10;1
405;55;2;Colonie naine;Nains;0;0;96;11;66;4;0.70;8;1.00;20;19;1;70;16;76;0;0;0.00;13;600;20;-12447.92;0
405;55;3;Colonie elfe;Elfes;0;0;72;9;48;3;0.70;4;1.00;30;19;1;14;15;39;0;0;0.00;43;425;20;-9025.24;0
405;55;4;Colonie orque;Orques;0;0;23;1;21;1;0.73;3;1.00;0;19;0;28;8;90;0;0;0.00;255;119;20;-11541.17;1
405;55;5;Colonie humaine;Humains;0;0;0;0;9;1;0.00;0;1.00;0;8;0;0;7;16;0;0;0.00;621;0;17;-357.82;1
405;55;6;Colonie naine;Nains;0;0;95;14;84;4;0.71;2;1.00;10;19;1;182;18;103;0;0;0.00;255;654;20;-13387.13;0
405;56;1;Première colonie;Humains;0;0;64;12;70;4;0.83;0;1.00;0;19;1;148;16;188;0;0;0.00;12;414;20;-10986.64;1
405;56;2;Colonie naine;Nains;0;0;98;11;67;4;0.75;10;1.00;20;19;1;70;16;76;0;0;0.00;40;563;20;-12509.09;0
405;56;3;Colonie elfe;Elfes;0;0;74;10;48;3;0.71;6;1.00;30;19;1;14;15;39;0;0;0.00;6;435;20;-9089.15;0
405;56;4;Colonie orque;Orques;0;0;18;2;21;1;0.74;0;1.00;0;19;0;28;8;98;0;0;0.00;125;85;20;-11645.19;1
405;56;5;Colonie humaine;Humains;0;0;0;0;9;1;0.00;0;1.00;0;8;0;0;7;16;0;0;0.00;621;0;17;-357.82;1
405;56;6;Colonie naine;Nains;0;0;92;13;85;4;0.74;0;1.00;10;19;1;183;18;108;0;0;0.00;353;680;20;-13733.83;0
405;57;1;Première colonie;Humains;0;0;69;11;70;4;0.78;0;1.00;0;19;1;148;16;188;0;0;0.00;16;358;20;-11044.41;1
405;57;2;Colonie naine;Nains;0;0;95;10;67;4;0.70;8;1.00;20;19;1;70;16;80;0;0;0.00;75;518;20;-12597.96;0
405;57;3;Colonie elfe;Elfes;0;0;73;9;48;3;0.70;5;1.00;30;19;1;14;15;40;0;0;0.00;54;452;20;-9266.19;0
405;57;4;Colonie orque;Orques;0;0;17;2;21;1;0.73;0;1.00;0;19;0;28;8;100;0;0;0.00;266;81;20;-12055.88;1
405;57;5;Colonie humaine;Humains;0;0;0;0;9;1;0.00;0;1.00;0;8;0;0;7;16;0;0;0.00;621;0;17;-357.82;1
405;57;6;Colonie naine;Nains;0;0;96;17;85;4;0.73;3;1.00;10;19;1;183;18;110;0;0;0.00;256;620;20;-14169.80;0
405;58;1;Première colonie;Humains;0;0;69;11;70;4;0.79;0;1.00;0;19;1;148;16;191;0;0;0.00;4;419;20;-11156.61;1
405;58;2;Colonie naine;Nains;0;0;93;8;68;4;0.71;7;1.00;20;19;1;70;16;83;0;0;0.00;17;597;20;-12869.24;0
405;58;3;Colonie elfe;Elfes;0;0;72;10;48;3;0.72;4;1.00;30;19;1;14;15;42;0;0;0.00;3;428;20;-9426.38;0
405;58;4;Colonie orque;Orques;0;0;21;2;21;1;0.74;1;1.00;0;19;0;28;8;101;0;0;0.00;218;107;20;-12167.40;1
405;58;5;Colonie humaine;Humains;0;0;0;0;9;1;0.00;0;1.00;0;8;0;0;7;16;0;0;0.00;621;0;17;-357.82;1
405;58;6;Colonie naine;Nains;0;0;96;19;85;4;0.71;3;1.00;10;19;1;183;19;112;0;0;0.00;319;487;20;-14381.32;0
405;59;1;Première colonie;Humains;0;0;72;8;70;4;0.83;0;1.00;0;19;1;148;16;192;0;0;0.00;66;432;20;-11405.15;1
405;59;2;Colonie naine;Nains;0;0;90;9;68;4;0.76;5;1.00;20;19;1;70;16;87;0;0;0.00;39;527;20;-12912.71;0
405;59;3;Colonie elfe;Elfes;0;0;76;11;48;3;0.72;8;1.00;30;19;1;14;15;42;0;0;0.00;2;466;20;-9499.55;0
405;59;4;Colonie orque;Orques;0;0;22;1;21;1;0.76;2;1.00;0;19;0;28;8;101;0;0;0.00;177;114;20;-12419.17;1
405;59;5;Colonie humaine;Humains;0;0;0;0;9;1;0.00;0;1.00;0;8;0;0;7;16;0;0;0.00;621;0;17;-357.82;1
405;59;6;Colonie naine;Nains;0;0;96;18;85;4;0.70;4;1.00;10;19;1;183;20;115;0;0;0.00;319;445;20;-14572.85;0
405;60;1;Première colonie;Humains;0;0;77;8;70;4;0.81;1;1.00;0;19;1;149;16;194;0;0;0.00;6;440;20;-11520.46;1
405;60;2;Colonie naine;Nains;0;0;88;11;68;4;0.71;4;1.00;20;19;1;72;16;92;0;0;0.00;44;525;20;-13025.17;0
405;60;3;Colonie elfe;Elfes;0;0;77;11;48;3;0.70;9;1.00;30;19;1;14;15;42;0;0;0.00;16;485;20;-9658.27;0
405;60;4;Colonie orque;Orques;0;0;22;1;21;1;0.73;2;1.00;0;19;0;28;8;103;0;0;0.00;286;117;20;-12570.93;1
405;60;5;Colonie humaine;Humains;0;0;0;0;9;1;0.00;0;1.00;0;8;0;0;7;16;0;0;0.00;621;0;17;-357.82;1
405;60;6;Colonie naine;Nains;0;0;98;17;85;4;0.69;6;1.00;10;19;1;183;21;117;0;0;0.00;236;428;20;-14712.26;0
405;61;1;Première colonie;Humains;0;0;77;10;70;4;0.80;1;1.00;0;19;1;150;16;199;0;0;0.00;6;477;20;-11656.23;1
405;61;2;Colonie naine;Nains;0;0;85;9;68;4;0.72;4;1.00;20;19;1;72;16;97;0;0;0.00;29;514;20;-13025.17;0
405;61;3;Colonie elfe;Elfes;0;0;75;11;48;3;0.70;8;1.00;30;19;1;14;15;44;0;0;0.00;46;472;20;-9671.92;0
405;61;4;Colonie orque;Orques;0;0;24;2;21;1;0.71;4;1.00;0;19;0;28;8;105;0;0;0.00;172;126;20;-12735.45;1
405;61;5;Colonie humaine;Humains;0;0;0;0;9;1;0.00;0;1.00;0;8;0;0;7;16;0;0;0.00;621;0;17;-357.82;1
405;61;6;Colonie naine;Nains;0;0;98;16;85;4;0.69;7;1.00;10;19;1;183;21;119;0;0;0.00;258;433;20;-14955.29;0
405;62;1;Première colonie;Humains;0;0;80;13;70;4;0.78;4;1.00;0;19;1;150;16;201;0;0;0.00;10;369;20;-11858.61;1
405;62;2;Colonie naine;Nains;0;0;85;8;68;4;0.72;4;1.00;20;19;1;72;16;99;0;0;0.00;34;530;20;-13365.80;0
405;62;3;Colonie elfe;Elfes;0;0;74;9;48;3;0.71;7;1.00;30;19;1;14;15;45;0;0;0.00;1;437;20;-9771.62;0
405;62;4;Colonie orque;Orques;0;0;22;1;21;1;0.74;1;1.00;0;19;0;28;8;109;0;0;0.00;230;113;20;-13040.92;1
405;62;5;Colonie humaine;Humains;0;0;0;0;9;1;0.00;0;1.00;0;8;0;0;7;16;0;0;0.00;621;0;17;-357.82;1
405;62;6;Colonie naine;Nains;0;0;96;15;85;4;0.74;5;1.00;10;19;1;182;21;122;0;0;0.00;207;669;20;-15244.64;0
405;63;1;Première colonie;Humains;0;0;78;12;70;4;0.80;2;1.00;0;19;1;150;16;206;0;0;0.00;0;476;20;-11925.38;1
405;63;2;Colonie naine;Nains;0;0;84;10;68;4;0.72;6;1.00;20;19;1;72;17;103;0;0;0.00;34;479;20;-13431.39;0
405;63;3;Colonie elfe;Elfes;0;0;74;8;48;3;0.72;7;1.00;30;19;1;14;15;45;0;0;0.00;11;462;20;-10005.45;0
405;63;4;Colonie orque;Orques;0;0;22;1;21;1;0.75;2;1.00;0;19;0;28;8;113;0;0;0.00;280;121;20;-13195.21;1
405;63;5;Colonie humaine;Humains;0;0;0;0;9;1;0.00;0;1.00;0;8;0;0;7;16;0;0;0.00;621;0;17;-357.82;1
405;63;6;Colonie naine;Nains;0;0;94;10;85;4;0.74;4;1.00;10;19;1;184;21;124;0;0;0.00;179;597;20;-15406.63;0
405;64;1;Première colonie;Humains;0;0;75;9;70;4;0.78;0;1.00;0;19;1;151;16;211;0;0;0.00;2;419;20;-12166.33;1
405;64;2;Colonie naine;Nains;0;0;83;10;68;4;0.77;5;1.00;20;19;1;72;17;105;0;0;0.00;75;492;20;-13604.78;0
405;64;3;Colonie elfe;Elfes;0;0;74;10;48;3;0.71;8;1.00;30;19;1;14;15;47;0;0;0.00;24;454;20;-10112.61;0
405;64;4;Colonie orque;Orques;0;0;25;3;21;1;0.75;5;1.00;0;19;0;28;8;116;0;0;0.00;78;152;20;-13324.68;1
405;64;5;Colonie humaine;Humains;0;0;0;0;9;1;0.00;0;1.00;0;8;0;0;7;16;0;0;0.00;621;0;17;-357.82;1
405;64;6;Colonie naine;Nains;0;0;92;9;85;4;0.69;2;1.00;10;19;1;184;21;130;0;0;0.00;179;455;20;-15675.66;0
405;65;1;Première colonie;Humains;0;0;75;7;70;4;0.87;0;1.00;0;19;1;151;16;214;0;0;0.00;11;466;20;-12199.60;1
405;65;2;Colonie naine;Nains;0;0;84;12;68;4;0.77;6;1.00;20;19;1;72;17;107;0;0;0.00;23;505;20;-13877.54;0
405;65;3;Colonie elfe;Elfes;0;0;76;11;51;3;0.73;0;1.00;30;19;1;14;15;47;0;0;0.00;16;502;20;-10209.61;0
405;65;4;Colonie orque;Orques;0;0;25;2;21;1;0.73;5;1.00;0;19;0;28;8;117;0;0;0.00;33;116;20;-13561.60;1
405;65;5;Colonie humaine;Humains;0;0;0;0;9;1;0.00;0;1.00;0;8;0;0;7;16;0;0;0.00;621;0;17;-357.82;1
405;65;6;Colonie naine;Nains;0;0;91;6;85;4;0.71;2;1.00;10;19;1;184;21;132;0;0;0.00;285;531;20;-15804.99;0
405;66;1;Première colonie;Humains;0;0;77;8;70;4;0.80;1;1.00;0;19;1;151;16;218;0;0;0.00;8;515;20;-12309.86;1
405;66;2;Colonie naine;Nains;0;0;81;11;68;4;0.79;4;1.00;20;19;1;72;17;114;0;0;0.00;14;562;20;-14047.64;0
405;66;3;Colonie elfe;Elfes;0;0;77;10;51;3;0.72;0;1.00;30;19;1;14;15;47;0;0;0.00;0;495;20;-10369.34;0
405;66;4;Colonie orque;Orques;0;0;25;1;21;1;0.74;4;1.00;0;19;0;28;8;118;0;0;0.00;109;120;20;-13689.53;1
405;66;5;Colonie humaine;Humains;0;0;0;0;9;1;0.00;0;1.00;0;8;0;0;7;16;0;0;0.00;621;0;17;-357.82;1
405;66;6;Colonie naine;Nains;0;0;94;4;85;4;0.70;5;1.00;10;19;1;185;21;132;0;0;0.00;227;435;20;-15995.63;0
405;67;1;Première colonie;Humains;0;0;78;8;70;4;0.76;2;1.00;0;19;1;151;16;219;0;0;0.00;10;490;20;-12525.34;1
405;67;2;Colonie naine;Nains;0;0;81;12;68;4;0.75;4;1.00;20;19;1;72;17;117;0;0;0.00;17;572;20;-14251.34;0
405;67;3;Colonie elfe;Elfes;0;0;77;11;52;3;0.71;0;1.00;30;19;1;14;15;48;0;0;0.00;0;484;20;-10541.56;0
405;67;4;Colonie orque;Orques;0;0;23;1;21;1;0.73;3;1.00;0;19;0;28;8;121;0;0;0.00;136;82;20;-13858.62;1
405;67;5;Colonie humaine;Humains;0;0;0;0;9;1;0.00;0;1.00;0;8;0;0;7;16;0;0;0.00;621;0;17;-357.82;1
405;67;6;Colonie naine;Nains;0;0;92;4;85;4;0.69;4;1.00;10;19;1;185;21;136;0;0;0.00;283;374;20;-16171.32;0
405;68;1;Première colonie;Humains;0;0;79;7;70;4;0.83;3;1.00;0;19;1;151;16;225;0;0;0.00;17;496;20;-12645.77;1
405;68;2;Colonie naine;Nains;0;0;79;11;68;4;0.74;2;1.00;30;19;1;72;17;119;0;0;0.00;17;518;20;-14473.16;0
405;68;3;Colonie elfe;Elfes;0;0;82;12;52;3;0.73;0;1.00;30;19;1;14;15;49;0;0;0.00;60;525;20;-10741.27;0
405;68;4;Colonie orque;Orques;0;0;23;1;21;1;0.73;3;1.00;0;19;0;28;8;123;0;0;0.00;29;95;20;-14088.29;1
405;68;5;Colonie humaine;Humains;0;0;0;0;9;1;0.00;0;1.00;0;8;0;0;7;16;0;0;0.00;621;0;17;-357.82;1
405;68;6;Colonie naine;Nains;0;0;91;4;85;4;0.65;3;1.00;10;19;1;185;21;139;0;0;0.00;243;388;20;-16209.46;0
405;69;1;Première colonie;Humains;0;0;75;3;70;4;0.79;0;1.00;0;19;1;154;16;230;0;0;0.00;0;514;20;-12782.46;1
405;69;2;Colonie naine;Nains;0;0;82;12;68;4;0.74;5;1.00;30;19;1;72;17;121;0;0;0.00;14;525;20;-14657.47;0
405;69;3;Colonie elfe;Elfes;0;0;87;16;53;3;0.72;1;1.00;30;19;1;14;15;49;0;0;0.00;14;550;20;-10795.42;0
405;69;4;Colonie orque;Orques;0;0;24;2;21;1;0.69;4;1.00;0;19;0;28;8;126;0;0;0.00;86;125;20;-14203.37;1
405;69;5;Colonie humaine;Humains;0;0;0;0;9;1;0.00;0;1.00;0;8;0;0;7;16;0;0;0.00;621;0;17;-357.82;1
405;69;6;Colonie naine;Nains;0;0;92;4;85;4;0.67;4;1.00;10;19;1;185;21;139;0;0;0.00;278;338;20;-16458.39;0
405;70;1;Première colonie;Humains;0;0;78;7;70;4;0.84;2;1.00;0;19;1;154;16;233;0;0;0.00;67;466;20;-12991.86;1
405;70;2;Colonie naine;Nains;0;0;83;12;68;4;0.69;6;1.00;30;19;1;72;17;123;0;0;0.00;14;529;20;-14896.20;0
405;70;3;Colonie elfe;Elfes;0;0;86;15;53;3;0.73;1;1.00;30;19;1;14;15;52;0;0;0.00;0;534;20;-11039.14;0
405;70;4;Colonie orque;Orques;0;0;23;1;21;1;0.73;3;1.00;0;19;0;28;8;130;0;0;0.00;63;108;20;-14460.38;1
405;70;5;Colonie humaine;Humains;0;0;0;0;9;1;0.00;0;1.00;0;8;0;0;7;16;0;0;0.00;621;0;17;-357.82;1
405;70;6;Colonie naine;Nains;0;0;93;7;85;4;0.70;5;1.00;10;19;1;185;21;144;0;0;0.00;324;397;20;-16696.21;0
405;71;1;Première colonie;Humains;0;0;76;8;70;4;0.84;0;1.00;0;19;1;154;17;240;0;0;0.00;102;473;20;-13110.78;1
405;71;2;Colonie naine;Nains;0;0;83;10;68;4;0.71;6;1.00;30;19;1;72;17;124;0;0;0.00;56;499;20;-15041.77;0
405;71;3;Colonie elfe;Elfes;0;0;88;14;54;3;0.72;0;1.00;30;19;1;14;16;53;0;0;0.00;6;556;20;-11212.72;0
405;71;4;Colonie orque;Orques;0;0;21;0;21;1;0.72;1;1.00;0;19;0;28;8;132;0;0;0.00;26;102;20;-14628.86;1
405;71;5;Colonie humaine;Humains;0;0;0;0;9;1;0.00;0;1.00;0;8;0;0;7;16;0;0;0.00;621;0;17;-357.82;1
405;71;6;Colonie naine;Nains;0;0;90;8;85;4;0.70;2;1.00;10;19;1;185;21;148;0;0;0.00;181;419;20;-16832.36;0
405;72;1;Première colonie;Humains;0;0;78;13;70;4;0.80;2;1.00;0;19;1;154;17;244;0;0;0.00;129;484;20;-13327.51;1
405;72;2;Colonie naine;Nains;0;0;81;9;68;4;0.74;4;1.00;30;19;1;72;17;129;0;0;0.00;13;465;20;-15233.65;0
405;72;3;Colonie elfe;Elfes;0;0;89;14;55;3;0.72;0;1.00;30;19;1;14;16;53;0;0;0.00;1;560;20;-11427.34;0
405;72;4;Colonie orque;Orques;0;0;21;1;21;1;0.71;1;1.00;0;19;0;28;8;135;0;0;0.00;72;109;20;-14820.24;1
405;72;5;Colonie humaine;Humains;0;0;0;0;9;1;0.00;0;1.00;0;8;0;0;7;16;0;0;0.00;621;0;17;-357.82;1
405;72;6;Colonie naine;Nains;0;0;91;10;85;4;0.68;3;1.00;10;19;1;185;21;151;0;0;0.00;207;358;20;-17171.64;0
405;73;1;Première colonie;Humains;0;0;81;12;70;4;0.84;5;1.00;0;19;1;155;17;247;0;0;0.00;26;498;20;-13430.39;1
405;73;2;Colonie naine;Nains;0;0;79;7;68;4;0.74;3;1.00;30;19;1;72;17;133;0;0;0.00;18;480;20;-15379.33;0
405;73;3;Colonie elfe;Elfes;0;0;93;16;56;3;0.72;0;1.00;40;19;1;14;16;53;0;0;0.00;0;562;20;-11575.13;0
405;73;4;Colonie orque;Orques;0;0;23;2;21;1;0.70;3;1.00;0;19;0;28;8;138;0;0;0.00;164;111;20;-15123.35;1
405;73;5;Colonie humaine;Humains;0;0;0;0;9;1;0.00;0;1.00;0;8;0;0;7;16;0;0;0.00;621;0;17;-357.82;1
405;73;6;Colonie naine;Nains;0;0;90;10;85;4;0.74;2;1.00;10;19;1;185;21;154;0;0;0.00;213;489;20;-17260.30;0
405;74;1;Première colonie;Humains;0;0;76;10;70;4;0.80;0;1.00;0;19;1;155;17;253;0;0;0.00;5;463;20;-13631.75;1
405;74;2;Colonie naine;Nains;0;0;81;11;68;4;0.75;5;1.00;30;19;1;72;17;135;0;0;0.00;18;502;20;-15679.19;0
405;74;3;Colonie elfe;Elfes;0;0;97;17;56;3;0.70;0;1.00;40;19;1;14;16;53;0;0;0.00;1;541;20;-11663.20;0
405;74;4;Colonie orque;Orques;0;0;23;1;21;1;0.70;1;1.00;0;19;0;28;8;141;0;0;0.00;119;104;20;-15207.28;1
405;74;5;Colonie humaine;Humains;0;0;0;0;9;1;0.00;0;1.00;0;8;0;0;7;16;0;0;0.00;621;0;17;-357.82;1
405;74;6;Colonie naine;Nains;0;0;89;10;85;4;0.73;1;1.00;10;19;1;186;21;158;0;0;0.00;248;363;20;-17480.99;0
405;75;1;Première colonie;Humains;0;0;76;7;70;4;0.84;0;1.00;0;19;1;155;17;256;0;0;0.00;21;477;20;-13735.97;1
405;75;2;Colonie naine;Nains;0;0;84;10;68;4;0.76;8;1.00;40;19;1;72;17;136;0;0;0.00;18;505;20;-15942.47;0
405;75;3;Colonie elfe;Elfes;0;0;101;18;56;3;0.73;4;1.00;40;19;1;14;17;53;0;0;0.00;2;630;20;-11865.52;0
405;75;4;Colonie orque;Orques;0;0;22;0;21;1;0.74;2;1.00;0;19;0;28;8;142;0;0;0.00;126;120;20;-15370.87;1
405;75;5;Colonie humaine;Humains;0;0;0;0;9;1;0.00;0;1.00;0;8;0;0;7;16;0;0;0.00;621;0;17;-357.82;1
405;75;6;Colonie naine;Nains;0;0;87;13;85;4;0.71;0;1.00;10;19;1;186;21;164;0;0;0.00;204;610;20;-17935.58;0
405;76;1;Première colonie;Humains;0;0;72;6;70;4;0.82;0;1.00;0;19;1;155;17;265;0;0;0.00;48;417;20;-13796.12;1
405;76;2;Colonie naine;Nains;0;0;83;10;68;4;0.74;7;1.00;40;19;1;72;17;138;0;0;0.00;24;530;20;-16213.75;0
405;76;3;Colonie elfe;Elfes;0;0;101;17;58;3;0.72;0;1.00;40;19;1;14;17;55;0;0;0.00;6;621;20;-11970.01;0
405;76;4;Colonie orque;Orques;0;0;23;2;21;1;0.71;3;1.00;0;19;0;28;8;144;0;0;0.00;87;84;20;-15606.69;1
405;76;5;Colonie humaine;Humains;0;0;0;0;9;1;0.00;0;1.00;0;8;0;0;7;16;0;0;0.00;621;0;17;-357.82;1
405;76;6;Colonie naine;Nains;0;0;90;14;85;4;0.68;2;1.00;10;19;1;186;21;169;0;0;0.00;204;420;20;-18109.85;0
405;77;1;Première colonie;Humains;0;0;76;10;70;4;0.76;0;1.00;0;19;1;155;17;269;0;0;0.00;33;482;20;-13977.88;1
405;77;2;Colonie naine;Nains;0;0;81;10;68;4;0.73;5;1.00;40;19;1;72;17;141;0;0;0.00;32;496;20;-16487.98;0
405;77;3;Colonie elfe;Elfes;0;0;107;18;58;3;0.74;6;1.00;40;19;1;14;18;57;0;0;0.00;24;618;20;-12010.58;0
405;77;4;Colonie orque;Orques;0;0;20;2;21;1;0.74;0;1.00;0;19;0;28;8;148;0;0;0.00;23;111;20;-15681.11;1
405;77;5;Colonie humaine;Humains;0;0;0;0;9;1;0.00;0;1.00;0;8;0;0;7;16;0;0;0.00;621;0;17;-357.82;1
405;77;6;Colonie naine;Nains;0;0;90;13;85;4;0.71;2;1.00;10;19;1;186;21;171;0;0;0.00;210;385;20;-18342.76;0
405;78;1;Première colonie;Humains;0;0;77;10;70;4;0.85;1;1.00;0;19;1;155;17;273;0;0;0.00;42;477;20;-14082.72;1
405;78;2;Colonie naine;Nains;0;0;79;9;68;4;0.74;3;1.00;40;19;1;72;17;144;0;0;0.00;37;477;20;-16636.36;0
405;78;3;Colonie elfe;Elfes;0;0;107;19;58;3;0.70;6;1.00;40;19;1;14;18;59;0;0;0.00;6;622;20;-12150.82;0
405;78;4;Colonie orque;Orques;0;0;16;0;21;1;0.69;0;1.00;0;19;0;28;8;152;0;0;0.00;94;84;20;-15919.43;1
405;78;5;Colonie humaine;Humains;0;0;0;0;9;1;0.00;0;1.00;0;8;0;0;7;16;0;0;0.00;621;0;17;-357.82;1
405;78;6;Colonie naine;Nains;0;0;94;15;85;4;0.70;6;1.00;10;19;1;184;21;174;0;0;0.00;217;366;20;-18383.18;0
405;79;1;Première colonie;Humains;0;0;82;9;70;4;0.78;6;1.00;0;19;1;155;17;276;0;0;0.00;20;385;20;-14310.16;1
405;79;2;Colonie naine;Nains;0;0;83;14;68;4;0.75;7;1.00;40;19;1;72;17;145;0;0;0.00;24;524;20;-17024.32;0
405;79;3;Colonie elfe;Elfes;0;0;109;21;60;3;0.74;0;1.00;40;19;1;14;19;60;0;0;0.00;4;558;20;-12247.02;0
405;79;4;Colonie orque;Orques;0;0;17;0;21;1;0.78;0;1.00;0;19;0;28;8;153;0;0;0.00;106;100;20;-16000.71;1
405;79;5;Colonie humaine;Humains;0;0;0;0;9;1;0.00;0;1.00;0;8;0;0;7;16;0;0;0.00;621;0;17;-357.82;1
405;79;6;Colonie naine;Nains;0;0;92;14;85;4;0.67;4;1.00;10;19;1;185;21;178;0;0;0.00;224;409;20;-18497.53;0
405;80;1;Première colonie;Humains;0;0;76;7;70;4;0.84;0;1.00;0;19;1;155;17;286;0;0;0.00;29;440;20;-14427.74;1
405;80;2;Colonie naine;Nains;0;0;80;11;68;4;0.73;4;1.00;40;19;1;72;17;149;0;0;0.00;15;493;20;-17383.15;0
405;80;3;Colonie elfe;Elfes;0;0;107;19;61;3;0.69;0;1.00;40;19;1;14;19;64;0;0;0.00;17;357;20;-12510.67;0
405;80;4;Colonie orque;Orques;0;0;15;0;21;1;0.80;0;1.00;0;19;0;28;8;156;0;0;0.00;110;89;20;-16209.27;1
405;80;5;Colonie humaine;Humains;0;0;0;0;9;1;0.00;0;1.00;0;8;0;0;7;16;0;0;0.00;621;0;17;-357.82;1
405;80;6;Colonie naine;Nains;0;0;94;15;85;4;0.66;6;1.00;10;19;1;186;21;178;0;0;0.00;224;328;20;-18830.48;0
405;81;1;Première colonie;Humains;0;0;79;10;70;4;0.83;3;1.00;0;19;1;155;17;289;0;0;0.00;8;544;20;-14509.62;1
405;81;2;Colonie naine;Nains;0;0;81;10;68;4;0.71;5;1.00;40;19;1;72;17;152;0;0;0.00;15;536;20;-17463.58;0
405;81;3;Colonie elfe;Elfes;0;0;107;15;61;3;0.71;0;1.00;40;19;1;11;19;65;0;0;0.00;11;340;20;-12587.11;0
405;81;4;Colonie orque;Orques;0;0;13;0;21;1;0.72;0;1.00;0;19;0;28;8;161;0;0;0.00;97;66;20;-16270.68;1
405;81;5;Colonie humaine;Humains;0;0;0;0;9;1;0.00;0;1.00;0;8;0;0;7;16;0;0;0.00;621;0;17;-357.82;1
405;81;6;Colonie naine;Nains;0;0;91;12;85;4;0.69;3;1.00;10;19;1;186;21;181;0;0;0.00;207;306;20;-18998.14;0
405;82;1;Première colonie;Humains;0;0;77;9;70;4;0.81;1;1.00;0;19;1;155;17;292;0;0;0.00;47;342;20;-14614.51;1
405;82;2;Colonie naine;Nains;0;0;82;12;68;4;0.72;6;1.00;40;19;1;72;17;155;0;0;0.00;15;561;20;-17824.52;0
405;82;3;Colonie elfe;Elfes;0;0;106;15;61;3;0.68;0;1.00;40;19;1;6;19;66;0;0;0.00;11;253;20;-12653.20;0
405;82;4;Colonie orque;Orques;0;0;15;0;21;1;0.80;0;1.00;0;19;0;28;8;162;0;0;0.00;20;105;20;-16270.68;1
405;82;5;Colonie humaine;Humains;0;0;0;0;9;1;0.00;0;1.00;0;8;0;0;7;16;0;0;0.00;621;0;17;-357.82;1
405;82;6;Colonie naine;Nains;0;0;92;8;85;4;0.68;4;1.00;10;19;1;186;21;182;0;0;0.00;187;422;20;-19132.58;0
405;83;1;Première colonie;Humains;0;0;79;10;70;4;0.82;3;1.00;0;19;1;155;17;296;0;0;0.00;20;459;20;-14703.07;1
405;83;2;Colonie naine;Nains;0;0;80;12;68;4;0.71;4;1.00;40;19;1;72;17;158;0;0;0.00;15;496;20;-18028.71;0
405;83;3;Colonie elfe;Elfes;0;0;106;14;61;3;0.69;0;1.00;40;19;1;6;19;66;0;0;0.00;11;112;20;-12697.61;0
405;83;4;Colonie orque;Orques;0;0;16;0;21;1;0.73;0;1.00;0;19;0;28;8;163;0;0;0.00;53;101;20;-16356.01;1
405;83;5;Colonie humaine;Humains;0;0;0;0;9;1;0.00;0;1.00;0;8;0;0;7;16;0;0;0.00;621;0;17;-357.82;1
405;83;6;Colonie naine;Nains;0;0;92;8;85;4;0.75;4;1.00;10;19;1;186;21;186;0;0;0.00;191;525;20;-19258.79;0
405;84;1;Première colonie;Humains;0;0;81;10;70;4;0.76;5;1.00;0;19;1;155;17;300;0;0;0.00;18;453;20;-14842.06;1
405;84;2;Colonie naine;Nains;0;0;82;14;68;4;0.72;6;1.00;40;19;1;72;17;158;0;0;0.00;15;523;20;-18344.87;0
405;84;3;Colonie elfe;Elfes;0;0;104;12;61;3;0.66;0;1.00;40;19;1;6;19;68;0;0;0.00;16;97;20;-12697.61;0
405;84;4;Colonie orque;Orques;0;0;20;0;21;1;0.74;0;1.00;0;19;0;28;8;164;0;0;0.00;55;95;20;-16522.04;1
405;84;5;Colonie humaine;Humains;0;0;0;0;9;1;0.00;0;1.00;0;8;0;0;7;16;0;0;0.00;621;0;17;-357.82;1
405;84;6;Colonie naine;Nains;0;0;94;8;85;4;0.69;6;1.00;10;19;1;187;21;188;0;0;0.00;197;399;20;-19452.54;0
405;85;1;Première colonie;Humains;0;0;77;12;70;4;0.81;1;1.00;0;19;1;155;17;307;0;0;0.00;7;475;20;-15058.31;1
405;85;2;Colonie naine;Nains;0;0;82;9;68;4;0.77;6;1.00;40;19;1;72;17;160;0;0;0.00;20;527;20;-18672.50;0
405;85;3;Colonie elfe;Elfes;0;0;104;10;61;3;0.66;0;1.00;40;19;1;6;19;68;0;0;0.00;16;74;20;-12785.65;0
405;85;4;Colonie orque;Orques;0;0;19;0;21;1;0.70;0;1.00;0;19;0;28;8;167;0;0;0.00;62;114;20;-16672.82;1
405;85;5;Colonie humaine;Humains;0;0;0;0;9;1;0.00;0;1.00;0;8;0;0;7;16;0;0;0.00;621;0;17;-357.82;1
405;85;6;Colonie naine;Nains;0;0;95;8;85;4;0.66;7;1.00;10;19;1;187;21;188;0;0;0.00;197;280;20;-19678.08;0
405;86;1;Première colonie;Humains;0;0;79;11;70;4;0.79;3;1.00;0;19;1;155;17;311;0;0;0.00;4;507;20;-15174.94;1
405;86;2;Colonie naine;Nains;0;0;82;10;68;4;0.76;6;1.00;40;19;1;72;17;162;0;0;0.00;26;535;20;-18735.34;0
405;86;3;Colonie elfe;Elfes;0;0;28;5;61;3;0.72;0;1.00;40;19;1;9;19;101;0;0;0.00;1;160;20;-12827.08;1
405;86;4;Colonie orque;Orques;0;0;18;0;21;1;0.74;0;1.00;0;19;0;28;8;170;0;0;0.00;66;108;20;-16763.00;1
405;86;5;Colonie humaine;Humains;0;0;0;0;9;1;0.00;0;1.00;0;8;0;0;7;16;0;0;0.00;621;0;17;-357.82;1
405;86;6;Colonie naine;Nains;0;0;93;6;85;4;0.65;5;1.00;10;19;1;187;21;190;0;0;0.00;197;378;20;-19867.23;0
405;87;1;Première colonie;Humains;0;0;77;7;70;4;0.78;1;1.00;0;19;1;155;17;314;0;0;0.00;8;355;20;-15461.50;1
405;87;2;Colonie naine;Nains;0;0;80;9;68;4;0.70;4;1.00;40;19;1;72;17;165;0;0;0.00;32;525;20;-19064.35;0
405;87;3;Colonie elfe;Elfes;0;0;28;4;61;3;0.73;0;1.00;40;19;1;13;19;101;0;0;0.00;1;163;20;-12885.42;1
405;87;4;Colonie orque;Orques;0;0;22;1;21;1;0.72;2;1.00;0;19;0;28;8;172;0;0;0.00;7;82;20;-16839.37;1
405;87;5;Colonie humaine;Humains;0;0;0;0;9;1;0.00;0;1.00;0;8;0;0;7;16;0;0;0.00;621;0;17;-357.82;1
405;87;6;Colonie naine;Nains;0;0;92;7;85;4;0.71;4;1.00;10;19;1;182;21;193;0;0;0.00;197;445;20;-19975.76;0
405;88;1;Première colonie;Humains;0;0;77;7;70;4;0.81;1;1.00;0;19;1;155;17;317;0;0;0.00;1;460;20;-15547.95;1
405;88;2;Colonie naine;Nains;0;0;80;9;68;4;0.68;4;1.00;40;19;1;72;17;168;0;0;0.00;13;498;20;-19362.93;0
405;88;3;Colonie elfe;Elfes;0;0;31;3;61;3;0.75;0;1.00;40;19;1;14;19;101;0;0;0.00;7;199;20;-13004.80;1
405;88;4;Colonie orque;Orques;0;0;21;1;21;1;0.78;1;1.00;0;19;0;28;8;174;0;0;0.00;59;109;20;-16932.66;1
405;88;5;Colonie humaine;Humains;0;0;0;0;9;1;0.00;0;1.00;0;8;0;0;7;16;0;0;0.00;621;0;17;-357.82;1
405;88;6;Colonie naine;Nains;0;0;93;9;85;4;0.72;5;1.00;10;19;1;187;21;195;0;0;0.00;197;431;20;-20257.12;0
405;89;1;Première colonie;Humains;0;0;79;6;70;4;0.82;3;1.00;0;19;1;155;17;319;0;0;0.00;1;476;20;-15657.26;1
405;89;2;Colonie naine;Nains;0;0;79;9;68;4;0.72;3;1.00;40;19;1;72;17;170;0;0;0.00;18;537;20;-19514.81;0
405;89;3;Colonie elfe;Elfes;0;0;35;2;61;3;0.77;0;1.00;40;19;1;14;19;101;0;0;0.00;2;226;20;-13107.53;1
405;89;4;Colonie orque;Orques;0;0;21;0;21;1;0.74;1;1.00;0;19;0;28;8;177;0;0;0.00;4;130;20;-17106.52;1
405;89;5;Colonie humaine;Humains;0;0;0;0;9;1;0.00;0;1.00;0;8;0;0;7;16;0;0;0.00;621;0;17;-357.82;1
405;89;6;Colonie naine;Nains;0;0;92;10;85;4;0.68;4;1.00;10;19;1;187;21;197;0;0;0.00;209;265;20;-20368.01;0
405;90;1;Première colonie;Humains;0;0;75;8;70;4;0.82;0;1.00;0;19;1;155;17;326;0;0;0.00;5;478;20;-15889.22;1
405;90;2;Colonie naine;Nains;0;0;76;8;68;4;0.70;0;1.00;40;19;1;72;17;174;0;0;0.00;18;509;20;-19872.44;0
405;90;3;Colonie elfe;Elfes;0;0;37;1;61;3;0.76;0;1.00;40;19;1;14;19;101;0;0;0.00;7;252;20;-13306.10;1
405;90;4;Colonie orque;Orques;0;0;17;0;21;1;0.75;0;1.00;0;19;0;28;8;181;0;0;0.00;4;111;20;-17231.89;1
405;90;5;Colonie humaine;Humains;0;0;0;0;9;1;0.00;0;1.00;0;8;0;0;7;16;0;0;0.00;621;0;17;-357.82;1
405;90;6;Colonie naine;Nains;0;0;92;8;85;4;0.69;4;1.00;10;19;1;185;21;201;0;0;0.00;209;322;20;-20775.65;0
405;91;1;Première colonie;Humains;0;0;77;8;70;4;0.78;1;1.00;0;19;1;155;17;333;0;0;0.00;9;465;20;-15965.42;1
405;91;2;Colonie naine;Nains;0;0;80;10;68;4;0.70;4;1.00;40;19;1;72;17;176;0;0;0.00;18;502;20;-20086.62;0
405;91;3;Colonie elfe;Elfes;0;0;37;0;61;3;0.71;0;1.00;50;19;1;14;19;102;0;0;0.00;7;232;20;-13484.82;1
405;91;4;Colonie orque;Orques;0;0;18;1;21;1;0.72;0;1.00;0;19;0;28;8;184;0;0;0.00;4;101;20;-17549.00;1
405;91;5;Colonie humaine;Humains;0;0;0;0;9;1;0.00;0;1.00;0;8;0;0;7;16;0;0;0.00;621;0;17;-357.82;1
405;91;6;Colonie naine;Nains;0;0;91;9;85;4;0.68;3;1.00;10;19;1;187;21;206;0;0;0.00;191;364;20;-20946.11;0
405;92;1;Première colonie;Humains;0;0;74;9;70;4;0.83;0;1.00;0;19;1;158;17;341;0;0;0.00;13;446;20;-16184.13;1
405;92;2;Colonie naine;Nains;0;0;78;9;68;4;0.73;2;1.00;40;19;1;72;17;180;0;0;0.00;18;573;20;-20367.18;0
405;92;3;Colonie elfe;Elfes;0;0;40;2;61;3;0.76;0;1.00;50;19;1;14;19;103;0;0;0.00;17;244;20;-13717.27;1
405;92;4;Colonie orque;Orques;0;0;17;2;21;1;0.77;0;1.00;0;19;0;28;8;188;0;0;0.00;10;128;20;-17685.49;1
405;92;5;Colonie humaine;Humains;0;0;0;0;9;1;0.00;0;1.00;0;8;0;0;7;16;0;0;0.00;621;0;17;-357.82;1
405;92;6;Colonie naine;Nains;0;0;91;10;85;4;0.70;3;1.00;10;19;1;187;21;208;0;0;0.00;191;338;20;-21118.53;0
405;93;1;Première colonie;Humains;0;0;71;9;70;4;0.82;0;1.00;0;19;1;158;17;347;0;0;0.00;13;406;20;-16279.50;1
405;93;2;Colonie naine;Nains;0;0;81;10;68;4;0.71;5;1.00;40;19;1;72;17;182;0;0;0.00;23;523;20;-20634.51;0
405;93;3;Colonie elfe;Elfes;0;0;42;2;61;3;0.76;0;1.00;50;19;1;14;19;103;0;0;0.00;9;285;20;-13775.49;1
405;93;4;Colonie orque;Orques;0;0;22;0;21;1;0.69;2;1.00;0;19;0;28;8;189;0;0;0.00;16;148;20;-17818.01;1
405;93;5;Colonie humaine;Humains;0;0;0;0;9;1;0.00;0;1.00;0;8;0;0;7;16;0;0;0.00;621;0;17;-357.82;1
405;93;6;Colonie naine;Nains;0;0;91;10;85;4;0.67;3;1.00;10;19;1;187;21;209;0;0;0.00;191;362;20;-21357.49;0
405;94;1;Première colonie;Humains;0;0;74;8;70;4;0.77;0;1.00;0;19;1;158;17;350;0;0;0.00;13;394;20;-16433.35;1
405;94;2;Colonie naine;Nains;0;0;80;8;68;4;0.72;4;1.00;40;19;1;72;17;185;0;0;0.00;38;581;20;-20800.23;0
405;94;3;Colonie elfe;Elfes;0;0;43;3;61;3;0.74;0;1.00;50;19;1;14;19;104;0;0;0.00;9;292;20;-13927.95;1
405;94;4;Colonie orque;Orques;0;0;21;0;21;1;0.71;1;1.00;0;19;0;28;8;190;0;0;0.00;16;119;20;-17951.83;1
405;94;5;Colonie humaine;Humains;0;0;0;0;9;1;0.00;0;1.00;0;8;0;0;7;16;0;0;0.00;621;0;17;-357.82;1
405;94;6;Colonie naine;Nains;0;0;84;9;85;4;0.71;0;1.00;10;19;1;187;21;219;0;0;0.00;198;344;20;-21407.18;0
405;95;1;Première colonie;Humains;0;0;75;8;70;4;0.82;0;1.00;0;19;1;159;17;352;0;0;0.00;17;441;20;-16580.17;1
405;95;2;Colonie naine;Nains;0;0;82;8;68;4;0.69;6;1.00;40;19;1;72;17;185;0;0;0.00;38;530;20;-21131.36;0
405;95;3;Colonie elfe;Elfes;0;0;46;4;61;3;0.74;0;1.00;50;19;1;14;19;104;0;0;0.00;15;284;20;-14033.28;1
405;95;4;Colonie orque;Orques;0;0;19;0;21;1;0.74;0;1.00;0;19;0;28;8;194;0;0;0.00;36;100;20;-18076.50;1
405;95;5;Colonie humaine;Humains;0;0;0;0;9;1;0.00;0;1.00;0;8;0;0;7;16;0;0;0.00;621;0;17;-357.82;1
405;95;6;Colonie naine;Nains;0;0;88;11;85;4;0.71;0;1.00;10;19;1;187;21;226;0;0;0.00;211;326;20;-21727.81;0
405;96;1;Première colonie;Humains;0;0;75;9;70;4;0.80;0;1.00;0;19;1;159;17;356;0;0;0.00;3;481;20;-16745.02;1
405;96;2;Colonie naine;Nains;0;0;83;9;68;4;0.72;7;1.00;40;19;1;72;17;186;0;0;0.00;28;562;20;-21397.13;0
405;96;3;Colonie elfe;Elfes;0;0;50;6;61;3;0.74;0;1.00;50;19;1;14;19;104;0;0;0.00;2;324;20;-14172.39;1
405;96;4;Colonie orque;Orques;0;0;17;0;21;1;0.72;0;1.00;0;19;0;28;8;196;0;0;0.00;68;77;20;-18142.57;1
405;96;5;Colonie humaine;Humains;0;0;0;0;9;1;0.00;0;1.00;0;8;0;0;7;16;0;0;0.00;621;0;17;-357.82;1
405;96;6;Colonie naine;Nains;0;0;89;10;85;4;0.71;1;1.00;20;19;1;187;21;228;0;0;0.00;187;334;20;-21873.51;0
405;97;1;Première colonie;Humains;0;0;74;9;70;4;0.86;0;1.00;0;19;1;159;17;361;0;0;0.00;12;433;20;-16878.73;1
405;97;2;Colonie naine;Nains;0;0;81;8;68;4;0.71;5;1.00;40;19;1;72;17;190;0;0;0.00;14;527;20;-21483.77;0
405;97;3;Colonie elfe;Elfes;0;0;54;7;61;3;0.74;0;1.00;50;19;1;14;19;104;0;0;0.00;2;353;20;-14388.14;1
405;97;4;Colonie orque;Orques;0;0;16;0;21;1;0.68;0;1.00;0;19;0;28;8;199;0;0;0.00;77;75;20;-18253.59;1
405;97;5;Colonie humaine;Humains;0;0;0;0;9;1;0.00;0;1.00;0;8;0;0;7;16;0;0;0.00;621;0;17;-357.82;1
405;97;6;Colonie naine;Nains;0;0;86;9;85;4;0.70;0;1.00;20;19;1;187;21;233;0;0;0.00;193;387;20;-22126.03;0
405;98;1;Première colonie;Humains;0;0;73;10;70;4;0.83;0;1.00;0;19;1;159;17;366;0;0;0.00;13;428;20;-16971.50;1
405;98;2;Colonie naine;Nains;0;0;82;9;68;4;0.72;6;1.00;40;19;1;72;17;191;0;0;0.00;20;558;20;-21707.83;0
405;98;3;Colonie elfe;Elfes;0;0;60;7;61;3;0.70;0;1.00;50;19;1;14;19;104;0;0;0.00;6;385;20;-14571.97;1
405;98;4;Colonie orque;Orques;0;0;16;0;21;1;0.78;0;1.00;0;19;0;28;8;202;0;0;0.00;66;114;20;-18393.19;1
405;98;5;Colonie humaine;Humains;0;0;0;0;9;1;0.00;0;1.00;0;8;0;0;7;16;0;0;0.00;621;0;17;-357.82;1
405;98;6;Colonie naine;Nains;0;0;84;9;85;4;0.70;0;1.00;20;19;1;187;21;237;0;0;0.00;213;390;20;-22402.82;0
405;99;1;Première colonie;Humains;0;0;76;9;70;4;0.79;0;1.00;0;19;1;159;17;368;0;0;0.00;3;512;20;-16971.50;1
405;99;2;Colonie naine;Nains;0;0;79;7;68;4;0.76;3;1.00;40;19;1;72;17;194;0;0;0.00;25;504;20;-21804.29;0
405;99;3;Colonie elfe;Elfes;0;0;62;7;61;3;0.75;0;1.00;50;19;1;14;19;104;0;0;0.00;5;386;20;-14668.32;1
405;99;4;Colonie orque;Orques;0;0;17;0;21;1;0.79;0;1.00;0;19;0;28;8;205;0;0;0.00;42;85;20;-18648.14;1
405;99;5;Colonie humaine;Humains;0;0;0;0;9;1;0.00;0;1.00;0;8;0;0;7;16;0;0;0.00;621;0;17;-357.82;1
405;99;6;Colonie naine;Nains;0;0;90;14;85;4;0.70;2;1.00;20;19;1;187;21;238;0;0;0.00;220;358;20;-22624.72;0
405;100;1;Première colonie;Humains;0;0;70;8;70;4;0.83;0;1.00;0;19;1;160;17;375;0;0;0.00;7;441;20;-17126.59;1
405;100;2;Colonie naine;Nains;0;0;82;12;68;4;0.76;6;1.00;40;19;1;73;17;198;0;0;0.00;25;600;20;-22131.70;0
405;100;3;Colonie elfe;Elfes;0;0;68;11;61;3;0.74;0;1.00;50;19;1;14;19;104;0;0;0.00;5;411;20;-14849.48;1
405;100;4;Colonie orque;Orques;0;0;21;1;21;1;0.71;1;1.00;0;19;0;28;8;207;0;0;0.00;2;113;20;-18733.47;1
405;100;5;Colonie humaine;Humains;0;0;0;0;9;1;0.00;0;1.00;0;8;0;0;7;16;0;0;0.00;621;0;17;-357.82;1
405;100;6;Colonie naine;Nains;0;0;87;13;85;4;0.71;0;1.00;20;19;1;187;21;242;0;0;0.00;227;349;20;-22850.47;0
406;1;1;Première colonie;Humains;0;0;17;3;7;1;0.68;1;1.00;0;5;0;0;4;0;0;0;0.00;450;43;7;-149.13;0
406;1;2;Colonie naine;Nains;0;0;13;1;5;1;0.63;1;1.00;0;5;0;0;2;0;0;0;0.00;356;42;6;-119.58;0
406;1;3;Colonie elfe;Elfes;0;0;13;1;7;1;0.70;0;1.00;0;7;0;0;2;0;0;0;0.00;302;45;5;-151.61;0
406;1;4;Colonie orque;Orques;0;0;13;0;7;1;0.68;0;1.00;0;5;0;0;3;0;0;0;0.00;528;26;7;-119.08;0
406;1;5;Colonie humaine;Humains;0;0;15;0;6;1;0.72;0;1.00;0;6;0;0;3;1;0;0;0.00;321;106;10;-106.03;0
406;1;6;Colonie naine;Nains;0;0;11;0;6;1;0.65;0;1.00;0;5;0;0;3;1;0;0;0.00;413;65;3;-151.17;0
406;2;1;Première colonie;Humains;0;0;19;3;10;1;0.67;0;1.00;0;7;0;0;5;0;0;0;0.00;450;83;12;-283.76;0
406;2;2;Colonie naine;Nains;0;0;16;3;5;1;0.68;4;1.00;0;6;0;0;3;0;0;0;0.00;335;68;8;-176.82;0
406;2;3;Colonie elfe;Elfes;0;0;13;1;11;1;0.72;0;1.00;10;7;0;0;3;0;0;0;0.00;265;57;9;-361.91;0
406;2;4;Colonie orque;Orques;0;0;14;3;9;1;0.56;0;1.00;0;6;0;0;5;2;0;0;14.00;624;10;10;-308.59;0
406;2;5;Colonie humaine;Humains;0;0;20;2;15;1;0.69;0;1.00;0;7;0;0;4;1;0;0;0.00;271;82;13;-256.95;0
406;2;6;Colonie naine;Nains;0;0;12;0;8;1;0.61;0;1.00;0;6;0;0;3;1;0;0;0.00;377;71;8;-401.34;0
406;3;1;Première colonie;Humains;0;0;20;4;13;1;0.66;0;1.00;0;8;0;0;6;0;0;0;0.00;14;84;20;-499.11;0
406;3;2;Colonie naine;Nains;0;0;18;4;7;1;0.71;2;1.00;0;7;0;0;4;0;0;0;0.00;346;90;12;-320.46;0
406;3;3;Colonie elfe;Elfes;0;0;18;3;14;1;0.71;0;1.00;10;8;0;0;3;0;0;0;0.00;522;74;15;-614.47;0
406;3;4;Colonie orque;Orques;0;0;0;0;9;1;0.00;0;1.00;0;7;0;0;6;14;0;0;0.00;642;0;14;-308.59;1
406;3;5;Colonie humaine;Humains;0;0;21;2;17;1;0.70;0;1.00;0;8;0;1;4;2;0;0;0.00;399;106;20;-352.67;0
406;3;6;Colonie naine;Nains;0;0;13;1;8;1;0.70;0;1.00;0;7;0;0;3;1;0;0;0.00;369;83;13;-788.56;0
406;4;1;Première colonie;Humains;0;0;23;3;15;1;0.64;0;1.00;0;10;0;1;6;0;0;0;0.00;57;99;20;-651.06;0
406;4;2;Colonie naine;Nains;0;0;21;4;9;1;0.67;1;1.00;0;8;0;0;4;0;0;0;0.00;96;124;20;-538.98;0
406;4;3;Colonie elfe;Elfes;0;0;20;3;17;1;0.72;0;1.00;10;9;0;0;4;1;0;0;0.00;778;105;20;-695.68;0
406;4;4;Colonie orque;Orques;0;0;0;0;9;1;0.00;0;1.00;0;7;0;0;6;14;0;0;0.00;642;0;14;-308.59;1
406;4;5;Colonie humaine;Humains;0;0;23;3;19;1;0.72;0;1.00;0;8;0;6;5;2;0;0;0.00;434;128;20;-432.96;0
406;4;6;Colonie naine;Nains;0;0;14;2;10;1;0.67;0;1.00;0;9;0;0;3;1;0;0;0.00;265;76;16;-1004.80;0
406;5;1;Première colonie;Humains;0;0;24;4;15;1;0.71;0;1.00;0;11;0;2;6;0;0;0;0.00;10;121;20;-837.46;0
406;5;2;Colonie naine;Nains;0;0;26;6;12;1;0.66;2;1.00;0;10;0;0;5;0;0;0;0.00;90;108;20;-597.03;0
406;5;3;Colonie elfe;Elfes;0;0;23;4;17;1;0.70;3;1.00;10;11;0;0;5;1;0;0;0.00;921;111;20;-870.13;0
406;5;4;Colonie orque;Orques;0;0;0;0;9;1;0.00;0;1.00;0;7;0;0;6;14;0;0;0.00;642;0;14;-308.59;1
406;5;5;Colonie humaine;Humains;0;0;25;2;19;1;0.74;1;1.00;0;11;0;10;5;2;0;0;0.00;185;123;20;-569.17;0
406;5;6;Colonie naine;Nains;0;0;14;2;11;1;0.68;0;1.00;0;10;0;0;3;1;0;0;0.00;424;71;20;-1084.51;0
406;6;1;Première colonie;Humains;0;0;26;5;16;1;0.68;2;1.00;0;12;0;3;6;1;0;0;0.00;2;126;20;-900.18;0
406;6;2;Colonie naine;Nains;0;0;28;7;12;1;0.62;4;1.00;0;12;0;0;5;0;0;0;0.00;1;110;20;-698.46;0
406;6;3;Colonie elfe;Elfes;0;0;24;5;18;1;0.69;0;1.00;10;12;0;2;5;1;0;0;0.00;301;106;20;-1077.94;0
406;6;4;Colonie orque;Orques;0;0;0;0;9;1;0.00;0;1.00;0;7;0;0;6;14;0;0;0.00;642;0;14;-308.59;1
406;6;5;Colonie humaine;Humains;0;0;28;2;22;2;0.70;0;1.00;0;13;0;16;5;2;0;0;0.00;802;156;20;-490.62;0
406;6;6;Colonie naine;Nains;0;0;19;5;11;1;0.66;3;1.00;0;12;0;0;3;1;0;0;0.00;542;109;20;-1184.13;0
406;7;1;Première colonie;Humains;0;0;26;3;17;1;0.71;0;1.00;0;13;0;4;7;1;0;0;0.00;2;79;20;-1035.54;0
406;7;2;Colonie naine;Nains;0;0;30;8;13;1;0.66;2;1.00;0;13;0;0;5;0;0;0;0.00;117;132;20;-862.42;0
406;7;3;Colonie elfe;Elfes;0;0;24;5;21;1;0.70;0;1.00;10;13;0;2;6;1;0;0;0.00;431;78;20;-1094.11;0
406;7;4;Colonie orque;Orques;0;0;0;0;9;1;0.00;0;1.00;0;7;0;0;6;14;0;0;0.00;642;0;14;-308.59;1
406;7;5;Colonie humaine;Humains;0;0;30;2;29;2;0.75;0;1.00;0;13;0;16;6;2;0;0;0.00;616;165;20;-661.47;0
406;7;6;Colonie naine;Nains;0;0;21;6;17;1;0.68;0;1.00;0;13;0;0;5;1;0;0;0.00;484;100;20;-1257.04;0
406;8;1;Première colonie;Humains;0;0;28;4;18;2;0.69;0;1.00;0;14;0;4;7;2;0;0;0.00;2;130;20;-1127.82;0
406;8;2;Colonie naine;Nains;0;0;31;6;20;2;0.66;0;1.00;0;13;0;0;7;1;0;0;0.00;0;152;20;-1053.54;0
406;8;3;Colonie elfe;Elfes;0;0;24;5;22;1;0.73;0;1.00;10;14;0;2;6;1;0;0;0.00;322;51;20;-1125.28;0
406;8;4;Colonie orque;Orques;0;0;0;0;9;1;0.00;0;1.00;0;7;0;0;6;14;0;0;0.00;642;0;14;-308.59;1
406;8;5;Colonie humaine;Humains;0;0;31;2;34;2;0.74;0;1.00;0;14;0;17;6;2;0;0;0.00;727;170;20;-803.71;0
406;8;6;Colonie naine;Nains;0;0;21;6;20;1;0.67;0;1.00;0;13;0;1;5;1;0;0;0.00;559;123;20;-1538.25;0
406;9;1;Première colonie;Humains;0;0;30;4;20;2;0.71;0;1.00;0;14;0;4;8;3;0;0;0.00;2;147;20;-1127.82;0
406;9;2;Colonie naine;Nains;0;0;32;6;20;2;0.69;0;1.00;0;14;0;0;7;1;0;0;0.00;107;135;20;-1226.00;0
406;9;3;Colonie elfe;Elfes;0;0;24;5;22;1;0.68;0;1.00;10;14;0;2;6;1;0;0;0.00;229;46;20;-1125.28;0
406;9;4;Colonie orque;Orques;0;0;0;0;9;1;0.00;0;1.00;0;7;0;0;6;14;0;0;0.00;642;0;14;-308.59;1
406;9;5;Colonie humaine;Humains;0;0;30;3;34;2;0.71;0;1.00;0;15;0;17;6;5;0;0;0.00;653;176;20;-1023.43;0
406;9;6;Colonie naine;Nains;0;0;22;6;20;1;0.68;0;1.00;0;14;0;2;5;1;0;0;0.00;395;117;20;-1800.97;0
406;10;1;Première colonie;Humains;0;0;26;4;20;2;0.69;0;1.00;0;15;0;4;8;8;0;0;0.00;2;141;20;-1295.03;0
406;10;2;Colonie naine;Nains;0;0;35;9;21;2;0.65;0;1.00;0;15;0;0;7;2;0;0;0.00;76;102;20;-1518.29;0
406;10;3;Colonie elfe;Elfes;0;0;27;6;22;1;0.73;0;1.00;10;15;0;2;6;1;0;0;0.00;258;55;20;-1110.64;0
406;10;4;Colonie orque;Orques;0;0;0;0;9;1;0.00;0;1.00;0;7;0;0;6;14;0;0;0.00;642;0;14;-308.59;1
406;10;5;Colonie humaine;Humains;0;0;27;2;38;2;0.73;0;1.00;0;16;0;17;6;8;0;0;0.00;1078;165;20;-1223.00;0
406;10;6;Colonie naine;Nains;0;0;26;6;20;1;0.69;2;1.00;0;15;0;2;5;1;0;0;0.00;64;112;20;-2110.91;0
406;11;1;Première colonie;Humains;0;0;22;3;23;2;0.59;0;1.00;0;16;0;4;8;12;0;0;0.00;2;52;20;-1454.11;0
406;11;2;Colonie naine;Nains;0;0;34;7;22;3;0.67;0;1.00;0;16;0;0;7;3;0;0;0.00;84;90;20;-1587.65;0
406;11;3;Colonie elfe;Elfes;0;0;27;6;22;1;0.73;0;1.00;10;16;0;2;6;1;0;0;0.00;194;35;20;-1146.17;1
406;11;4;Colonie orque;Orques;0;0;0;0;9;1;0.00;0;1.00;0;7;0;0;6;14;0;0;0.00;642;0;14;-308.59;1
406;11;5;Colonie humaine;Humains;0;0;24;2;41;2;0.72;0;1.00;0;17;0;17;6;12;0;0;0.00;1187;151;20;-1360.21;0
406;11;6;Colonie naine;Nains;0;0;28;7;20;2;0.69;0;1.00;0;15;0;2;5;1;0;0;0.00;60;113;20;-2195.96;0
406;12;1;Première colonie;Humains;0;0;24;4;23;2;0.68;0;1.00;0;16;0;4;8;14;0;0;0.00;2;115;20;-1454.11;0
406;12;2;Colonie naine;Nains;0;0;34;6;23;3;0.67;0;1.00;0;16;0;0;8;3;0;0;0.00;18;215;20;-1587.65;0
406;12;3;Colonie elfe;Elfes;0;0;10;5;22;1;0.76;0;1.00;10;16;0;2;7;2;0;0;0.00;186;37;20;-1146.17;1
406;12;4;Colonie orque;Orques;0;0;0;0;9;1;0.00;0;1.00;0;7;0;0;6;14;0;0;0.00;642;0;14;-308.59;1
406;12;5;Colonie humaine;Humains;0;0;25;1;42;2;0.72;0;1.00;0;18;0;17;6;15;0;0;0.00;1288;118;20;-1628.02;0
406;12;6;Colonie naine;Nains;0;0;29;5;21;2;0.69;0;1.00;0;16;0;2;6;1;0;0;0.00;18;131;20;-2279.30;0
406;13;1;Première colonie;Humains;0;0;23;5;23;2;0.71;0;1.00;0;17;0;6;8;16;0;0;0.00;2;92;20;-1662.58;0
406;13;2;Colonie naine;Nains;0;0;34;4;24;3;0.69;0;1.00;0;17;0;0;11;3;0;0;0.00;104;172;20;-1587.65;0
406;13;3;Colonie elfe;Elfes;0;0;10;4;22;1;0.78;0;1.00;10;17;0;3;7;2;0;0;0.00;435;62;20;-1146.17;1
406;13;4;Colonie orque;Orques;0;0;0;0;9;1;0.00;0;1.00;0;7;0;0;6;14;0;0;0.00;642;0;14;-308.59;1
406;13;5;Colonie humaine;Humains;0;0;27;2;42;2;0.73;0;1.00;0;19;0;17;6;18;0;0;0.00;819;134;20;-1782.75;0
406;13;6;Colonie naine;Nains;0;0;30;4;21;2;0.68;1;1.00;0;17;0;2;7;1;0;0;0.00;7;129;20;-2419.52;0
406;14;1;Première colonie;Humains;0;0;24;5;23;2;0.69;0;1.00;0;17;0;11;8;17;0;0;0.00;5;123;20;-1662.58;0
406;14;2;Colonie naine;Nains;0;0;36;4;26;3;0.68;0;1.00;0;18;0;0;12;3;0;0;0.00;51;133;20;-1652.86;0
406;14;3;Colonie elfe;Elfes;0;0;10;4;22;1;0.75;0;1.00;10;17;0;3;7;2;0;0;0.00;510;45;20;-1146.17;1
406;14;4;Colonie orque;Orques;0;0;0;0;9;1;0.00;0;1.00;0;7;0;0;6;14;0;0;0.00;642;0;14;-308.59;1
406;14;5;Colonie humaine;Humains;0;0;30;2;43;2;0.71;0;1.00;0;19;0;17;7;20;0;0;0.00;849;145;20;-2206.43;0
406;14;6;Colonie naine;Nains;0;0;30;4;21;2;0.68;1;1.00;0;19;0;2;8;1;0;0;0.00;132;119;20;-2572.62;0
406;15;1;Première colonie;Humains;0;0;28;4;23;2;0.62;0;1.00;0;19;0;18;8;17;0;0;0.00;0;140;20;-1865.04;0
406;15;2;Colonie naine;Nains;0;0;37;4;26;3;0.66;0;1.00;0;19;0;0;12;3;0;0;0.00;16;126;20;-1727.72;0
406;15;3;Colonie elfe;Elfes;0;0;12;3;22;1;0.70;0;1.00;10;19;0;11;7;2;0;0;0.00;49;57;20;-1269.69;1
406;15;4;Colonie orque;Orques;0;0;0;0;9;1;0.00;0;1.00;0;7;0;0;6;14;0;0;0.00;642;0;14;-308.59;1
406;15;5;Colonie humaine;Humains;0;0;31;4;43;2;0.76;0;1.00;0;19;0;24;7;23;0;0;0.00;1242;184;20;-2406.99;0
406;15;6;Colonie naine;Nains;0;0;30;3;24;2;0.66;1;1.00;0;19;0;2;8;1;0;0;0.00;133;73;20;-2698.98;0
406;16;1;Première colonie;Humains;0;0;30;4;23;2;0.72;0;1.00;0;19;0;18;8;18;0;0;0.00;0;158;20;-1988.49;0
406;16;2;Colonie naine;Nains;0;0;32;0;26;3;0.67;0;1.00;0;19;0;0;12;8;0;0;0.00;12;96;20;-1727.72;0
406;16;3;Colonie elfe;Elfes;0;0;12;2;22;1;0.77;0;1.00;10;19;0;12;7;2;0;0;0.00;87;61;20;-1421.32;1
406;16;4;Colonie orque;Orques;0;0;0;0;9;1;0.00;0;1.00;0;7;0;0;6;14;0;0;0.00;642;0;14;-308.59;1
406;16;5;Colonie humaine;Humains;0;0;34;5;43;2;0.73;2;1.00;0;19;0;24;7;24;0;0;0.00;1290;170;20;-2712.65;0
406;16;6;Colonie naine;Nains;0;0;28;1;26;2;0.67;0;1.00;0;19;0;2;8;3;0;0;0.00;81;84;20;-2698.98;0
406;17;1;Première colonie;Humains;0;0;32;4;24;2;0.70;3;1.00;0;19;0;22;8;19;0;0;0.00;5;120;20;-2238.60;0
406;17;2;Colonie naine;Nains;0;0;34;1;26;3;0.63;0;1.00;0;19;0;0;12;9;0;0;0.00;13;87;20;-1811.51;0
406;17;3;Colonie elfe;Elfes;0;0;12;1;24;1;0.73;0;1.00;10;19;0;15;7;2;0;0;0.00;56;79;20;-1636.65;1
406;17;4;Colonie orque;Orques;0;0;0;0;9;1;0.00;0;1.00;0;7;0;0;6;14;0;0;0.00;642;0;14;-308.59;1
406;17;5;Colonie humaine;Humains;0;0;33;4;43;2;0.73;1;1.00;0;19;0;24;7;25;0;0;0.00;1235;204;20;-2794.01;0
406;17;6;Colonie naine;Nains;0;0;27;0;28;2;0.69;0;1.00;0;19;0;2;9;4;0;0;0.00;189;99;20;-2768.65;0
406;18;1;Première colonie;Humains;0;0;31;2;24;2;0.72;3;1.00;0;19;0;23;8;20;0;0;0.00;82;154;20;-2345.23;0
406;18;2;Colonie naine;Nains;0;0;31;1;26;3;0.65;0;1.00;0;19;0;0;12;12;0;0;0.00;98;112;20;-1852.61;0
406;18;3;Colonie elfe;Elfes;0;0;15;1;24;1;0.78;0;1.00;10;19;0;16;7;2;0;0;0.00;118;79;20;-1846.90;1
406;18;4;Colonie orque;Orques;0;0;0;0;9;1;0.00;0;1.00;0;7;0;0;6;14;0;0;0.00;642;0;14;-308.59;1
406;18;5;Colonie humaine;Humains;0;0;35;2;43;2;0.70;3;1.00;0;19;0;24;7;25;0;0;0.00;833;204;20;-3046.64;0
406;18;6;Colonie naine;Nains;0;0;27;0;30;2;0.70;0;1.00;0;19;0;2;9;5;0;0;0.00;355;82;20;-2768.65;0
406;19;1;Première colonie;Humains;0;0;33;3;24;2;0.72;5;1.00;0;19;0;23;8;22;0;0;0.00;57;150;20;-2697.24;0
406;19;2;Colonie naine;Nains;0;0;30;1;25;3;0.64;0;1.00;0;19;0;0;12;13;0;0;0.00;73;108;20;-1944.43;0
406;19;3;Colonie elfe;Elfes;0;0;17;1;24;1;0.73;0;1.00;10;19;0;16;7;2;0;0;0.00;142;72;20;-2097.50;1
406;19;4;Colonie orque;Orques;0;0;0;0;9;1;0.00;0;1.00;0;7;0;0;6;14;0;0;0.00;642;0;14;-308.59;1
406;19;5;Colonie humaine;Humains;0;0;36;0;43;2;0.74;4;1.00;0;19;0;24;7;26;0;0;0.00;954;197;20;-3267.35;0
406;19;6;Colonie naine;Nains;0;0;27;0;30;2;0.67;0;1.00;0;19;0;2;9;5;0;0;0.00;337;74;20;-2859.79;0
406;20;1;Première colonie;Humains;0;0;33;2;24;2;0.69;5;1.00;0;19;0;23;8;22;0;0;0.00;43;160;20;-2896.26;0
406;20;2;Colonie naine;Nains;0;0;28;1;26;3;0.66;0;1.00;0;19;0;0;12;15;0;0;0.00;74;103;20;-1998.17;0
406;20;3;Colonie elfe;Elfes;0;0;20;1;24;1;0.76;0;1.00;10;19;0;16;7;2;0;0;0.00;133;99;20;-2213.27;1
406;20;4;Colonie orque;Orques;0;0;0;0;9;1;0.00;0;1.00;0;7;0;0;6;14;0;0;0.00;642;0;14;-308.59;1
406;20;5;Colonie humaine;Humains;0;0;37;1;43;2;0.71;5;1.00;0;19;0;24;7;28;0;0;0.00;853;227;20;-3434.42;0
406;20;6;Colonie naine;Nains;0;0;26;0;30;2;0.64;0;1.00;0;19;0;2;9;6;0;0;0.00;364;50;20;-2859.79;0
406;21;1;Première colonie;Humains;0;0;32;4;24;2;0.70;4;1.00;0;19;0;23;8;25;0;0;0.00;5;158;20;-3056.52;0
406;21;2;Colonie naine;Nains;0;0;28;1;26;3;0.69;0;1.00;0;19;0;0;12;17;0;0;0.00;66;78;20;-1998.17;0
406;21;3;Colonie elfe;Elfes;0;0;25;1;24;1;0.72;0;1.00;20;19;0;16;7;2;0;0;0.00;292;128;20;-2288.63;1
406;21;4;Colonie orque;Orques;0;0;0;0;9;1;0.00;0;1.00;0;7;0;0;6;14;0;0;0.00;642;0;14;-308.59;1
406;21;5;Colonie humaine;Humains;0;0;38;2;43;2;0.72;6;1.00;0;19;0;24;7;30;0;0;0.00;631;177;20;-3548.80;0
406;21;6;Colonie naine;Nains;0;0;26;1;30;2;0.56;0;1.00;0;19;0;2;9;7;0;0;0.00;322;37;20;-2925.89;0
406;22;1;Première colonie;Humains;0;0;33;4;24;2;0.69;5;1.00;0;19;0;23;8;26;0;0;0.00;35;137;20;-3220.28;0
406;22;2;Colonie naine;Nains;0;0;27;3;23;2;0.66;0;1.00;0;19;0;3;12;20;0;0;0.00;3;84;20;-2072.32;0
406;22;3;Colonie elfe;Elfes;0;0;27;1;24;1;0.75;0;1.00;20;19;0;16;7;2;0;0;0.00;375;159;20;-2399.54;1
406;22;4;Colonie orque;Orques;0;0;0;0;9;1;0.00;0;1.00;0;7;0;0;6;14;0;0;0.00;642;0;14;-308.59;1
406;22;5;Colonie humaine;Humains;0;0;37;3;43;2;0.70;5;1.00;0;19;0;24;8;32;0;0;0.00;623;159;20;-3749.43;0
406;22;6;Colonie naine;Nains;0;0;20;1;30;2;0.68;0;1.00;0;19;0;2;9;7;0;0;0.00;437;110;20;-2925.89;0
406;23;1;Première colonie;Humains;0;0;33;5;24;2;0.70;5;1.00;0;19;0;23;8;28;0;0;0.00;6;171;20;-3309.18;0
406;23;2;Colonie naine;Nains;0;0;27;2;22;2;0.64;0;1.00;0;19;0;2;12;20;0;0;0.00;57;88;20;-2097.73;0
406;23;3;Colonie elfe;Elfes;0;0;29;3;24;1;0.78;1;1.00;20;19;0;16;7;2;0;0;0.00;407;150;20;-2529.76;1
406;23;4;Colonie orque;Orques;0;0;0;0;9;1;0.00;0;1.00;0;7;0;0;6;14;0;0;0.00;642;0;14;-308.59;1
406;23;5;Colonie humaine;Humains;0;0;34;2;43;2;0.72;2;1.00;0;19;0;25;8;35;0;0;0.00;370;172;20;-3952.33;0
406;23;6;Colonie naine;Nains;0;0;20;2;30;2;0.71;0;1.00;0;19;0;2;9;9;0;0;0.00;209;113;20;-3007.37;0
406;24;1;Première colonie;Humains;0;0;31;5;24;2;0.69;3;1.00;0;19;0;23;8;32;0;0;0.00;2;150;20;-3526.80;0
406;24;2;Colonie naine;Nains;0;0;27;2;22;2;0.67;0;1.00;0;19;0;3;12;21;0;0;0.00;4;129;20;-2097.73;0
406;24;3;Colonie elfe;Elfes;0;0;29;3;24;1;0.74;1;1.00;20;19;0;16;7;2;0;0;0.00;490;153;20;-2564.59;1
406;24;4;Colonie orque;Orques;0;0;0;0;9;1;0.00;0;1.00;0;7;0;0;6;14;0;0;0.00;642;0;14;-308.59;1
406;24;5;Colonie humaine;Humains;0;0;37;2;43;2;0.73;5;1.00;0;19;0;25;8;36;0;0;0.00;465;185;20;-4093.13;0
406;24;6;Colonie naine;Nains;0;0;21;2;30;2;0.73;0;1.00;0;19;0;5;9;9;0;0;0.00;309;113;20;-3244.15;0
406;25;1;Première colonie;Humains;0;0;34;6;24;2;0.69;6;1.00;0;19;0;23;8;32;0;0;0.00;4;188;20;-3797.15;0
406;25;2;Colonie naine;Nains;0;0;27;4;22;2;0.67;0;1.00;0;19;0;8;12;23;0;0;0.00;8;151;20;-2169.79;0
406;25;3;Colonie elfe;Elfes;0;0;31;4;24;1;0.77;3;1.00;20;19;0;16;7;2;0;0;0.00;468;129;20;-2800.82;1
406;25;4;Colonie orque;Orques;0;0;0;0;9;1;0.00;0;1.00;0;7;0;0;6;14;0;0;0.00;642;0;14;-308.59;1
406;25;5;Colonie humaine;Humains;0;0;33;2;43;2;0.70;1;1.00;0;19;0;26;8;41;0;0;0.00;435;169;20;-4287.29;0
406;25;6;Colonie naine;Nains;0;0;22;3;30;2;0.75;0;1.00;0;19;0;8;9;12;0;0;0.00;400;134;20;-3442.83;0
406;26;1;Première colonie;Humains;0;0;33;5;24;2;0.68;5;1.00;0;19;0;23;8;33;0;0;0.00;7;187;20;-3842.51;0
406;26;2;Colonie naine;Nains;0;0;30;6;22;2;0.68;0;1.00;0;19;0;7;12;23;0;0;0.00;8;166;20;-2326.63;0
406;26;3;Colonie elfe;Elfes;0;0;31;4;24;1;0.74;3;1.00;20;19;0;16;7;2;0;0;0.00;587;140;20;-2874.04;1
406;26;4;Colonie orque;Orques;0;0;0;0;9;1;0.00;0;1.00;0;7;0;0;6;14;0;0;0.00;642;0;14;-308.59;1
406;26;5;Colonie humaine;Humains;0;0;33;3;43;2;0.73;1;1.00;0;19;0;26;8;45;0;0;0.00;364;196;20;-4373.36;0
406;26;6;Colonie naine;Nains;0;0;23;3;31;2;0.69;0;1.00;0;19;0;10;9;12;0;0;0.00;423;137;20;-3491.71;0
406;27;1;Première colonie;Humains;0;0;30;4;24;2;0.69;2;1.00;0;19;0;23;8;37;0;0;0.00;27;178;20;-3968.49;0
406;27;2;Colonie naine;Nains;0;0;36;8;23;2;0.66;0;1.00;0;19;0;9;12;24;0;0;0.00;8;204;20;-2527.34;0
406;27;3;Colonie elfe;Elfes;0;0;32;5;24;1;0.78;4;1.00;20;19;0;16;8;2;0;0;0.00;580;145;20;-3004.73;1
406;27;4;Colonie orque;Orques;0;0;0;0;9;1;0.00;0;1.00;0;7;0;0;6;14;0;0;0.00;642;0;14;-308.59;1
406;27;5;Colonie humaine;Humains;0;0;31;2;43;2;0.75;0;1.00;0;19;0;26;8;49;0;0;0.00;172;186;20;-4575.37;0
406;27;6;Colonie naine;Nains;0;0;22;2;31;2;0.78;0;1.00;0;19;0;10;9;14;0;0;0.00;593;124;20;-3551.78;0
406;28;1;Première colonie;Humains;0;0;31;3;26;3;0.70;0;1.00;0;19;0;23;8;40;0;0;0.00;22;174;20;-4044.55;0
406;28;2;Colonie naine;Nains;0;0;37;6;24;2;0.66;0;1.00;0;19;0;9;12;25;0;0;0.00;8;147;20;-2630.50;0
406;28;3;Colonie elfe;Elfes;0;0;34;6;24;1;0.76;6;1.00;20;19;0;16;8;2;0;0;0.00;601;194;20;-3242.57;1
406;28;4;Colonie orque;Orques;0;0;0;0;9;1;0.00;0;1.00;0;7;0;0;6;14;0;0;0.00;642;0;14;-308.59;1
406;28;5;Colonie humaine;Humains;0;0;34;3;44;3;0.73;0;1.00;0;19;0;26;8;49;0;0;0.00;357;206;20;-4913.25;0
406;28;6;Colonie naine;Nains;0;0;25;5;31;2;0.70;0;1.00;0;19;0;12;9;14;0;0;0.00;332;129;20;-3720.19;0
406;29;1;Première colonie;Humains;0;0;31;6;26;3;0.70;0;1.00;0;19;0;23;9;43;0;0;0.00;1;166;20;-4187.39;0
406;29;2;Colonie naine;Nains;0;0;38;7;24;2;0.63;0;1.00;0;19;0;3;12;25;0;0;0.00;49;41;20;-2694.58;0
406;29;3;Colonie elfe;Elfes;0;0;38;7;26;2;0.75;6;1.00;20;19;0;16;9;2;0;0;0.00;567;189;20;-3464.72;1
406;29;4;Colonie orque;Orques;0;0;0;0;9;1;0.00;0;1.00;0;7;0;0;6;14;0;0;0.00;642;0;14;-308.59;1
406;29;5;Colonie humaine;Humains;0;0;30;2;45;3;0.76;0;1.00;0;19;0;26;9;56;0;0;0.00;314;263;20;-5013.06;0
406;29;6;Colonie naine;Nains;0;0;24;4;31;2;0.68;0;1.00;0;19;0;14;9;15;0;0;0.00;418;132;20;-3920.79;0
406;30;1;Première colonie;Humains;0;0;31;6;27;3;0.72;0;1.00;0;19;0;23;9;44;0;0;0.00;0;236;20;-4261.65;0
406;30;2;Colonie naine;Nains;0;0;38;7;24;3;0.65;0;1.00;0;19;0;3;12;25;0;0;0.00;20;104;20;-2694.58;0
406;30;3;Colonie elfe;Elfes;0;0;39;7;26;2;0.73;6;1.00;20;19;0;16;10;2;0;0;0.00;738;130;20;-3572.97;1
406;30;4;Colonie orque;Orques;0;0;0;0;9;1;0.00;0;1.00;0;7;0;0;6;14;0;0;0.00;642;0;14;-308.59;1
406;30;5;Colonie humaine;Humains;0;0;36;4;45;3;0.72;0;1.00;0;19;0;26;9;57;0;0;0.00;161;196;20;-5282.89;0
406;30;6;Colonie naine;Nains;0;0;26;4;31;2;0.71;2;1.00;0;19;0;17;9;16;0;0;0.00;430;154;20;-3973.34;0
406;31;1;Première colonie;Humains;0;0;37;8;32;4;0.71;1;1.00;0;19;0;24;9;45;0;0;0.00;115;256;20;-4390.17;0
406;31;2;Colonie naine;Nains;0;0;38;5;24;3;0.65;0;1.00;0;19;0;3;12;25;0;0;0.00;85;58;20;-2694.58;0
406;31;3;Colonie elfe;Elfes;0;0;40;7;33;3;0.71;3;1.00;20;19;0;14;10;2;0;0;0.00;543;182;20;-3685.87;1
406;31;4;Colonie orque;Orques;0;0;0;0;9;1;0.00;0;1.00;0;7;0;0;6;14;0;0;0.00;642;0;14;-308.59;1
406;31;5;Colonie humaine;Humains;0;0;38;3;46;3;0.69;1;1.00;0;19;0;26;9;58;0;0;0.00;57;201;20;-5390.67;0
406;31;6;Colonie naine;Nains;0;0;27;4;31;2;0.69;3;1.00;10;19;0;17;9;17;0;0;0.00;492;155;20;-4204.09;0
406;32;1;Première colonie;Humains;0;0;41;7;32;4;0.68;4;1.00;0;19;0;28;10;46;0;0;0.00;129;207;20;-4475.48;0
406;32;2;Colonie naine;Nains;0;0;39;4;24;3;0.64;0;1.00;0;19;0;3;13;25;0;0;0.00;76;57;20;-2694.58;0
406;32;3;Colonie elfe;Elfes;0;0;42;8;34;3;0.73;5;1.00;20;19;0;11;11;2;0;0;0.00;429;176;20;-3848.20;1
406;32;4;Colonie orque;Orques;0;0;0;0;9;1;0.00;0;1.00;0;7;0;0;6;14;0;0;0.00;642;0;14;-308.59;1
406;32;5;Colonie humaine;Humains;0;0;41;6;46;3;0.68;5;1.00;0;19;0;26;9;60;0;0;0.00;128;212;20;-5588.06;0
406;32;6;Colonie naine;Nains;0;0;29;5;33;3;0.71;0;1.00;10;19;0;17;10;18;0;0;0.00;589;173;20;-4221.15;0
406;33;1;Première colonie;Humains;0;0;39;8;33;4;0.69;2;1.00;0;19;0;28;10;51;0;0;0.00;218;193;20;-4558.00;0
406;33;2;Colonie naine;Nains;0;0;39;2;25;3;0.63;0;1.00;0;19;0;0;14;25;0;0;0.00;26;59;20;-2694.58;0
406;33;3;Colonie elfe;Elfes;0;0;41;8;34;3;0.70;4;1.00;20;19;0;8;11;3;0;0;0.00;77;127;20;-3897.53;1
406;33;4;Colonie orque;Orques;0;0;0;0;9;1;0.00;0;1.00;0;7;0;0;6;14;0;0;0.00;642;0;14;-308.59;1
406;33;5;Colonie humaine;Humains;0;0;39;4;46;3;0.73;4;1.00;0;19;0;26;10;62;0;0;0.00;225;219;20;-5725.72;0
406;33;6;Colonie naine;Nains;0;0;32;6;33;3;0.73;3;1.00;10;19;0;17;10;18;0;0;0.00;733;192;20;-4329.68;0
406;34;1;Première colonie;Humains;0;0;41;5;34;4;0.69;5;1.00;0;19;0;28;11;53;0;0;0.00;56;210;20;-4660.86;0
406;34;2;Colonie naine;Nains;0;0;37;2;25;3;0.67;0;1.00;0;19;0;0;14;27;0;0;0.00;30;68;20;-2759.65;0
406;34;3;Colonie elfe;Elfes;0;0;43;10;34;3;0.68;4;1.00;20;19;0;4;11;3;0;0;0.00;61;122;20;-3918.49;1
406;34;4;Colonie orque;Orques;0;0;0;0;9;1;0.00;0;1.00;0;7;0;0;6;14;0;0;0.00;642;0;14;-308.59;1
406;34;5;Colonie humaine;Humains;0;0;39;5;46;3;0.72;4;1.00;0;19;0;26;10;64;0;0;0.00;293;200;20;-5824.57;0
406;34;6;Colonie naine;Nains;0;0;35;5;34;3;0.70;5;1.00;10;19;0;17;10;18;0;0;0.00;798;231;20;-4586.65;0
406;35;1;Première colonie;Humains;0;0;41;5;35;4;0.70;6;1.00;0;19;0;28;11;54;0;0;0.00;30;177;20;-4684.75;0
406;35;2;Colonie naine;Nains;0;0;38;2;25;3;0.61;0;1.00;0;19;0;0;14;27;0;0;0.00;15;63;20;-2786.73;0
406;35;3;Colonie elfe;Elfes;0;0;29;8;37;3;0.70;0;1.00;20;19;0;4;12;4;0;0;0.00;151;158;20;-3935.25;1
406;35;4;Colonie orque;Orques;0;0;0;0;9;1;0.00;0;1.00;0;7;0;0;6;14;0;0;0.00;642;0;14;-308.59;1
406;35;5;Colonie humaine;Humains;0;0;35;3;46;3;0.72;1;1.00;0;19;0;26;10;69;0;0;0.00;252;195;20;-6058.79;0
406;35;6;Colonie naine;Nains;0;0;36;6;35;3;0.68;6;1.00;10;19;0;17;11;18;0;0;0.00;820;184;20;-4772.48;0
406;36;1;Première colonie;Humains;0;0;40;4;35;4;0.71;6;1.00;0;19;0;28;12;57;0;0;0.00;14;193;20;-4798.77;0
406;36;2;Colonie naine;Nains;0;0;37;2;25;3;0.64;0;1.00;0;19;0;0;14;28;0;0;0.00;23;69;20;-2786.73;0
406;36;3;Colonie elfe;Elfes;0;0;30;8;38;3;0.72;0;1.00;20;19;0;11;12;5;0;0;0.00;84;178;20;-4047.61;1
406;36;4;Colonie orque;Orques;0;0;0;0;9;1;0.00;0;1.00;0;7;0;0;6;14;0;0;0.00;642;0;14;-308.59;1
406;36;5;Colonie humaine;Humains;0;0;33;3;46;3;0.74;0;1.00;0;19;0;26;10;72;0;0;0.00;256;197;20;-6209.87;0
406;36;6;Colonie naine;Nains;0;0;36;7;35;3;0.71;6;1.00;10;19;0;17;11;19;0;0;0.00;899;218;20;-4856.92;0
406;37;1;Première colonie;Humains;0;0;40;4;35;4;0.69;6;1.00;0;19;0;28;12;58;0;0;0.00;14;200;20;-4842.09;0
406;37;2;Colonie naine;Nains;0;0;36;2;26;3;0.63;0;1.00;0;19;0;0;14;29;0;0;0.00;23;96;20;-2841.80;0
406;37;3;Colonie elfe;Elfes;0;0;35;9;39;3;0.71;0;1.00;20;19;0;13;12;5;0;0;0.00;184;214;20;-4070.88;1
406;37;4;Colonie orque;Orques;0;0;0;0;9;1;0.00;0;1.00;0;7;0;0;6;14;0;0;0.00;642;0;14;-308.59;1
406;37;5;Colonie humaine;Humains;0;0;39;3;46;3;0.71;6;1.00;0;19;0;26;10;72;0;0;0.00;31;235;20;-6235.33;0
406;37;6;Colonie naine;Nains;0;0;38;8;35;3;0.70;7;1.00;10;19;0;17;11;19;0;0;0.00;937;220;20;-4929.55;0
406;38;1;Première colonie;Humains;0;0;38;3;35;4;0.72;5;1.00;0;19;0;28;12;60;0;0;0.00;37;173;20;-4870.69;0
406;38;2;Colonie naine;Nains;0;0;34;1;26;3;0.67;0;1.00;0;19;0;0;14;31;0;0;0.00;26;77;20;-2841.80;0
406;38;3;Colonie elfe;Elfes;0;0;35;9;39;3;0.73;0;1.00;20;19;0;16;12;5;0;0;0.00;252;192;20;-4206.67;1
406;38;4;Colonie orque;Orques;0;0;0;0;9;1;0.00;0;1.00;0;7;0;0;6;14;0;0;0.00;642;0;14;-308.59;1
406;38;5;Colonie humaine;Humains;0;0;36;2;46;3;0.71;3;1.00;0;19;0;26;10;75;0;0;0.00;101;187;20;-6326.56;0
406;38;6;Colonie naine;Nains;0;0;38;7;35;3;0.68;7;1.00;10;19;0;17;11;19;0;0;0.00;811;202;20;-5152.27;0
406;39;1;Première colonie;Humains;0;0;38;2;35;4;0.73;5;1.00;0;19;0;28;12;61;0;0;0.00;29;193;20;-4900.87;0
406;39;2;Colonie naine;Nains;0;0;34;2;27;3;0.63;0;1.00;0;19;0;0;14;32;0;0;0.00;26;79;20;-2893.50;0
406;39;3;Colonie elfe;Elfes;0;0;37;9;39;3;0.75;0;1.00;20;19;0;16;12;7;0;0;0.00;540;196;20;-4121.93;1
406;39;4;Colonie orque;Orques;0;0;0;0;9;1;0.00;0;1.00;0;7;0;0;6;14;0;0;0.00;642;0;14;-308.59;1
406;39;5;Colonie humaine;Humains;0;0;36;3;46;3;0.74;3;1.00;0;19;0;26;10;79;0;0;0.00;3;207;20;-6462.98;0
406;39;6;Colonie naine;Nains;0;0;39;7;35;3;0.72;8;1.00;10;19;0;17;12;19;0;0;0.00;542;195;20;-5284.42;0
406;40;1;Première colonie;Humains;0;0;37;2;36;4;0.67;5;1.00;0;19;0;28;12;63;0;0;0.00;8;145;20;-4989.91;0
406;40;2;Colonie naine;Nains;0;0;32;2;27;3;0.64;0;1.00;0;19;0;0;14;34;0;0;0.00;86;69;20;-2936.63;0
406;40;3;Colonie elfe;Elfes;0;0;39;9;39;3;0.73;0;1.00;20;19;0;16;12;7;0;0;0.00;576;199;20;-4177.85;1
406;40;4;Colonie orque;Orques;0;0;0;0;9;1;0.00;0;1.00;0;7;0;0;6;14;0;0;0.00;642;0;14;-308.59;1
406;40;5;Colonie humaine;Humains;0;0;35;1;46;3;0.73;2;1.00;0;19;0;26;10;81;0;0;0.00;8;280;20;-6496.32;0
406;40;6;Colonie naine;Nains;0;0;39;5;35;3;0.71;8;1.00;10;19;0;17;12;19;0;0;0.00;516;169;20;-5359.46;0
406;41;1;Première colonie;Humains;0;0;35;2;37;4;0.70;3;1.00;0;19;0;28;12;65;0;0;0.00;8;174;20;-5106.83;0
406;41;2;Colonie naine;Nains;0;0;31;1;27;3;0.67;0;1.00;0;19;0;0;14;35;0;0;0.00;47;77;20;-2970.33;0
406;41;3;Colonie elfe;Elfes;0;0;43;9;39;3;0.75;4;1.00;20;19;0;16;12;7;0;0;0.00;643;193;20;-4304.69;1
406;41;4;Colonie orque;Orques;0;0;0;0;9;1;0.00;0;1.00;0;7;0;0;6;14;0;0;0.00;642;0;14;-308.59;1
406;41;5;Colonie humaine;Humains;0;0;36;2;46;3;0.73;3;1.00;0;19;0;27;10;84;0;0;0.00;9;199;20;-6546.00;0
406;41;6;Colonie naine;Nains;0;0;40;6;35;3;0.66;9;1.00;10;19;0;17;13;20;0;0;0.00;472;180;20;-5528.56;0
406;42;1;Première colonie;Humains;0;0;36;4;37;4;0.69;4;1.00;0;19;0;28;12;68;0;0;0.00;20;176;20;-5171.52;0
406;42;2;Colonie naine;Nains;0;0;29;2;27;3;0.62;0;1.00;0;19;0;0;14;38;0;0;0.00;89;70;20;-2970.33;0
406;42;3;Colonie elfe;Elfes;0;0;42;8;39;3;0.75;4;1.00;20;19;0;16;12;8;0;0;0.00;564;184;20;-4415.39;1
406;42;4;Colonie orque;Orques;0;0;0;0;9;1;0.00;0;1.00;0;7;0;0;6;14;0;0;0.00;642;0;14;-308.59;1
406;42;5;Colonie humaine;Humains;0;0;37;3;46;3;0.73;4;1.00;0;19;0;28;10;89;0;0;0.00;43;175;20;-6562.19;0
406;42;6;Colonie naine;Nains;0;0;39;5;35;3;0.66;9;1.00;10;19;0;11;13;21;0;0;0.00;472;134;20;-5583.38;0
406;43;1;Première colonie;Humains;0;0;37;4;37;4;0.68;5;1.00;0;19;0;28;12;69;0;0;0.00;5;184;20;-5230.85;0
406;43;2;Colonie naine;Nains;0;0;27;2;27;3;0.67;0;1.00;0;19;0;0;14;40;0;0;0.00;18;128;20;-3041.21;0
406;43;3;Colonie elfe;Elfes;0;0;41;8;39;3;0.72;4;1.00;20;19;0;14;12;9;0;0;0.00;449;146;20;-4573.41;1
406;43;4;Colonie orque;Orques;0;0;0;0;9;1;0.00;0;1.00;0;7;0;0;6;14;0;0;0.00;642;0;14;-308.59;1
406;43;5;Colonie humaine;Humains;0;0;40;4;46;3;0.70;7;1.00;0;19;0;28;10;89;0;0;0.00;3;182;20;-6639.00;0
406;43;6;Colonie naine;Nains;0;0;39;3;35;3;0.67;9;1.00;10;19;0;5;13;21;0;0;0.00;592;102;20;-5697.51;0
406;44;1;Première colonie;Humains;0;0;37;7;37;4;0.68;5;1.00;0;19;0;28;12;73;0;0;0.00;81;168;20;-5312.32;0
406;44;2;Colonie naine;Nains;0;0;26;3;27;3;0.66;0;1.00;0;19;0;0;14;43;0;0;0.00;19;122;20;-3113.82;0
406;44;3;Colonie elfe;Elfes;0;0;43;7;39;3;0.71;6;1.00;20;19;0;10;12;9;0;0;0.00;427;150;20;-4759.38;1
406;44;4;Colonie orque;Orques;0;0;0;0;9;1;0.00;0;1.00;0;7;0;0;6;14;0;0;0.00;642;0;14;-308.59;1
406;44;5;Colonie humaine;Humains;0;0;38;4;46;3;0.73;5;1.00;0;19;0;28;10;92;0;0;0.00;3;188;20;-6785.53;0
406;44;6;Colonie naine;Nains;0;0;36;3;35;3;0.26;7;1.00;10;19;0;5;13;22;0;0;0.00;154;30;20;-5697.51;1
406;45;1;Première colonie;Humains;0;0;36;5;37;4;0.69;4;1.00;0;19;0;28;12;77;0;0;0.00;365;180;20;-5487.09;0
406;45;2;Colonie naine;Nains;0;0;25;2;27;3;0.65;0;1.00;0;19;0;0;14;45;0;0;0.00;84;105;20;-3147.57;0
406;45;3;Colonie elfe;Elfes;0;0;43;7;39;3;0.65;6;1.00;20;19;0;4;12;9;0;0;0.00;287;78;20;-4781.18;1
406;45;4;Colonie orque;Orques;0;0;0;0;9;1;0.00;0;1.00;0;7;0;0;6;14;0;0;0.00;642;0;14;-308.59;1
406;45;5;Colonie humaine;Humains;0;0;36;2;46;3;0.72;3;1.00;0;19;0;28;10;94;0;0;0.00;59;208;20;-6685.60;0
406;45;6;Colonie naine;Nains;0;0;25;2;35;3;0.67;0;1.00;10;19;0;6;13;33;0;0;0.00;239;150;20;-5742.98;1
406;46;1;Première colonie;Humains;0;0;38;5;38;4;0.67;6;1.00;0;19;0;28;12;78;0;0;0.00;478;191;20;-5566.01;0
406;46;2;Colonie naine;Nains;0;0;24;3;27;3;0.69;0;1.00;0;19;0;0;14;47;0;0;0.00;45;130;20;-3236.72;0
406;46;3;Colonie elfe;Elfes;0;0;41;5;39;3;0.73;4;1.00;20;19;0;4;12;9;0;0;0.00;87;127;20;-4928.44;1
406;46;4;Colonie orque;Orques;0;0;0;0;9;1;0.00;0;1.00;0;7;0;0;6;14;0;0;0.00;642;0;14;-308.59;1
406;46;5;Colonie humaine;Humains;0;0;33;1;46;3;0.72;0;1.00;0;19;0;28;10;97;0;0;0.00;101;193;20;-6778.16;0
406;46;6;Colonie naine;Nains;0;0;26;2;36;3;0.72;0;1.00;10;19;0;10;13;33;0;0;0.00;376;162;20;-5793.72;1
406;47;1;Première colonie;Humains;0;0;36;2;38;4;0.70;4;1.00;0;19;0;28;12;81;0;0;0.00;333;183;20;-5641.26;0
406;47;2;Colonie naine;Nains;0;0;28;4;26;3;0.68;0;1.00;0;19;0;0;14;47;0;0;0.00;15;146;20;-3320.57;0
406;47;3;Colonie elfe;Elfes;0;0;40;5;40;4;0.68;0;1.00;20;19;0;4;12;10;0;0;0.00;146;77;20;-4953.04;1
406;47;4;Colonie orque;Orques;0;0;0;0;9;1;0.00;0;1.00;0;7;0;0;6;14;0;0;0.00;642;0;14;-308.59;1
406;47;5;Colonie humaine;Humains;0;0;37;1;46;3;0.71;4;1.00;0;19;0;28;10;98;0;0;0.00;43;200;20;-6873.99;0
406;47;6;Colonie naine;Nains;0;0;25;0;38;3;0.74;0;1.00;10;19;0;17;13;36;0;0;0.00;452;159;20;-5877.66;1
406;48;1;Première colonie;Humains;0;0;39;2;38;4;0.70;7;1.00;0;19;0;28;12;83;0;0;0.00;278;182;20;-5769.94;0
406;48;2;Colonie naine;Nains;0;0;26;3;26;3;0.66;0;1.00;0;19;0;0;14;51;0;0;0.00;16;164;20;-3446.54;0
406;48;3;Colonie elfe;Elfes;0;0;29;5;41;4;0.73;0;1.00;30;19;0;5;13;11;0;0;0.00;61;194;20;-4965.94;1
406;48;4;Colonie orque;Orques;0;0;0;0;9;1;0.00;0;1.00;0;7;0;0;6;14;0;0;0.00;642;0;14;-308.59;1
406;48;5;Colonie humaine;Humains;0;0;36;2;46;3;0.71;3;1.00;0;19;0;28;10;101;0;0;0.00;25;186;20;-6970.03;0
406;48;6;Colonie naine;Nains;0;0;25;2;39;3;0.69;0;1.00;10;19;0;17;13;38;0;0;0.00;620;149;20;-6114.85;1
406;49;1;Première colonie;Humains;0;0;37;1;38;4;0.72;5;1.00;0;19;0;28;12;85;0;0;0.00;105;192;20;-5898.89;0
406;49;2;Colonie naine;Nains;0;0;26;4;24;3;0.68;0;1.00;0;19;0;0;14;52;0;0;0.00;41;130;20;-3478.78;0
406;49;3;Colonie elfe;Elfes;0;0;31;3;41;4;0.78;0;1.00;30;19;0;11;13;11;0;0;0.00;84;197;20;-5105.12;1
406;49;4;Colonie orque;Orques;0;0;0;0;9;1;0.00;0;1.00;0;7;0;0;6;14;0;0;0.00;642;0;14;-308.59;1
406;49;5;Colonie humaine;Humains;0;0;35;2;46;3;0.71;2;1.00;0;19;0;28;10;102;0;0;0.00;53;198;20;-6994.08;0
406;49;6;Colonie naine;Nains;0;0;27;4;39;3;0.73;0;1.00;10;19;0;17;13;39;0;0;0.00;741;155;20;-6162.62;1
406;50;1;Première colonie;Humains;0;0;36;1;39;4;0.69;4;1.00;0;19;0;28;12;86;0;0;0.00;71;191;20;-6085.41;0
406;50;2;Colonie naine;Nains;0;0;24;3;24;3;0.68;0;1.00;0;19;0;0;14;54;0;0;0.00;14;150;20;-3478.78;0
406;50;3;Colonie elfe;Elfes;0;0;33;4;41;4;0.76;0;1.00;30;19;0;13;13;12;0;0;0.00;111;225;20;-5188.13;1
406;50;4;Colonie orque;Orques;0;0;0;0;9;1;0.00;0;1.00;0;7;0;0;6;14;0;0;0.00;642;0;14;-308.59;1
406;50;5;Colonie humaine;Humains;0;0;38;2;46;3;0.72;5;1.00;0;19;0;28;10;103;0;0;0.00;16;170;20;-7040.49;0
406;50;6;Colonie naine;Nains;0;0;29;4;39;3;0.69;2;1.00;10;19;0;17;13;39;0;0;0.00;816;177;20;-6302.20;1
406;51;1;Première colonie;Humains;0;0;38;3;39;4;0.67;7;1.00;0;19;0;28;12;90;0;0;0.00;10;155;20;-6223.93;0
406;51;2;Colonie naine;Nains;0;0;26;5;24;3;0.67;0;1.00;0;19;0;0;14;54;0;0;0.00;14;123;20;-3552.09;0
406;51;3;Colonie elfe;Elfes;0;0;36;4;42;4;0.77;0;1.00;30;19;0;16;13;12;0;0;0.00;150;198;20;-5338.32;1
406;51;4;Colonie orque;Orques;0;0;0;0;9;1;0.00;0;1.00;0;7;0;0;6;14;0;0;0.00;642;0;14;-308.59;1
406;51;5;Colonie humaine;Humains;0;0;38;2;46;3;0.70;6;1.00;0;19;0;28;10;106;0;0;0.00;16;221;20;-7098.12;0
406;51;6;Colonie naine;Nains;0;0;32;7;39;3;0.69;5;1.00;10;19;0;17;13;39;0;0;0.00;777;190;20;-6453.70;1
406;52;1;Première colonie;Humains;0;0;36;4;39;4;0.70;5;1.00;0;19;0;28;12;93;0;0;0.00;64;161;20;-6435.59;0
406;52;2;Colonie naine;Nains;0;0;25;4;24;3;0.67;0;1.00;0;19;0;0;14;55;0;0;0.00;14;133;20;-3658.66;0
406;52;3;Colonie elfe;Elfes;0;0;39;3;43;4;0.76;0;1.00;30;19;0;16;13;14;0;0;0.00;117;215;20;-5390.91;1
406;52;4;Colonie orque;Orques;0;0;0;0;9;1;0.00;0;1.00;0;7;0;0;6;14;0;0;0.00;642;0;14;-308.59;1
406;52;5;Colonie humaine;Humains;0;0;32;3;46;4;0.70;0;1.00;0;19;0;28;10;115;0;0;0.00;68;162;20;-7271.69;0
406;52;6;Colonie naine;Nains;0;0;33;7;40;3;0.70;6;1.00;10;19;0;17;13;40;0;0;0.00;793;184;20;-6612.74;1
406;53;1;Première colonie;Humains;0;0;36;6;39;4;0.70;5;1.00;0;19;0;28;12;96;0;0;0.00;16;181;20;-6503.95;0
406;53;2;Colonie naine;Nains;0;0;26;5;23;3;0.68;0;1.00;0;19;0;0;14;56;0;0;0.00;22;146;20;-3658.66;0
406;53;3;Colonie elfe;Elfes;0;0;42;2;43;4;0.77;3;1.00;30;19;0;16;13;14;0;0;0.00;142;243;20;-5572.99;1
406;53;4;Colonie orque;Orques;0;0;0;0;9;1;0.00;0;1.00;0;7;0;0;6;14;0;0;0.00;642;0;14;-308.59;1
406;53;5;Colonie humaine;Humains;0;0;30;4;48;4;0.71;0;1.00;0;19;0;28;11;119;0;0;0.00;74;177;20;-7432.31;0
406;53;6;Colonie naine;Nains;0;0;33;8;40;3;0.67;6;1.00;10;19;0;17;13;41;0;0;0.00;775;197;20;-6813.55;1
406;54;1;Première colonie;Humains;0;0;36;4;39;4;0.71;6;1.00;0;19;0;28;12;98;0;0;0.00;36;202;20;-6587.61;0
406;54;2;Colonie naine;Nains;0;0;25;5;23;3;0.69;0;1.00;0;19;0;0;14;57;0;0;0.00;22;143;20;-3738.87;0
406;54;3;Colonie elfe;Elfes;0;0;45;4;43;4;0.73;6;1.00;40;19;0;16;13;14;0;0;0.00;206;225;20;-5680.22;1
406;54;4;Colonie orque;Orques;0;0;0;0;9;1;0.00;0;1.00;0;7;0;0;6;14;0;0;0.00;642;0;14;-308.59;1
406;54;5;Colonie humaine;Humains;0;0;30;3;50;4;0.74;0;1.00;0;19;0;28;11;120;0;0;0.00;22;185;20;-7552.60;0
406;54;6;Colonie naine;Nains;0;0;33;6;40;3;0.72;6;1.00;10;19;0;17;13;41;0;0;0.00;775;202;20;-6854.83;1
406;55;1;Première colonie;Humains;0;0;36;5;39;4;0.68;6;1.00;0;19;0;28;12;100;0;0;0.00;8;199;20;-6712.63;0
406;55;2;Colonie naine;Nains;0;0;29;5;23;3;0.71;0;1.00;0;19;0;0;14;57;0;0;0.00;22;150;20;-3775.21;0
406;55;3;Colonie elfe;Elfes;0;0;45;4;43;4;0.71;6;1.00;40;19;0;16;13;14;0;0;0.00;283;205;20;-5745.73;1
406;55;4;Colonie orque;Orques;0;0;0;0;9;1;0.00;0;1.00;0;7;0;0;6;14;0;0;0.00;642;0;14;-308.59;1
406;55;5;Colonie humaine;Humains;0;0;31;2;50;4;0.70;0;1.00;0;19;0;28;11;122;0;0;0.00;22;184;20;-7703.53;0
406;55;6;Colonie naine;Nains;0;0;33;4;40;3;0.70;6;1.00;20;19;0;17;13;41;0;0;0.00;727;209;20;-7075.44;1
406;56;1;Première colonie;Humains;0;0;31;3;39;4;0.72;1;1.00;0;19;0;28;12;105;0;0;0.00;8;182;20;-6733.34;0
406;56;2;Colonie naine;Nains;0;0;29;5;23;3;0.66;0;1.00;0;19;0;0;14;57;0;0;0.00;43;96;20;-3855.54;0
406;56;3;Colonie elfe;Elfes;0;0;44;4;43;4;0.70;6;1.00;40;19;0;12;13;15;0;0;0.00;138;172;20;-5908.87;1
406;56;4;Colonie orque;Orques;0;0;0;0;9;1;0.00;0;1.00;0;7;0;0;6;14;0;0;0.00;642;0;14;-308.59;1
406;56;5;Colonie humaine;Humains;0;0;34;1;54;4;0.72;0;1.00;0;19;0;28;11;122;0;0;0.00;26;159;20;-7828.58;0
406;56;6;Colonie naine;Nains;0;0;34;6;40;3;0.71;7;1.00;20;19;0;17;13;42;0;0;0.00;804;211;20;-7075.44;1
406;57;1;Première colonie;Humains;0;0;33;3;39;4;0.68;3;1.00;0;19;0;28;12;106;0;0;0.00;8;144;20;-6882.81;0
406;57;2;Colonie naine;Nains;0;0;28;3;23;3;0.64;0;1.00;0;19;0;0;14;58;0;0;0.00;43;74;20;-3899.74;0
406;57;3;Colonie elfe;Elfes;0;0;45;5;43;4;0.68;6;1.00;40;19;0;4;13;15;0;0;0.00;105;120;20;-5962.38;1
406;57;4;Colonie orque;Orques;0;0;0;0;9;1;0.00;0;1.00;0;7;0;0;6;14;0;0;0.00;642;0;14;-308.59;1
406;57;5;Colonie humaine;Humains;0;0;36;1;54;4;0.70;0;1.00;0;19;0;28;11;124;0;0;0.00;59;194;20;-7910.49;0
406;57;6;Colonie naine;Nains;0;0;34;3;40;3;0.73;7;1.00;20;19;0;17;13;42;0;0;0.00;758;216;20;-7117.39;1
406;58;1;Première colonie;Humains;0;0;32;2;39;4;0.70;2;1.00;0;19;0;28;12;108;0;0;0.00;8;219;20;-7013.51;0
406;58;2;Colonie naine;Nains;0;0;27;3;23;3;0.63;0;1.00;0;19;0;0;14;59;0;0;0.00;27;81;20;-3899.74;0
406;58;3;Colonie elfe;Elfes;0;0;45;5;43;4;0.66;6;1.00;40;19;0;4;13;15;0;0;0.00;85;118;20;-5988.18;1
406;58;4;Colonie orque;Orques;0;0;0;0;9;1;0.00;0;1.00;0;7;0;0;6;14;0;0;0.00;642;0;14;-308.59;1
406;58;5;Colonie humaine;Humains;0;0;37;2;54;4;0.71;1;1.00;0;19;0;28;11;127;0;0;0.00;57;206;20;-7989.70;0
406;58;6;Colonie naine;Nains;0;0;34;3;40;3;0.74;7;1.00;20;19;0;17;13;42;0;0;0.00;749;210;20;-7275.62;1
406;59;1;Première colonie;Humains;0;0;33;3;39;4;0.70;3;1.00;0;19;0;28;12;110;0;0;0.00;8;208;20;-7013.51;0
406;59;2;Colonie naine;Nains;0;0;29;1;23;3;0.61;0;1.00;0;19;0;0;14;59;0;0;0.00;27;115;20;-3950.23;0
406;59;3;Colonie elfe;Elfes;0;0;25;6;44;4;0.72;0;1.00;40;19;0;6;13;19;0;0;0.00;58;132;20;-6014.03;1
406;59;4;Colonie orque;Orques;0;0;0;0;9;1;0.00;0;1.00;0;7;0;0;6;14;0;0;0.00;642;0;14;-308.59;1
406;59;5;Colonie humaine;Humains;0;0;37;2;54;4;0.73;1;1.00;0;19;0;28;11;129;0;0;0.00;28;209;20;-8089.53;0
406;59;6;Colonie naine;Nains;0;0;34;2;40;3;0.72;7;1.00;20;19;0;17;13;42;0;0;0.00;759;199;20;-7329.68;1
406;60;1;Première colonie;Humains;0;0;32;2;39;4;0.69;2;1.00;0;19;0;28;12;112;0;0;0.00;2;177;20;-7145.93;0
406;60;2;Colonie naine;Nains;0;0;28;1;22;3;0.60;0;1.00;0;19;0;0;14;60;0;0;0.00;27;61;20;-3950.23;0
406;60;3;Colonie elfe;Elfes;0;0;26;6;45;4;0.72;0;1.00;40;19;0;11;13;19;0;0;0.00;38;176;20;-6150.88;1
406;60;4;Colonie orque;Orques;0;0;0;0;9;1;0.00;0;1.00;0;7;0;0;6;14;0;0;0.00;642;0;14;-308.59;1
406;60;5;Colonie humaine;Humains;0;0;37;4;54;4;0.70;2;1.00;0;19;0;28;11;132;0;0;0.00;18;210;20;-8151.72;0
406;60;6;Colonie naine;Nains;0;0;34;2;40;3;0.70;7;1.00;20;19;0;17;13;42;0;0;0.00;742;202;20;-7406.12;1
406;61;1;Première colonie;Humains;0;0;32;1;39;4;0.70;2;1.00;0;19;0;28;12;116;0;0;0.00;2;188;20;-7211.24;0
406;61;2;Colonie naine;Nains;0;0;28;0;22;3;0.72;0;1.00;0;19;0;0;14;60;0;0;0.00;100;96;20;-3997.57;0
406;61;3;Colonie elfe;Elfes;0;0;29;6;47;4;0.75;0;1.00;40;19;0;12;13;19;0;0;0.00;120;173;20;-6156.29;1
406;61;4;Colonie orque;Orques;0;0;0;0;9;1;0.00;0;1.00;0;7;0;0;6;14;0;0;0.00;642;0;14;-308.59;1
406;61;5;Colonie humaine;Humains;0;0;37;4;54;4;0.72;2;1.00;0;19;0;28;11;134;0;0;0.00;9;220;20;-8249.52;0
406;61;6;Colonie naine;Nains;0;0;34;2;40;3;0.71;7;1.00;20;19;0;17;13;42;0;0;0.00;560;179;20;-7527.02;1
406;62;1;Première colonie;Humains;0;0;29;3;39;4;0.69;0;1.00;0;19;0;28;12;121;0;0;0.00;2;158;20;-7273.87;0
406;62;2;Colonie naine;Nains;0;0;29;1;22;3;0.67;0;1.00;0;19;0;0;14;60;0;0;0.00;62;106;20;-4021.42;0
406;62;3;Colonie elfe;Elfes;0;0;31;6;47;4;0.72;0;1.00;40;19;0;15;13;19;0;0;0.00;40;188;20;-6258.18;1
406;62;4;Colonie orque;Orques;0;0;0;0;9;1;0.00;0;1.00;0;7;0;0;6;14;0;0;0.00;642;0;14;-308.59;1
406;62;5;Colonie humaine;Humains;0;0;34;4;55;4;0.72;0;1.00;0;19;0;28;11;138;0;0;0.00;89;188;20;-8376.41;0
406;62;6;Colonie naine;Nains;0;0;34;0;40;3;0.71;7;1.00;20;19;0;17;13;42;0;0;0.00;613;189;20;-7608.51;1
406;63;1;Première colonie;Humains;0;0;33;8;39;4;0.68;4;1.00;0;19;0;28;12;122;0;0;0.00;2;197;20;-7428.23;0
406;63;2;Colonie naine;Nains;0;0;31;1;22;3;0.62;2;1.00;0;19;0;0;14;60;0;0;0.00;23;56;20;-4021.42;0
406;63;3;Colonie elfe;Elfes;0;0;33;7;48;4;0.76;0;1.00;40;19;0;16;13;19;0;0;0.00;115;213;20;-6324.32;1
406;63;4;Colonie orque;Orques;0;0;0;0;9;1;0.00;0;1.00;0;7;0;0;6;14;0;0;0.00;642;0;14;-308.59;1
406;63;5;Colonie humaine;Humains;0;0;33;2;55;4;0.73;0;1.00;0;19;0;28;11;139;0;0;0.00;38;195;20;-8435.43;0
406;63;6;Colonie naine;Nains;0;0;33;0;40;3;0.71;6;1.00;20;19;0;17;13;43;0;0;0.00;626;198;20;-7644.17;1
406;64;1;Première colonie;Humains;0;0;33;8;39;4;0.69;5;1.00;0;19;0;28;12;125;0;0;0.00;2;189;20;-7450.01;0
406;64;2;Colonie naine;Nains;0;0;29;1;22;3;0.62;0;1.00;0;19;0;0;14;62;0;0;0.00;44;80;20;-4021.42;0
406;64;3;Colonie elfe;Elfes;0;0;33;7;48;4;0.71;0;1.00;40;19;0;16;13;19;0;0;0.00;114;191;20;-6420.33;1
406;64;4;Colonie orque;Orques;0;0;0;0;9;1;0.00;0;1.00;0;7;0;0;6;14;0;0;0.00;642;0;14;-308.59;1
406;64;5;Colonie humaine;Humains;0;0;30;2;55;4;0.71;0;1.00;0;19;0;28;11;143;0;0;0.00;17;200;20;-8575.34;0
406;64;6;Colonie naine;Nains;0;0;32;0;40;3;0.72;6;1.00;20;19;0;17;13;44;0;0;0.00;654;184;20;-7845.53;1
406;65;1;Première colonie;Humains;0;0;33;7;39;4;0.69;5;1.00;0;19;0;28;12;126;0;0;0.00;2;213;20;-7524.67;0
406;65;2;Colonie naine;Nains;0;0;28;1;22;3;0.62;0;1.00;0;19;0;0;14;63;0;0;0.00;68;60;20;-4021.42;0
406;65;3;Colonie elfe;Elfes;0;0;36;7;48;4;0.72;0;1.00;40;19;0;16;13;19;0;0;0.00;106;204;20;-6514.80;1
406;65;4;Colonie orque;Orques;0;0;0;0;9;1;0.00;0;1.00;0;7;0;0;6;14;0;0;0.00;642;0;14;-308.59;1
406;65;5;Colonie humaine;Humains;0;0;29;2;55;4;0.71;0;1.00;0;19;0;28;11;145;0;0;0.00;1;152;20;-8670.58;0
406;65;6;Colonie naine;Nains;0;0;30;0;40;3;0.72;4;1.00;20;19;0;17;13;47;0;0;0.00;660;179;20;-7933.79;1
406;66;1;Première colonie;Humains;0;0;34;3;39;4;0.66;6;1.00;0;19;0;28;12;128;0;0;0.00;2;239;20;-7638.59;0
406;66;2;Colonie naine;Nains;0;0;27;2;22;3;0.65;0;1.00;0;19;0;0;14;66;0;0;0.00;145;88;20;-4060.81;0
406;66;3;Colonie elfe;Elfes;0;0;35;5;48;4;0.71;0;1.00;40;19;0;16;13;20;0;0;0.00;72;194;20;-6673.47;1
406;66;4;Colonie orque;Orques;0;0;0;0;9;1;0.00;0;1.00;0;7;0;0;6;14;0;0;0.00;642;0;14;-308.59;1
406;66;5;Colonie humaine;Humains;0;0;27;3;55;4;0.72;0;1.00;0;19;0;28;11;148;0;0;0.00;4;179;20;-8781.20;0
406;66;6;Colonie naine;Nains;0;0;29;1;40;3;0.70;3;1.00;20;19;0;17;13;49;0;0;0.00;589;139;20;-8223.20;1
406;67;1;Première colonie;Humains;0;0;35;3;39;4;0.66;7;1.00;0;19;0;28;13;128;0;0;0.00;21;228;20;-7661.44;0
406;67;2;Colonie naine;Nains;0;0;27;2;22;3;0.61;0;1.00;0;19;0;0;14;68;0;0;0.00;66;98;20;-4114.20;0
406;67;3;Colonie elfe;Elfes;0;0;38;5;48;4;0.72;0;1.00;40;19;0;16;13;20;0;0;0.00;62;236;20;-6754.76;1
406;67;4;Colonie orque;Orques;0;0;0;0;9;1;0.00;0;1.00;0;7;0;0;6;14;0;0;0.00;642;0;14;-308.59;1
406;67;5;Colonie humaine;Humains;0;0;21;2;55;4;0.72;0;1.00;0;19;0;28;11;155;0;0;0.00;93;202;20;-8849.85;0
406;67;6;Colonie naine;Nains;0;0;29;2;40;3;0.68;3;1.00;20;19;0;17;13;50;0;0;0.00;580;132;20;-8331.30;1
406;68;1;Première colonie;Humains;0;0;33;2;39;4;0.68;5;1.00;0;19;0;28;13;130;0;0;0.00;21;220;20;-7738.25;0
406;68;2;Colonie naine;Nains;0;0;27;1;22;3;0.66;0;1.00;0;19;0;0;14;68;0;0;0.00;124;114;20;-4149.82;0
406;68;3;Colonie elfe;Elfes;0;0;41;6;48;4;0.73;0;1.00;40;19;0;16;13;20;0;0;0.00;32;229;20;-6943.67;1
406;68;4;Colonie orque;Orques;0;0;0;0;9;1;0.00;0;1.00;0;7;0;0;6;14;0;0;0.00;642;0;14;-308.59;1
406;68;5;Colonie humaine;Humains;0;0;27;3;55;4;0.69;0;1.00;0;19;0;28;11;156;0;0;0.00;3;189;20;-8900.15;0
406;68;6;Colonie naine;Nains;0;0;27;2;40;3;0.69;1;1.00;20;19;0;17;13;52;0;0;0.00;591;177;20;-8507.93;1
406;69;1;Première colonie;Humains;0;0;33;1;39;4;0.70;5;1.00;0;19;0;28;13;130;0;0;0.00;26;212;20;-7799.06;0
406;69;2;Colonie naine;Nains;0;0;30;3;22;3;0.61;1;1.00;0;19;0;0;14;68;0;0;0.00;104;50;20;-4149.82;0
406;69;3;Colonie elfe;Elfes;0;0;40;5;48;4;0.70;0;1.00;40;19;0;16;13;21;0;0;0.00;67;234;20;-7048.03;1
406;69;4;Colonie orque;Orques;0;0;0;0;9;1;0.00;0;1.00;0;7;0;0;6;14;0;0;0.00;642;0;14;-308.59;1
406;69;5;Colonie humaine;Humains;0;0;30;3;55;4;0.71;0;1.00;0;19;0;28;11;157;0;0;0.00;1;196;20;-9001.02;0
406;69;6;Colonie naine;Nains;0;0;29;3;40;3;0.70;3;1.00;20;19;0;17;13;53;0;0;0.00;557;167;20;-8630.94;1
406;70;1;Première colonie;Humains;0;0;30;0;39;4;0.72;2;1.00;0;19;0;28;13;133;0;0;0.00;26;196;20;-7872.80;0
406;70;2;Colonie naine;Nains;0;0;29;3;21;3;0.64;4;1.00;0;19;0;0;14;69;0;0;0.00;133;72;20;-4193.81;0
406;70;3;Colonie elfe;Elfes;0;0;43;7;48;4;0.69;2;1.00;40;19;0;16;13;22;0;0;0.00;4;225;20;-7152.67;1
406;70;4;Colonie orque;Orques;0;0;0;0;9;1;0.00;0;1.00;0;7;0;0;6;14;0;0;0.00;642;0;14;-308.59;1
406;70;5;Colonie humaine;Humains;0;0;32;5;55;4;0.70;0;1.00;0;19;0;28;11;158;0;0;0.00;3;199;20;-9029.03;0
406;70;6;Colonie naine;Nains;0;0;28;3;40;3;0.71;2;1.00;20;19;0;17;13;55;0;0;0.00;593;163;20;-8784.94;1
406;71;1;Première colonie;Humains;0;0;31;1;39;4;0.69;3;1.00;0;19;0;28;13;134;0;0;0.00;2;190;20;-8049.99;0
406;71;2;Colonie naine;Nains;0;0;28;3;22;3;0.66;0;1.00;0;19;0;2;14;70;0;0;0.00;48;73;20;-4193.81;0
406;71;3;Colonie elfe;Elfes;0;0;46;6;48;4;0.73;5;1.00;40;19;0;16;13;22;0;0;0.00;26;172;20;-7266.71;1
406;71;4;Colonie orque;Orques;0;0;0;0;9;1;0.00;0;1.00;0;7;0;0;6;14;0;0;0.00;642;0;14;-308.59;1
406;71;5;Colonie humaine;Humains;0;0;36;8;55;4;0.70;3;1.00;0;19;0;28;11;160;0;0;0.00;3;236;20;-9161.61;0
406;71;6;Colonie naine;Nains;0;0;28;4;40;3;0.70;3;1.00;20;19;0;17;13;56;0;0;0.00;557;164;20;-8894.80;1
406;72;1;Première colonie;Humains;0;0;31;1;39;4;0.68;3;1.00;0;19;0;28;13;138;0;0;0.00;3;245;20;-8154.61;0
406;72;2;Colonie naine;Nains;0;0;27;3;22;3;0.67;0;1.00;0;19;0;2;14;72;0;0;0.00;29;80;20;-4228.67;0
406;72;3;Colonie elfe;Elfes;0;0;46;6;48;4;0.71;6;1.00;40;19;0;15;13;22;0;0;0.00;3;203;20;-7425.87;1
406;72;4;Colonie orque;Orques;0;0;0;0;9;1;0.00;0;1.00;0;7;0;0;6;14;0;0;0.00;642;0;14;-308.59;1
406;72;5;Colonie humaine;Humains;0;0;38;10;55;4;0.70;6;1.00;0;19;0;28;11;164;0;0;0.00;0;239;20;-9224.07;0
406;72;6;Colonie naine;Nains;0;0;26;4;40;3;0.69;2;1.00;20;19;0;17;13;59;0;0;0.00;725;174;20;-9084.24;1
406;73;1;Première colonie;Humains;0;0;31;3;39;4;0.68;3;1.00;0;19;0;28;13;143;0;0;0.00;3;216;20;-8270.26;0
406;73;2;Colonie naine;Nains;0;0;24;2;22;3;0.66;0;1.00;0;19;0;2;14;75;0;0;0.00;23;93;20;-4263.07;0
406;73;3;Colonie elfe;Elfes;0;0;46;6;48;4;0.71;6;1.00;40;19;0;9;13;22;0;0;0.00;40;158;20;-7575.06;1
406;73;4;Colonie orque;Orques;0;0;0;0;9;1;0.00;0;1.00;0;7;0;0;6;14;0;0;0.00;642;0;14;-308.59;1
406;73;5;Colonie humaine;Humains;0;0;38;9;55;4;0.70;6;1.00;0;19;0;28;11;165;0;0;0.00;0;242;20;-9290.15;0
406;73;6;Colonie naine;Nains;0;0;26;4;40;3;0.70;2;1.00;20;19;0;17;13;60;0;0;0.00;608;213;20;-9231.33;1
406;74;1;Première colonie;Humains;0;0;34;5;39;4;0.73;6;1.00;0;19;0;28;13;145;0;0;0.00;2;211;20;-8397.52;0
406;74;2;Colonie naine;Nains;0;0;24;2;22;3;0.68;0;1.00;0;19;0;3;14;75;0;0;0.00;73;97;20;-4307.81;0
406;74;3;Colonie elfe;Elfes;0;0;46;5;48;4;0.65;6;1.00;40;19;0;4;13;22;0;0;0.00;27;97;20;-7623.80;1
406;74;4;Colonie orque;Orques;0;0;0;0;9;1;0.00;0;1.00;0;7;0;0;6;14;0;0;0.00;642;0;14;-308.59;1
406;74;5;Colonie humaine;Humains;0;0;38;4;55;4;0.73;6;1.00;0;19;0;28;11;165;0;0;0.00;1;260;20;-9381.37;0
406;74;6;Colonie naine;Nains;0;0;27;5;40;3;0.70;3;1.00;20;19;0;17;13;60;0;0;0.00;572;166;20;-9231.33;1
406;75;1;Première colonie;Humains;0;0;33;6;39;4;0.68;5;1.00;0;19;0;28;13;147;0;0;0.00;18;234;20;-8500.19;0
406;75;2;Colonie naine;Nains;0;0;25;2;22;3;0.66;0;1.00;0;19;0;3;14;75;0;0;0.00;68;113;20;-4307.81;0
406;75;3;Colonie elfe;Elfes;0;0;36;3;48;4;0.71;0;1.00;40;19;0;5;13;22;0;0;0.00;12;165;20;-7623.80;1
406;75;4;Colonie orque;Orques;0;0;0;0;9;1;0.00;0;1.00;0;7;0;0;6;14;0;0;0.00;642;0;14;-308.59;1
406;75;5;Colonie humaine;Humains;0;0;37;2;55;4;0.71;5;1.00;0;19;0;28;11;167;0;0;0.00;14;234;20;-9416.48;0
406;75;6;Colonie naine;Nains;0;0;27;4;41;4;0.72;0;1.00;20;19;0;17;13;62;0;0;0.00;558;171;20;-9414.64;1
406;76;1;Première colonie;Humains;0;0;32;6;39;4;0.73;4;1.00;0;19;0;28;13;150;0;0;0.00;18;205;20;-8656.57;0
406;76;2;Colonie naine;Nains;0;0;24;2;22;3;0.67;0;1.00;0;19;0;3;14;76;0;0;0.00;40;124;20;-4351.57;0
406;76;3;Colonie elfe;Elfes;0;0;37;4;48;4;0.71;0;1.00;40;19;0;5;13;22;0;0;0.00;16;200;20;-7776.71;1
406;76;4;Colonie orque;Orques;0;0;0;0;9;1;0.00;0;1.00;0;7;0;0;6;14;0;0;0.00;642;0;14;-308.59;1
406;76;5;Colonie humaine;Humains;0;0;37;2;55;4;0.72;5;1.00;0;19;0;28;11;168;0;0;0.00;14;247;20;-9524.32;0
406;76;6;Colonie naine;Nains;0;0;30;7;41;4;0.69;0;1.00;20;19;0;17;13;63;0;0;0.00;575;195;20;-9485.60;1
406;77;1;Première colonie;Humains;0;0;33;5;39;4;0.69;5;1.00;0;19;0;28;13;151;0;0;0.00;18;213;20;-8714.36;0
406;77;2;Colonie naine;Nains;0;0;27;4;22;3;0.70;0;1.00;0;19;0;8;14;78;0;0;0.00;40;149;20;-4379.00;0
406;77;3;Colonie elfe;Elfes;0;0;36;4;48;4;0.74;0;1.00;40;19;0;4;13;23;0;0;0.00;182;163;20;-7770.78;1
406;77;4;Colonie orque;Orques;0;0;0;0;9;1;0.00;0;1.00;0;7;0;0;6;14;0;0;0.00;642;0;14;-308.59;1
406;77;5;Colonie humaine;Humains;0;0;37;2;55;4;0.70;5;1.00;0;19;0;28;11;168;0;0;0.00;16;225;20;-9613.40;0
406;77;6;Colonie naine;Nains;0;0;35;6;42;4;0.70;3;1.00;20;19;0;17;14;64;0;0;0.00;293;216;20;-9564.66;1
406;78;1;Première colonie;Humains;0;0;33;4;39;4;0.66;5;1.00;0;19;0;28;13;151;0;0;0.00;2;178;20;-8852.11;0
406;78;2;Colonie naine;Nains;0;0;26;3;22;3;0.70;0;1.00;0;19;0;8;14;80;0;0;0.00;46;157;20;-4533.20;0
406;78;3;Colonie elfe;Elfes;0;0;37;4;48;4;0.73;0;1.00;40;19;0;5;13;23;0;0;0.00;95;149;20;-7848.21;1
406;78;4;Colonie orque;Orques;0;0;0;0;9;1;0.00;0;1.00;0;7;0;0;6;14;0;0;0.00;642;0;14;-308.59;1
406;78;5;Colonie humaine;Humains;0;0;37;1;55;4;0.70;5;1.00;0;19;0;28;11;169;0;0;0.00;17;255;20;-9716.07;0
406;78;6;Colonie naine;Nains;0;0;36;6;42;4;0.71;6;1.00;20;19;0;17;15;64;0;0;0.00;558;224;20;-9715.55;1
406;79;1;Première colonie;Humains;0;0;35;4;39;4;0.71;7;1.00;0;19;0;28;13;151;0;0;0.00;6;272;20;-9014.53;0
406;79;2;Colonie naine;Nains;0;0;25;3;22;3;0.68;0;1.00;0;19;0;8;14;81;0;0;0.00;46;159;20;-4533.20;0
406;79;3;Colonie elfe;Elfes;0;0;39;4;48;4;0.73;0;1.00;40;19;0;5;13;23;0;0;0.00;15;139;20;-7944.82;1
406;79;4;Colonie orque;Orques;0;0;0;0;9;1;0.00;0;1.00;0;7;0;0;6;14;0;0;0.00;642;0;14;-308.59;1
406;79;5;Colonie humaine;Humains;0;0;35;0;55;4;0.70;3;1.00;0;19;0;28;11;171;0;0;0.00;3;219;20;-9796.95;0
406;79;6;Colonie naine;Nains;0;0;36;6;43;4;0.72;5;1.00;20;19;0;17;15;65;0;0;0.00;590;236;20;-9828.64;1
406;80;1;Première colonie;Humains;0;0;35;2;39;4;0.68;7;1.00;0;19;0;28;13;151;0;0;0.00;25;189;20;-9043.58;0
406;80;2;Colonie naine;Nains;0;0;28;3;22;3;0.67;0;1.00;0;19;0;8;14;81;0;0;0.00;46;137;20;-4574.10;0
406;80;3;Colonie elfe;Elfes;0;0;38;3;48;4;0.68;0;1.00;40;19;0;4;13;24;0;0;0.00;166;127;20;-8025.44;1
406;80;4;Colonie orque;Orques;0;0;0;0;9;1;0.00;0;1.00;0;7;0;0;6;14;0;0;0.00;642;0;14;-308.59;1
406;80;5;Colonie humaine;Humains;0;0;33;1;55;4;0.71;1;1.00;0;19;0;28;11;175;0;0;0.00;3;224;20;-9854.91;0
406;80;6;Colonie naine;Nains;0;0;36;5;43;4;0.73;5;1.00;20;19;0;17;15;66;0;0;0.00;509;213;20;-9945.54;1
406;81;1;Première colonie;Humains;0;0;35;3;39;4;0.66;7;1.00;0;19;0;28;13;152;0;0;0.00;25;219;20;-9182.26;0
406;81;2;Colonie naine;Nains;0;0;29;3;23;3;0.64;0;1.00;0;19;0;2;14;82;0;0;0.00;28;81;20;-4598.39;0
406;81;3;Colonie elfe;Elfes;0;0;30;3;48;4;0.73;0;1.00;40;19;0;4;13;24;0;0;0.00;134;184;20;-8025.44;1
406;81;4;Colonie orque;Orques;0;0;0;0;9;1;0.00;0;1.00;0;7;0;0;6;14;0;0;0.00;642;0;14;-308.59;1
406;81;5;Colonie humaine;Humains;0;0;35;3;55;4;0.70;3;1.00;0;19;0;28;11;180;0;0;0.00;8;244;20;-10056.36;0
406;81;6;Colonie naine;Nains;0;0;36;5;43;4;0.70;5;1.00;20;19;0;17;15;67;0;0;0.00;479;246;20;-10036.55;1
406;82;1;Première colonie;Humains;0;0;33;2;39;4;0.70;5;1.00;0;19;0;28;13;157;0;0;0.00;4;219;20;-9275.18;0
406;82;2;Colonie naine;Nains;0;0;28;3;23;3;0.67;0;1.00;0;19;0;3;14;84;0;0;0.00;23;117;20;-4663.69;0
406;82;3;Colonie elfe;Elfes;0;0;31;1;48;4;0.72;0;1.00;40;19;0;9;13;25;0;0;0.00;103;157;20;-8217.28;1
406;82;4;Colonie orque;Orques;0;0;0;0;9;1;0.00;0;1.00;0;7;0;0;6;14;0;0;0.00;642;0;14;-308.59;1
406;82;5;Colonie humaine;Humains;0;0;36;4;55;4;0.73;4;1.00;0;19;0;28;11;183;0;0;0.00;2;262;20;-10205.39;0
406;82;6;Colonie naine;Nains;0;0;37;3;43;4;0.70;6;1.00;20;19;0;17;15;67;0;0;0.00;548;242;20;-10211.91;1
406;83;1;Première colonie;Humains;0;0;31;4;39;4;0.65;3;1.00;0;19;0;28;13;162;0;0;0.00;4;203;20;-9372.64;0
406;83;2;Colonie naine;Nains;0;0;26;1;23;3;0.68;0;1.00;0;19;0;2;14;86;0;0;0.00;51;131;20;-4663.69;0
406;83;3;Colonie elfe;Elfes;0;0;32;2;48;4;0.72;0;1.00;40;19;0;12;13;27;0;0;0.00;123;217;20;-8293.51;1
406;83;4;Colonie orque;Orques;0;0;0;0;9;1;0.00;0;1.00;0;7;0;0;6;14;0;0;0.00;642;0;14;-308.59;1
406;83;5;Colonie humaine;Humains;0;0;37;4;55;4;0.70;5;1.00;0;19;0;28;11;185;0;0;0.00;16;235;20;-10393.64;0
406;83;6;Colonie naine;Nains;0;0;38;4;43;4;0.72;7;1.00;20;19;0;17;15;67;0;0;0.00;393;177;20;-10211.91;1
406;84;1;Première colonie;Humains;0;0;32;4;39;4;0.67;4;1.00;0;19;0;28;13;164;0;0;0.00;4;215;20;-9472.18;0
406;84;2;Colonie naine;Nains;0;0;27;2;23;3;0.67;0;1.00;0;19;0;3;14;86;0;0;0.00;50;91;20;-4750.58;0
406;84;3;Colonie elfe;Elfes;0;0;36;4;48;4;0.73;0;1.00;40;19;0;14;13;28;0;0;0.00;89;199;20;-8472.35;1
406;84;4;Colonie orque;Orques;0;0;0;0;9;1;0.00;0;1.00;0;7;0;0;6;14;0;0;0.00;642;0;14;-308.59;1
406;84;5;Colonie humaine;Humains;0;0;36;2;55;4;0.70;4;1.00;0;19;0;28;11;186;0;0;0.00;27;246;20;-10416.36;0
406;84;6;Colonie naine;Nains;0;0;37;3;43;4;0.71;6;1.00;20;19;0;17;15;68;0;0;0.00;511;213;20;-10374.17;1
406;85;1;Première colonie;Humains;0;0;32;5;39;4;0.67;4;1.00;0;19;0;28;13;167;0;0;0.00;8;145;20;-9583.91;0
406;85;2;Colonie naine;Nains;0;0;27;3;23;3;0.67;0;1.00;0;19;0;3;14;88;0;0;0.00;51;165;20;-4775.98;0
406;85;3;Colonie elfe;Elfes;0;0;39;5;48;4;0.76;2;1.00;40;19;0;16;13;28;0;0;0.00;21;217;20;-8566.42;1
406;85;4;Colonie orque;Orques;0;0;0;0;9;1;0.00;0;1.00;0;7;0;0;6;14;0;0;0.00;642;0;14;-308.59;1
406;85;5;Colonie humaine;Humains;0;0;35;2;55;4;0.68;3;1.00;0;19;0;28;11;188;0;0;0.00;1;231;20;-10557.30;0
406;85;6;Colonie naine;Nains;0;0;39;4;43;4;0.68;8;1.00;20;19;0;17;15;68;0;0;0.00;613;195;20;-10460.74;1
406;86;1;Première colonie;Humains;0;0;32;5;39;4;0.67;4;1.00;0;19;0;28;13;169;0;0;0.00;8;198;20;-9671.92;0
406;86;2;Colonie naine;Nains;0;0;31;4;23;3;0.66;0;1.00;0;19;0;8;14;88;0;0;0.00;39;165;20;-4843.58;0
406;86;3;Colonie elfe;Elfes;0;0;43;5;48;4;0.74;6;1.00;40;19;0;16;13;28;0;0;0.00;20;222;20;-8638.28;1
406;86;4;Colonie orque;Orques;0;0;0;0;9;1;0.00;0;1.00;0;7;0;0;6;14;0;0;0.00;642;0;14;-308.59;1
406;86;5;Colonie humaine;Humains;0;0;37;2;55;4;0.70;5;1.00;0;19;0;28;11;189;0;0;0.00;27;240;20;-10610.99;0
406;86;6;Colonie naine;Nains;0;0;36;4;43;4;0.71;6;1.00;20;19;0;11;15;71;0;0;0.00;625;189;20;-10519.37;1
406;87;1;Première colonie;Humains;0;0;30;6;39;4;0.68;2;1.00;0;19;0;28;13;173;0;0;0.00;11;200;20;-9818.63;0
406;87;2;Colonie naine;Nains;0;0;30;4;23;3;0.67;0;1.00;0;19;0;8;14;90;0;0;0.00;39;151;20;-4882.97;0
406;87;3;Colonie elfe;Elfes;0;0;43;5;48;4;0.70;6;1.00;40;19;0;16;13;28;0;0;0.00;23;177;20;-8684.53;1
406;87;4;Colonie orque;Orques;0;0;0;0;9;1;0.00;0;1.00;0;7;0;0;6;14;0;0;0.00;642;0;14;-308.59;1
406;87;5;Colonie humaine;Humains;0;0;36;2;55;4;0.70;4;1.00;0;19;0;28;11;190;0;0;0.00;27;255;20;-10655.97;0
406;87;6;Colonie naine;Nains;0;0;35;5;43;4;0.68;6;1.00;20;19;0;10;15;73;0;0;0.00;601;146;20;-10584.02;1
406;88;1;Première colonie;Humains;0;0;35;7;39;4;0.72;7;1.00;0;19;0;28;13;173;0;0;0.00;14;215;20;-9861.72;0
406;88;2;Colonie naine;Nains;0;0;31;6;23;3;0.67;0;1.00;0;19;0;9;14;91;0;0;0.00;18;152;20;-4965.65;0
406;88;3;Colonie elfe;Elfes;0;0;43;4;48;4;0.71;6;1.00;40;19;0;12;13;28;0;0;0.00;14;175;20;-8714.15;1
406;88;4;Colonie orque;Orques;0;0;0;0;9;1;0.00;0;1.00;0;7;0;0;6;14;0;0;0.00;642;0;14;-308.59;1
406;88;5;Colonie humaine;Humains;0;0;34;1;55;4;0.69;2;1.00;0;19;0;28;11;192;0;0;0.00;14;230;20;-10834.20;0
406;88;6;Colonie naine;Nains;0;0;33;4;44;4;0.71;4;1.00;20;19;0;7;15;76;0;0;0.00;558;140;20;-10584.02;1
406;89;1;Première colonie;Humains;0;0;34;5;39;4;0.70;6;1.00;0;19;0;28;13;174;0;0;0.00;17;225;20;-9992.80;0
406;89;2;Colonie naine;Nains;0;0;32;6;23;3;0.70;0;1.00;0;19;0;9;14;91;0;0;0.00;18;162;20;-5005.15;0
406;89;3;Colonie elfe;Elfes;0;0;44;6;39;3;0.70;6;1.00;40;19;0;5;13;29;0;0;0.00;17;191;20;-8788.09;1
406;89;4;Colonie orque;Orques;0;0;0;0;9;1;0.00;0;1.00;0;7;0;0;6;14;0;0;0.00;642;0;14;-308.59;1
406;89;5;Colonie humaine;Humains;0;0;33;0;55;4;0.70;1;1.00;0;19;0;28;11;195;0;0;0.00;14;198;20;-10871.59;0
406;89;6;Colonie naine;Nains;0;0;33;4;44;4;0.62;5;1.00;20;19;0;5;15;77;0;0;0.00;540;75;20;-10675.12;1
406;90;1;Première colonie;Humains;0;0;33;3;39;4;0.68;5;1.00;0;19;0;28;13;175;0;0;0.00;26;205;20;-10131.95;0
406;90;2;Colonie naine;Nains;0;0;34;6;24;3;0.68;0;1.00;0;19;0;9;14;92;0;0;0.00;29;172;20;-5102.97;0
406;90;3;Colonie elfe;Elfes;0;0;44;6;39;3;0.66;6;1.00;40;19;0;4;13;29;0;0;0.00;132;116;20;-8846.06;1
406;90;4;Colonie orque;Orques;0;0;0;0;9;1;0.00;0;1.00;0;7;0;0;6;14;0;0;0.00;642;0;14;-308.59;1
406;90;5;Colonie humaine;Humains;0;0;28;0;55;4;0.71;0;1.00;0;19;0;28;11;202;0;0;0.00;24;198;20;-11007.39;0
406;90;6;Colonie naine;Nains;0;0;21;4;44;4;0.74;0;1.00;20;19;0;5;15;78;0;0;0.00;380;143;20;-10675.12;1
406;91;1;Première colonie;Humains;0;0;31;0;39;4;0.69;3;1.00;0;19;0;28;13;177;0;0;0.00;14;214;20;-10186.76;0
406;91;2;Colonie naine;Nains;0;0;34;5;24;3;0.67;0;1.00;0;19;0;9;14;92;0;0;0.00;15;189;20;-5169.39;0
406;91;3;Colonie elfe;Elfes;0;0;21;6;39;3;0.68;0;1.00;40;19;0;4;13;30;0;0;0.00;69;158;20;-8938.35;1
406;91;4;Colonie orque;Orques;0;0;0;0;9;1;0.00;0;1.00;0;7;0;0;6;14;0;0;0.00;642;0;14;-308.59;1
406;91;5;Colonie humaine;Humains;0;0;23;0;55;4;0.69;0;1.00;0;19;0;28;11;207;0;0;0.00;0;210;20;-11076.46;0
406;91;6;Colonie naine;Nains;0;0;21;2;45;4;0.72;0;1.00;20;19;0;8;15;80;0;0;0.00;462;194;20;-10794.06;1
406;92;1;Première colonie;Humains;0;0;33;0;39;4;0.67;5;1.00;0;19;0;28;13;178;0;0;0.00;7;233;20;-10266.60;0
406;92;2;Colonie naine;Nains;0;0;33;5;24;3;0.64;0;1.00;0;19;0;6;14;94;0;0;0.00;31;134;20;-5214.01;0
406;92;3;Colonie elfe;Elfes;0;0;20;6;38;3;0.69;0;1.00;40;19;0;11;13;31;0;0;0.00;105;122;20;-8995.80;1
406;92;4;Colonie orque;Orques;0;0;0;0;9;1;0.00;0;1.00;0;7;0;0;6;14;0;0;0.00;642;0;14;-308.59;1
406;92;5;Colonie humaine;Humains;0;0;23;1;55;4;0.72;0;1.00;0;19;0;28;11;209;0;0;0.00;0;157;20;-11176.96;0
406;92;6;Colonie naine;Nains;0;0;21;2;45;4;0.75;0;1.00;20;19;0;15;15;80;0;0;0.00;450;135;20;-10930.75;1
406;93;1;Première colonie;Humains;0;0;32;1;39;4;0.69;4;1.00;0;19;0;28;13;182;0;0;0.00;7;221;20;-10419.09;0
406;93;2;Colonie naine;Nains;0;0;32;4;24;3;0.61;0;1.00;0;19;0;3;14;95;0;0;0.00;31;54;20;-5214.01;0
406;93;3;Colonie elfe;Elfes;0;0;24;7;38;3;0.72;0;1.00;40;19;0;12;13;31;0;0;0.00;84;176;20;-9092.38;1
406;93;4;Colonie orque;Orques;0;0;0;0;9;1;0.00;0;1.00;0;7;0;0;6;14;0;0;0.00;642;0;14;-308.59;1
406;93;5;Colonie humaine;Humains;0;0;19;1;55;4;0.74;0;1.00;0;19;0;28;11;215;0;0;0.00;0;215;20;-11319.65;0
406;93;6;Colonie naine;Nains;0;0;28;1;45;4;0.71;2;1.00;20;19;0;17;15;81;0;0;0.00;450;170;20;-11008.07;1
406;94;1;Première colonie;Humains;0;0;34;3;39;4;0.71;6;1.00;0;19;0;28;13;185;0;0;0.00;7;228;20;-10464.74;0
406;94;2;Colonie naine;Nains;0;0;30;2;23;3;0.62;0;1.00;0;19;0;1;14;99;0;0;0.00;65;47;20;-5238.73;0
406;94;3;Colonie elfe;Elfes;0;0;25;7;38;3;0.70;0;1.00;40;19;0;15;13;32;0;0;0.00;87;179;20;-9212.25;1
406;94;4;Colonie orque;Orques;0;0;0;0;9;1;0.00;0;1.00;0;7;0;0;6;14;0;0;0.00;642;0;14;-308.59;1
406;94;5;Colonie humaine;Humains;0;0;22;2;55;4;0.73;0;1.00;0;19;0;28;11;215;0;0;0.00;27;201;20;-11385.68;0
406;94;6;Colonie naine;Nains;0;0;28;1;45;4;0.70;2;1.00;20;19;0;17;15;83;0;0;0.00;445;190;20;-11171.82;1
406;95;1;Première colonie;Humains;0;0;32;4;39;4;0.76;4;1.00;0;19;0;28;13;188;0;0;0.00;10;207;20;-10579.96;0
406;95;2;Colonie naine;Nains;0;0;30;2;23;3;0.67;0;1.00;0;19;0;1;14;100;0;0;0.00;46;99;20;-5238.73;0
406;95;3;Colonie elfe;Elfes;0;0;26;6;38;3;0.71;0;1.00;40;19;0;16;13;32;0;0;0.00;73;178;20;-9307.89;1
406;95;4;Colonie orque;Orques;0;0;0;0;9;1;0.00;0;1.00;0;7;0;0;6;14;0;0;0.00;642;0;14;-308.59;1
406;95;5;Colonie humaine;Humains;0;0;23;3;55;4;0.77;0;1.00;0;19;0;28;11;217;0;0;0.00;28;198;20;-11481.72;0
406;95;6;Colonie naine;Nains;0;0;29;2;45;4;0.69;4;1.00;20;19;0;17;15;85;0;0;0.00;386;197;20;-11271.76;1
406;96;1;Première colonie;Humains;0;0;33;5;39;4;0.67;5;1.00;0;19;0;28;13;189;0;0;0.00;13;190;20;-10737.45;0
406;96;2;Colonie naine;Nains;0;0;30;1;23;3;0.69;0;1.00;0;19;0;1;14;100;0;0;0.00;34;156;20;-5238.73;0
406;96;3;Colonie elfe;Elfes;0;0;33;8;38;3;0.73;0;1.00;40;19;0;16;13;32;0;0;0.00;14;218;20;-9444.65;1
406;96;4;Colonie orque;Orques;0;0;0;0;9;1;0.00;0;1.00;0;7;0;0;6;14;0;0;0.00;642;0;14;-308.59;1
406;96;5;Colonie humaine;Humains;0;0;24;3;55;4;0.72;0;1.00;0;19;0;28;11;218;0;0;0.00;82;213;20;-11640.09;0
406;96;6;Colonie naine;Nains;0;0;31;4;45;4;0.68;5;1.00;20;19;0;17;15;85;0;0;0.00;467;195;20;-11357.25;1
406;97;1;Première colonie;Humains;0;0;32;3;39;4;0.71;4;1.00;0;19;0;28;13;190;0;0;0.00;13;193;20;-10758.94;0
406;97;2;Colonie naine;Nains;0;0;29;1;23;3;0.61;0;1.00;0;19;0;1;14;101;0;0;0.00;39;66;20;-5279.05;0
406;97;3;Colonie elfe;Elfes;0;0;35;8;38;3;0.73;0;1.00;40;19;0;16;13;32;0;0;0.00;41;264;20;-9454.65;1
406;97;4;Colonie orque;Orques;0;0;0;0;9;1;0.00;0;1.00;0;7;0;0;6;14;0;0;0.00;642;0;14;-308.59;1
406;97;5;Colonie humaine;Humains;0;0;26;3;55;4;0.75;0;1.00;0;19;0;28;11;218;0;0;0.00;1;182;20;-11670.49;0
406;97;6;Colonie naine;Nains;0;0;31;4;45;4;0.70;6;1.00;20;19;0;17;15;85;0;0;0.00;473;213;20;-11414.42;1
406;98;1;Première colonie;Humains;0;0;34;5;39;4;0.68;6;1.00;0;19;0;28;13;191;0;0;0.00;13;206;20;-10911.82;0
406;98;2;Colonie naine;Nains;0;0;29;0;23;3;0.62;0;1.00;0;19;0;1;14;101;0;0;0.00;39;66;20;-5279.05;0
406;98;3;Colonie elfe;Elfes;0;0;40;8;38;3;0.72;2;1.00;40;19;0;16;13;32;0;0;0.00;29;277;20;-9602.71;1
406;98;4;Colonie orque;Orques;0;0;0;0;9;1;0.00;0;1.00;0;7;0;0;6;14;0;0;0.00;642;0;14;-308.59;1
406;98;5;Colonie humaine;Humains;0;0;28;1;55;4;0.73;0;1.00;0;19;0;28;11;221;0;0;0.00;1;198;20;-11750.96;0
406;98;6;Colonie naine;Nains;0;0;31;4;45;4;0.68;6;1.00;20;19;0;17;15;85;0;0;0.00;449;184;20;-11576.12;1
406;99;1;Première colonie;Humains;0;0;36;5;39;4;0.67;8;1.00;0;19;0;28;13;191;0;0;0.00;16;224;20;-11004.24;0
406;99;2;Colonie naine;Nains;0;0;28;0;23;3;0.69;0;1.00;0;19;0;1;14;102;0;0;0.00;13;162;20;-5294.99;0
406;99;3;Colonie elfe;Elfes;0;0;40;8;31;2;0.77;11;1.00;40;19;0;16;13;32;0;0;0.00;3;201;20;-9760.88;1
406;99;4;Colonie orque;Orques;0;0;0;0;9;1;0.00;0;1.00;0;7;0;0;6;14;0;0;0.00;642;0;14;-308.59;1
406;99;5;Colonie humaine;Humains;0;0;28;2;55;4;0.73;0;1.00;0;19;0;28;11;223;0;0;0.00;32;190;20;-11842.86;0
406;99;6;Colonie naine;Nains;0;0;30;4;45;4;0.71;5;1.00;20;19;0;17;15;86;0;0;0.00;449;185;20;-11638.88;1
406;100;1;Première colonie;Humains;0;0;33;5;39;4;0.67;5;1.00;0;19;0;28;13;194;0;0;0.00;16;189;20;-11090.78;0
406;100;2;Colonie naine;Nains;0;0;29;1;23;3;0.70;0;1.00;0;19;0;1;14;104;0;0;0.00;13;178;20;-5335.84;0
406;100;3;Colonie elfe;Elfes;0;0;41;9;31;2;0.73;12;1.00;40;19;0;16;13;32;0;0;0.00;32;200;20;-9790.95;1
406;100;4;Colonie orque;Orques;0;0;0;0;9;1;0.00;0;1.00;0;7;0;0;6;14;0;0;0.00;642;0;14;-308.59;1
406;100;5;Colonie humaine;Humains;0;0;28;2;55;4;0.72;0;1.00;0;19;0;28;11;225;0;0;0.00;16;189;20;-11923.67;0
406;100;6;Colonie naine;Nains;0;0;32;6;45;4;0.71;7;1.00;20;19;0;17;15;86;0;0;0.00;431;193;20;-11758.31;1
407;1;1;Première colonie;Humains;0;0;14;1;7;1;0.68;0;1.00;0;5;0;0;4;0;0;0;0.00;460;71;9;-328.83;0
407;1;2;Colonie naine;Nains;0;0;12;0;6;1;0.66;0;1.00;0;5;0;0;3;0;0;0;0.00;391;38;7;-221.02;0
407;1;3;Colonie elfe;Elfes;0;0;13;0;7;1;0.73;0;1.00;0;7;0;0;3;0;0;0;0.00;325;65;2;-95.75;0
407;1;4;Colonie orque;Orques;0;0;14;0;4;1;0.61;2;1.00;0;5;0;0;6;0;0;0;0.00;506;21;5;-306.60;0
407;1;5;Colonie humaine;Humains;0;0;14;0;7;1;0.68;0;1.00;0;5;0;0;4;0;0;0;0.00;350;60;7;-96.50;0
407;1;6;Colonie naine;Nains;0;0;12;0;7;1;0.69;0;1.00;0;5;0;0;3;0;0;0;0.00;358;76;2;-93.48;0
407;2;1;Première colonie;Humains;0;0;15;2;12;1;0.69;0;1.00;0;6;0;0;4;0;0;0;0.00;460;62;10;-328.83;0
407;2;2;Colonie naine;Nains;0;0;16;2;9;1;0.68;0;1.00;0;6;0;0;3;0;0;0;0.00;450;69;10;-489.37;0
407;2;3;Colonie elfe;Elfes;0;0;14;1;10;1;0.71;0;1.00;0;7;0;0;3;0;0;0;0.00;285;63;6;-610.92;0
407;2;4;Colonie orque;Orques;0;0;16;1;8;1;0.64;0;1.00;0;6;0;0;6;1;0;0;0.00;525;29;6;-306.60;0
407;2;5;Colonie humaine;Humains;0;0;16;0;12;1;0.63;0;1.00;0;6;0;0;6;0;0;0;0.00;307;78;8;-96.50;0
407;2;6;Colonie naine;Nains;0;0;16;0;9;1;0.68;0;1.00;0;6;0;0;3;0;0;0;0.00;346;81;4;-229.79;0
407;3;1;Première colonie;Humains;0;0;17;4;17;1;0.67;0;1.00;0;7;0;0;4;0;0;0;0.00;545;86;18;-643.60;0
407;3;2;Colonie naine;Nains;0;0;18;2;13;1;0.69;0;1.00;0;7;0;0;4;0;0;0;0.00;356;115;16;-653.48;0
407;3;3;Colonie elfe;Elfes;0;0;15;2;10;1;0.70;0;1.00;10;8;0;0;3;1;0;0;0.00;294;70;8;-897.71;0
407;3;4;Colonie orque;Orques;0;0;17;2;8;1;0.67;1;1.00;0;8;0;0;7;1;0;0;0.00;496;22;9;-387.12;0
407;3;5;Colonie humaine;Humains;0;0;23;3;16;1;0.65;0;1.00;0;7;0;0;6;0;0;0;0.00;375;90;18;-634.25;0
407;3;6;Colonie naine;Nains;0;0;18;2;16;1;0.72;0;1.00;0;7;0;0;3;0;0;0;0.00;304;103;9;-781.27;0
407;4;1;Première colonie;Humains;0;0;22;4;19;1;0.73;0;1.00;0;8;1;0;4;0;0;0;0.00;78;132;20;-1092.29;0
407;4;2;Colonie naine;Nains;0;0;20;3;17;1;0.72;0;1.00;0;8;0;0;4;0;0;0;0.00;392;117;20;-851.40;0
407;4;3;Colonie elfe;Elfes;0;0;16;3;15;1;0.72;0;1.00;10;9;0;0;3;1;0;0;0.00;294;59;10;-1170.99;0
407;4;4;Colonie orque;Orques;0;0;17;0;9;1;0.67;0;1.00;0;9;0;0;7;1;0;0;0.00;534;35;13;-515.84;0
407;4;5;Colonie humaine;Humains;0;0;24;4;21;1;0.73;0;1.00;0;9;0;2;8;0;0;0;0.00;332;67;20;-634.25;0
407;4;6;Colonie naine;Nains;0;0;20;3;24;1;0.71;0;1.00;0;8;0;0;4;0;0;0;0.00;646;101;14;-950.12;0
407;5;1;Première colonie;Humains;0;0;24;4;20;1;0.73;0;1.00;0;10;1;0;5;0;0;0;0.00;67;112;20;-1338.74;0
407;5;2;Colonie naine;Nains;0;0;27;6;17;1;0.69;3;1.00;0;10;0;0;4;0;0;0;0.00;644;117;20;-1159.81;0
407;5;3;Colonie elfe;Elfes;0;0;17;4;21;1;0.76;0;1.00;10;10;0;0;3;1;0;0;0.00;294;85;13;-1475.93;0
407;5;4;Colonie orque;Orques;0;0;14;0;10;1;0.74;0;1.00;0;11;0;0;7;4;0;0;0.00;470;32;16;-559.65;0
407;5;5;Colonie humaine;Humains;0;0;29;6;23;1;0.64;1;1.00;0;11;0;2;9;0;0;0;0.00;101;39;20;-634.49;0
407;5;6;Colonie naine;Nains;0;0;22;4;27;1;0.70;0;1.00;0;10;1;0;5;0;0;0;0.00;729;95;17;-1267.57;0
407;6;1;Première colonie;Humains;0;0;27;3;21;1;0.71;0;1.00;0;12;1;1;5;0;0;0;0.00;67;166;20;-1578.46;0
407;6;2;Colonie naine;Nains;0;0;29;7;20;2;0.69;1;1.00;0;12;0;0;5;0;0;0;0.00;693;152;20;-1438.91;0
407;6;3;Colonie elfe;Elfes;0;0;17;4;24;1;0.73;0;1.00;10;11;0;0;3;1;0;0;0.00;402;107;17;-1918.03;0
407;6;4;Colonie orque;Orques;0;0;12;0;12;1;0.69;0;1.00;0;12;0;0;7;6;0;0;0.00;549;32;20;-737.49;0
407;6;5;Colonie humaine;Humains;0;0;29;3;24;1;0.73;0;1.00;0;13;1;2;10;0;0;0;0.00;11;125;20;-752.20;0
407;6;6;Colonie naine;Nains;0;0;26;6;28;1;0.73;0;1.00;0;12;1;0;5;0;0;0;0.00;581;122;20;-1518.80;0
407;7;1;Première colonie;Humains;0;0;29;2;25;2;0.74;0;1.00;0;13;1;1;6;1;0;0;0.00;60;164;20;-1835.65;0
407;7;2;Colonie naine;Nains;0;0;33;8;24;2;0.72;1;1.00;0;13;0;1;6;0;0;0;0.00;608;160;20;-1634.83;0
407;7;3;Colonie elfe;Elfes;0;0;19;4;24;1;0.74;0;1.00;10;13;1;1;3;1;0;0;0.00;284;132;20;-2192.90;0
407;7;4;Colonie orque;Orques;0;0;10;0;14;1;0.72;0;1.00;0;13;0;0;7;8;0;0;0.00;606;57;20;-895.73;0
407;7;5;Colonie humaine;Humains;0;0;30;3;25;2;0.64;0;1.00;0;14;1;2;10;0;0;0;0.00;16;42;20;-790.88;0
407;7;6;Colonie naine;Nains;0;0;26;6;29;1;0.75;0;1.00;0;13;1;1;5;0;0;0;0.00;657;117;20;-1831.50;0
407;8;1;Première colonie;Humains;0;0;32;3;28;2;0.70;0;1.00;0;14;1;1;7;2;0;0;0.00;3;185;20;-2051.92;0
407;8;2;Colonie naine;Nains;0;0;35;9;26;2;0.72;0;1.00;0;14;0;2;6;1;0;0;0.00;440;187;20;-2002.86;0
407;8;3;Colonie elfe;Elfes;0;0;20;5;24;1;0.75;0;1.00;10;13;1;1;4;1;0;0;0.00;381;96;20;-2452.17;0
407;8;4;Colonie orque;Orques;0;0;7;0;16;1;0.52;0;1.00;0;13;0;0;7;12;0;0;0.00;599;25;20;-1048.31;0
407;8;5;Colonie humaine;Humains;0;0;29;1;25;2;0.67;0;1.00;0;15;1;1;11;1;0;0;0.00;70;49;20;-888.42;0
407;8;6;Colonie naine;Nains;0;0;28;7;31;1;0.73;0;1.00;0;13;1;2;5;0;0;0;0.00;641;97;20;-2236.14;0
407;9;1;Première colonie;Humains;0;0;34;2;29;2;0.74;0;1.00;0;15;1;2;7;2;0;0;0.00;61;235;20;-2285.10;0
407;9;2;Colonie naine;Nains;0;0;36;10;27;2;0.73;0;1.00;0;15;0;2;8;1;0;0;0.00;239;107;20;-2247.74;0
407;9;3;Colonie elfe;Elfes;0;0;23;6;28;1;0.75;0;1.00;10;14;1;1;4;1;0;0;0.00;422;138;20;-2706.33;0
407;9;4;Colonie orque;Orques;0;0;5;0;17;1;0.70;0;1.00;0;14;0;0;7;15;0;0;0.00;799;16;20;-1188.04;0
407;9;5;Colonie humaine;Humains;0;0;13;1;25;2;0.19;0;1.00;0;16;1;1;11;9;0;0;0.00;46;19;20;-888.42;1
407;9;6;Colonie naine;Nains;0;0;35;9;33;2;0.71;0;1.00;0;14;1;5;5;0;0;0;0.00;585;200;20;-2516.74;0
407;10;1;Première colonie;Humains;0;0;34;4;31;2;0.70;0;1.00;0;16;1;3;7;6;0;0;0.00;13;244;20;-2544.09;0
407;10;2;Colonie naine;Nains;0;0;36;9;27;2;0.69;0;1.00;0;16;0;2;9;1;0;0;0.00;284;35;20;-2299.55;0
407;10;3;Colonie elfe;Elfes;0;0;27;9;28;1;0.72;3;1.00;10;15;1;1;5;1;0;0;0.00;344;156;20;-2957.38;0
407;10;4;Colonie orque;Orques;0;0;12;1;17;1;0.74;0;1.00;0;15;0;0;7;16;0;0;0.00;787;63;20;-1406.62;0
407;10;5;Colonie humaine;Humains;0;0;10;0;25;2;0.70;0;1.00;0;16;1;1;11;9;0;0;0.00;377;48;20;-919.30;1
407;10;6;Colonie naine;Nains;0;0;37;8;35;2;0.74;0;1.00;0;15;1;11;7;0;0;0;0.00;360;182;20;-2632.92;0
407;11;1;Première colonie;Humains;0;0;31;3;34;2;0.73;0;1.00;0;17;1;6;8;10;0;0;0.00;3;168;20;-2770.33;0
407;11;2;Colonie naine;Nains;0;0;17;6;27;2;0.72;0;1.00;0;16;0;2;9;1;0;0;0.00;308;64;20;-2299.55;1
407;11;3;Colonie elfe;Elfes;0;0;29;9;29;1;0.76;1;1.00;10;16;1;5;5;1;0;0;0.00;295;176;20;-3185.83;0
407;11;4;Colonie orque;Orques;0;0;16;2;17;1;0.67;0;1.00;0;16;0;3;7;16;0;0;0.00;137;50;20;-1751.25;0
407;11;5;Colonie humaine;Humains;0;0;10;0;26;2;0.64;0;1.00;0;16;1;1;11;9;0;0;0.00;470;68;20;-1023.03;1
407;11;6;Colonie naine;Nains;0;0;40;10;40;2;0.73;0;1.00;0;16;1;13;8;0;0;0;0.00;972;165;20;-2670.92;0
407;12;1;Première colonie;Humains;0;0;32;5;36;2;0.74;0;1.00;0;18;1;6;8;11;0;0;0.00;158;199;20;-3012.93;0
407;12;2;Colonie naine;Nains;0;0;21;6;27;2;0.73;0;1.00;0;17;0;3;9;1;0;0;0.00;409;105;20;-2371.89;1
407;12;3;Colonie elfe;Elfes;0;0;31;9;32;2;0.74;0;1.00;10;16;1;9;5;1;0;0;0.00;138;195;20;-3529.69;0
407;12;4;Colonie orque;Orques;0;0;20;2;18;1;0.65;0;1.00;0;17;0;5;7;16;0;0;0.00;39;48;20;-1930.15;0
407;12;5;Colonie humaine;Humains;0;0;12;1;26;2;0.69;0;1.00;0;17;1;5;11;10;0;0;0.00;42;54;20;-1110.75;1
407;12;6;Colonie naine;Nains;0;0;44;9;41;2;0.72;4;1.00;0;17;1;13;9;0;0;0;0.00;1217;185;20;-2926.78;0
407;13;1;Première colonie;Humains;0;0;32;4;40;2;0.78;0;1.00;0;19;1;6;8;13;0;0;0.00;30;168;20;-3253.00;0
407;13;2;Colonie naine;Nains;0;0;22;5;27;2;0.68;0;1.00;0;17;0;3;9;1;0;0;0.00;291;102;20;-2457.21;1
407;13;3;Colonie elfe;Elfes;0;0;32;9;32;3;0.75;0;1.00;10;17;1;9;6;1;0;0;0.00;198;229;20;-3760.17;0
407;13;4;Colonie orque;Orques;0;0;20;2;18;1;0.62;0;1.00;0;17;0;3;7;17;0;0;0.00;30;38;20;-2021.71;0
407;13;5;Colonie humaine;Humains;0;0;12;2;26;2;0.78;0;1.00;0;17;1;10;11;11;0;0;0.00;118;64;20;-1243.04;1
407;13;6;Colonie naine;Nains;0;0;44;9;42;2;0.72;4;1.00;0;18;1;13;10;0;0;0;0.00;1174;198;20;-3429.58;0
407;14;1;Première colonie;Humains;0;0;33;4;40;2;0.75;0;1.00;0;19;1;10;8;14;0;0;0.00;6;177;20;-3529.23;0
407;14;2;Colonie naine;Nains;0;0;23;3;28;2;0.72;0;1.00;0;18;0;3;9;1;0;0;0.00;291;120;20;-2580.78;1
407;14;3;Colonie elfe;Elfes;0;0;33;9;34;3;0.74;0;1.00;10;18;1;9;7;2;0;0;0.00;198;230;20;-3885.37;0
407;14;4;Colonie orque;Orques;0;0;20;1;18;1;0.67;0;1.00;0;18;0;3;7;18;0;0;0.00;68;60;20;-2168.05;0
407;14;5;Colonie humaine;Humains;0;0;12;2;26;2;0.75;0;1.00;0;18;1;10;11;12;0;0;0.00;326;59;20;-1638.74;1
407;14;6;Colonie naine;Nains;0;0;45;8;44;2;0.71;5;1.00;0;19;1;13;10;0;0;0;0.00;1157;202;20;-3727.15;0
407;15;1;Première colonie;Humains;0;0;35;2;40;2;0.71;0;1.00;0;19;1;18;8;16;0;0;0.00;143;192;20;-3709.44;0
407;15;2;Colonie naine;Nains;0;0;23;2;29;2;0.72;0;1.00;0;19;0;3;9;1;0;0;0.00;243;119;20;-2728.14;1
407;15;3;Colonie elfe;Elfes;0;0;38;11;34;3;0.70;0;1.00;10;19;1;9;7;2;0;0;0.00;234;228;20;-4188.39;0
407;15;4;Colonie orque;Orques;0;0;19;0;18;1;0.62;0;1.00;0;19;0;3;7;19;0;0;0.00;62;37;20;-2211.49;0
407;15;5;Colonie humaine;Humains;0;0;14;1;26;2;0.73;0;1.00;0;19;1;10;11;12;0;0;0.00;173;52;20;-1948.27;1
407;15;6;Colonie naine;Nains;0;0;45;4;46;3;0.72;2;1.00;0;19;1;14;10;1;0;0;0.00;1163;188;20;-3954.05;0
407;16;1;Première colonie;Humains;0;0;39;2;40;2;0.72;0;1.00;0;19;1;18;8;16;0;0;0.00;5;190;20;-3943.99;0
407;16;2;Colonie naine;Nains;0;0;27;4;29;2;0.71;0;1.00;0;19;0;3;10;1;0;0;0.00;198;138;20;-2827.55;1
407;16;3;Colonie elfe;Elfes;0;0;42;11;38;4;0.72;0;1.00;10;19;1;9;8;2;0;0;0.00;206;228;20;-4434.38;0
407;16;4;Colonie orque;Orques;0;0;15;0;18;1;0.75;0;1.00;0;19;0;4;7;22;0;0;0.00;265;64;20;-2321.88;0
407;16;5;Colonie humaine;Humains;0;0;16;1;26;2;0.80;0;1.00;0;19;1;10;11;13;0;0;0.00;144;77;20;-2174.35;1
407;16;6;Colonie naine;Nains;0;0;46;4;46;3;0.72;3;1.00;0;19;1;14;12;2;0;0;0.00;1148;210;20;-4334.88;0
407;17;1;Première colonie;Humains;0;0;38;2;40;2;0.78;0;1.00;0;19;1;19;8;18;0;0;0.00;185;206;20;-4189.01;0
407;17;2;Colonie naine;Nains;0;0;27;4;29;2;0.70;0;1.00;0;19;0;4;10;2;0;0;0.00;155;157;20;-2960.88;1
407;17;3;Colonie elfe;Elfes;0;0;42;10;39;4;0.71;0;1.00;10;19;1;9;8;2;0;0;0.00;170;257;20;-4637.10;0
407;17;4;Colonie orque;Orques;0;0;14;2;18;1;0.72;0;1.00;0;19;0;4;7;27;0;0;0.00;242;54;20;-2561.03;0
407;17;5;Colonie humaine;Humains;0;0;18;2;26;2;0.79;0;1.00;0;19;1;11;11;13;0;0;0.00;110;107;20;-2434.87;1
407;17;6;Colonie naine;Nains;0;0;48;1;47;4;0.63;1;1.00;0;19;1;14;12;3;0;0;0.00;1107;270;20;-4563.29;0
407;18;1;Première colonie;Humains;0;0;39;3;40;2;0.73;0;1.00;0;19;1;19;8;20;0;0;0.00;161;199;20;-4282.55;0
407;18;2;Colonie naine;Nains;0;0;29;4;29;2;0.73;0;1.00;0;19;0;5;10;2;0;0;0.00;234;163;20;-3272.52;1
407;18;3;Colonie elfe;Elfes;0;0;45;10;43;4;0.73;1;1.00;10;19;1;9;8;2;0;0;0.00;170;290;20;-4970.59;0
407;18;4;Colonie orque;Orques;0;0;11;1;18;1;0.63;0;1.00;0;19;0;5;7;30;0;0;0.00;244;31;20;-2675.15;0
407;18;5;Colonie humaine;Humains;0;0;20;3;26;2;0.72;0;1.00;0;19;1;12;11;13;0;0;0.00;51;92;20;-2685.20;1
407;18;6;Colonie naine;Nains;0;0;47;0;49;4;0.74;0;1.00;0;19;1;14;13;4;0;0;0.00;1077;232;20;-4563.29;0
407;19;1;Première colonie;Humains;0;0;38;3;40;2;0.75;0;1.00;0;19;1;20;8;26;0;0;0.00;41;215;20;-4639.73;0
407;19;2;Colonie naine;Nains;0;0;31;4;30;2;0.71;0;1.00;0;19;0;8;10;2;0;0;0.00;243;149;20;-3367.65;1
407;19;3;Colonie elfe;Elfes;0;0;45;10;43;4;0.73;1;1.00;10;19;1;9;8;2;0;0;0.00;224;320;20;-5056.86;0
407;19;4;Colonie orque;Orques;0;0;11;0;18;1;0.71;0;1.00;0;19;0;4;7;31;0;0;0.00;276;47;20;-2986.56;0
407;19;5;Colonie humaine;Humains;0;0;26;2;26;2;0.73;0;1.00;0;19;1;14;11;13;0;0;0.00;33;117;20;-2913.33;1
407;19;6;Colonie naine;Nains;0;0;49;1;50;4;0.72;2;1.00;0;19;1;14;13;4;0;0;0.00;1124;305;20;-4563.29;0
407;20;1;Première colonie;Humains;0;0;39;3;40;2;0.72;1;1.00;0;19;1;20;8;26;0;0;0.00;224;220;20;-4805.00;0
407;20;2;Colonie naine;Nains;0;0;33;5;31;2;0.73;0;1.00;0;19;0;10;10;3;0;0;0.00;271;162;20;-3409.28;1
407;20;3;Colonie elfe;Elfes;0;0;46;10;43;4;0.70;2;1.00;10;19;1;9;9;2;0;0;0.00;266;266;20;-5172.94;0
407;20;4;Colonie orque;Orques;0;0;15;0;18;1;0.73;0;1.00;0;19;0;5;7;33;0;0;0.00;129;62;20;-3139.96;0
407;20;5;Colonie humaine;Humains;0;0;29;1;26;2;0.67;0;1.00;0;19;1;14;11;13;0;0;0.00;20;119;20;-3124.00;1
407;20;6;Colonie naine;Nains;0;0;47;1;52;4;0.71;0;1.00;0;19;1;14;13;7;0;0;0.00;996;229;20;-4649.95;0
407;21;1;Première colonie;Humains;0;0;43;4;40;2;0.73;5;1.00;0;19;1;20;8;27;0;0;0.00;195;226;20;-4934.92;0
407;21;2;Colonie naine;Nains;0;0;35;7;33;2;0.69;0;1.00;0;19;0;13;10;4;0;0;0.00;413;193;20;-3709.07;1
407;21;3;Colonie elfe;Elfes;0;0;47;9;43;4;0.72;3;1.00;10;19;1;9;9;2;0;0;0.00;327;257;20;-5468.15;0
407;21;4;Colonie orque;Orques;0;0;15;0;18;1;0.75;0;1.00;0;19;0;3;7;33;0;0;0.00;268;76;20;-3366.01;0
407;21;5;Colonie humaine;Humains;0;0;28;1;28;3;0.75;0;1.00;0;19;1;17;11;15;0;0;0.00;276;125;20;-3412.01;1
407;21;6;Colonie naine;Nains;0;0;47;3;57;4;0.72;0;1.00;0;19;1;20;13;9;0;0;0.00;410;247;20;-4941.20;0
407;22;1;Première colonie;Humains;0;0;38;4;40;2;0.75;1;1.00;0;19;1;20;9;34;0;0;0.00;223;206;20;-5148.82;0
407;22;2;Colonie naine;Nains;0;0;40;8;34;2;0.71;0;1.00;0;19;0;17;10;4;0;0;0.00;430;159;20;-3972.63;1
407;22;3;Colonie elfe;Elfes;0;0;48;6;43;4;0.69;4;1.00;10;19;1;9;9;2;0;0;0.00;577;233;20;-5744.28;0
407;22;4;Colonie orque;Orques;0;0;15;0;18;1;0.74;0;1.00;0;19;0;3;7;33;0;0;0.00;120;65;20;-3610.58;0
407;22;5;Colonie humaine;Humains;0;0;28;1;28;3;0.73;0;1.00;0;19;1;17;12;16;0;0;0.00;137;99;20;-3538.71;1
407;22;6;Colonie naine;Nains;0;0;49;5;60;4;0.72;3;1.00;0;19;1;21;13;12;0;0;0.00;387;232;20;-5025.86;0
407;23;1;Première colonie;Humains;0;0;38;4;40;2;0.74;1;1.00;0;19;1;20;9;37;0;0;0.00;34;212;20;-5401.28;0
407;23;2;Colonie naine;Nains;0;0;42;10;34;2;0.72;0;1.00;0;19;0;17;10;4;0;0;0.00;428;187;20;-4191.52;1
407;23;3;Colonie elfe;Elfes;0;0;47;6;44;4;0.71;5;1.00;10;19;1;9;9;4;0;0;0.00;655;265;20;-6052.61;1
407;23;4;Colonie orque;Orques;0;0;16;1;18;1;0.73;0;1.00;0;19;0;5;7;35;0;0;0.00;64;59;20;-3827.15;0
407;23;5;Colonie humaine;Humains;0;0;29;3;28;3;0.75;0;1.00;0;19;1;18;12;17;0;0;0.00;284;132;20;-3583.70;1
407;23;6;Colonie naine;Nains;0;0;49;6;62;4;0.65;4;1.00;0;19;1;21;13;14;0;0;0.00;387;258;20;-5382.16;0
407;24;1;Première colonie;Humains;0;0;39;3;40;2;0.73;2;1.00;0;19;1;20;9;38;0;0;0.00;6;190;20;-5497.56;0
407;24;2;Colonie naine;Nains;0;0;42;9;35;2;0.73;0;1.00;0;19;0;12;10;4;0;0;0.00;383;123;20;-4483.44;1
407;24;3;Colonie elfe;Elfes;0;0;48;7;45;4;0.72;6;1.00;10;19;1;9;9;4;0;0;0.00;681;263;20;-6150.27;1
407;24;4;Colonie orque;Orques;0;0;13;1;18;1;0.72;0;1.00;0;19;0;3;7;38;0;0;0.00;155;63;20;-3996.88;0
407;24;5;Colonie humaine;Humains;0;0;29;5;28;3;0.75;0;1.00;0;19;1;18;12;20;0;0;0.00;127;143;20;-3943.01;1
407;24;6;Colonie naine;Nains;0;0;47;7;63;4;0.70;4;1.00;0;19;1;21;13;18;0;0;0.00;305;269;20;-5382.16;0
407;25;1;Première colonie;Humains;0;0;37;4;40;2;0.76;1;1.00;0;19;1;21;9;42;0;0;0.00;21;213;20;-5752.74;0
407;25;2;Colonie naine;Nains;0;0;43;10;35;2;0.72;1;1.00;0;19;0;5;10;5;0;0;0.00;444;104;20;-4529.85;1
407;25;3;Colonie elfe;Elfes;0;0;48;7;46;4;0.69;6;1.00;10;19;1;9;9;4;0;0;0.00;605;242;20;-6287.12;1
407;25;4;Colonie orque;Orques;0;0;13;0;18;1;0.72;0;1.00;0;19;0;5;7;43;0;0;0.00;146;71;20;-4255.29;0
407;25;5;Colonie humaine;Humains;0;0;30;6;28;3;0.74;0;1.00;0;19;1;19;12;22;0;0;0.00;211;145;20;-4175.52;1
407;25;6;Colonie naine;Nains;0;0;47;10;63;4;0.72;6;1.00;0;19;1;21;13;22;0;0;0.00;388;275;20;-5701.93;0
407;26;1;Première colonie;Humains;0;0;37;4;40;2;0.71;1;1.00;0;19;1;21;9;47;0;0;0.00;25;199;20;-5993.87;0
407;26;2;Colonie naine;Nains;0;0;43;9;35;2;0.43;0;1.00;0;19;0;4;10;6;0;0;0.00;507;40;20;-4701.82;1
407;26;3;Colonie elfe;Elfes;0;0;48;6;46;4;0.71;6;1.00;10;19;1;9;9;4;0;0;0.00;491;256;20;-6388.70;1
407;26;4;Colonie orque;Orques;0;0;14;1;18;1;0.80;0;1.00;0;19;0;5;7;43;0;0;0.00;21;85;20;-4522.59;0
407;26;5;Colonie humaine;Humains;0;0;36;6;28;3;0.73;3;1.00;0;19;1;19;12;23;0;0;0.00;19;137;20;-4386.88;1
407;26;6;Colonie naine;Nains;0;0;47;11;63;4;0.72;7;1.00;0;19;1;21;13;23;0;0;0.00;479;265;20;-5992.10;0
407;27;1;Première colonie;Humains;0;0;38;4;40;2;0.75;2;1.00;0;19;1;21;9;48;0;0;0.00;8;203;20;-6191.42;0
407;27;2;Colonie naine;Nains;0;0;28;7;35;2;0.75;0;1.00;0;19;0;5;10;7;0;0;0.00;179;160;20;-4748.36;1
407;27;3;Colonie elfe;Elfes;0;0;47;3;47;4;0.69;5;1.00;10;19;1;9;9;5;0;0;0.00;466;269;20;-6568.49;1
407;27;4;Colonie orque;Orques;0;0;14;2;18;1;0.73;0;1.00;0;19;0;10;7;44;0;0;0.00;184;53;20;-4632.84;0
407;27;5;Colonie humaine;Humains;0;0;35;4;28;3;0.71;3;1.00;0;19;1;15;13;25;0;0;0.00;422;154;20;-4346.31;1
407;27;6;Colonie naine;Nains;0;0;48;10;63;4;0.72;8;1.00;0;19;1;21;13;23;0;0;0.00;368;250;20;-6285.50;0
407;28;1;Première colonie;Humains;0;0;36;2;40;2;0.76;0;1.00;0;19;1;21;9;52;0;0;0.00;90;157;20;-6513.27;0
407;28;2;Colonie naine;Nains;0;0;30;4;35;2;0.71;0;1.00;0;19;0;9;10;7;0;0;0.00;331;169;20;-4827.74;1
407;28;3;Colonie elfe;Elfes;0;0;47;2;47;4;0.70;5;1.00;10;19;1;9;9;5;0;0;0.00;358;236;20;-7011.43;1
407;28;4;Colonie orque;Orques;0;0;16;1;18;1;0.75;0;1.00;0;19;0;10;7;45;0;0;0.00;218;60;20;-5004.36;0
407;28;5;Colonie humaine;Humains;0;0;31;3;28;3;0.72;0;1.00;0;19;1;15;13;29;0;0;0.00;311;125;20;-4621.85;1
407;28;6;Colonie naine;Nains;0;0;50;10;63;4;0.70;10;1.00;0;19;1;21;13;23;0;0;0.00;379;260;20;-6545.60;0
407;29;1;Première colonie;Humains;0;0;34;2;41;3;0.76;0;1.00;0;19;1;21;10;56;0;0;0.00;17;205;20;-6698.25;0
407;29;2;Colonie naine;Nains;0;0;31;2;35;2;0.73;0;1.00;0;19;0;12;10;7;0;0;0.00;283;153;20;-5001.46;1
407;29;3;Colonie elfe;Elfes;0;0;48;3;47;4;0.69;6;1.00;10;19;1;9;10;5;0;0;0.00;381;263;20;-7108.26;1
407;29;4;Colonie orque;Orques;0;0;17;0;18;1;0.81;0;1.00;0;19;0;10;7;48;0;0;0.00;410;81;20;-5156.59;0
407;29;5;Colonie humaine;Humains;0;0;31;2;28;3;0.72;0;1.00;0;19;1;19;13;31;0;0;0.00;83;105;20;-4703.00;1
407;29;6;Colonie naine;Nains;0;0;50;9;63;4;0.69;10;1.00;0;19;1;22;13;23;0;0;0.00;372;265;20;-6700.52;0
407;30;1;Première colonie;Humains;0;0;35;3;42;4;0.72;0;1.00;0;19;1;21;10;57;0;0;0.00;7;247;20;-6978.20;0
407;30;2;Colonie naine;Nains;0;0;32;2;35;2;0.69;0;1.00;0;19;0;18;10;7;0;0;0.00;205;148;20;-5157.81;1
407;30;3;Colonie elfe;Elfes;0;0;48;3;47;4;0.70;6;1.00;10;19;1;9;10;5;0;0;0.00;521;251;20;-7517.57;1
407;30;4;Colonie orque;Orques;0;0;14;0;18;1;0.70;0;1.00;0;19;0;12;7;52;0;0;0.00;379;53;20;-5516.18;0
407;30;5;Colonie humaine;Humains;0;0;31;1;28;3;0.72;0;1.00;0;19;1;19;13;33;0;0;0.00;38;95;20;-4880.58;1
407;30;6;Colonie naine;Nains;0;0;49;8;63;4;0.70;9;1.00;0;19;1;22;13;24;0;0;0.00;435;248;20;-6902.77;0
407;31;1;Première colonie;Humains;0;0;35;6;42;4;0.76;0;1.00;0;19;1;21;10;60;0;0;0.00;3;204;20;-7174.56;0
407;31;2;Colonie naine;Nains;0;0;36;2;35;2;0.77;0;1.00;0;19;0;19;10;7;0;0;0.00;183;166;20;-5450.85;1
407;31;3;Colonie elfe;Elfes;0;0;49;5;47;4;0.70;7;1.00;10;19;1;9;10;6;0;0;0.00;416;274;20;-7713.91;1
407;31;4;Colonie orque;Orques;0;0;17;2;18;1;0.80;0;1.00;0;19;0;13;7;53;0;0;0.00;312;106;20;-5855.98;0
407;31;5;Colonie humaine;Humains;0;0;31;1;28;3;0.69;0;1.00;0;19;1;14;13;35;0;0;0.00;53;143;20;-4923.39;1
407;31;6;Colonie naine;Nains;0;0;50;6;63;4;0.74;11;1.00;0;19;1;23;13;25;0;0;0.00;223;326;20;-7179.47;0
407;32;1;Première colonie;Humains;0;0;36;6;42;4;0.72;0;1.00;10;19;1;21;10;63;0;0;0.00;18;188;20;-7297.63;0
407;32;2;Colonie naine;Nains;0;0;37;1;35;2;0.72;0;1.00;0;19;0;19;10;7;0;0;0.00;219;218;20;-5544.67;1
407;32;3;Colonie elfe;Elfes;0;0;48;4;48;4;0.70;7;1.00;10;19;1;9;10;7;0;0;0.00;699;241;20;-7945.50;1
407;32;4;Colonie orque;Orques;0;0;19;4;18;1;0.80;0;1.00;0;19;0;19;7;55;0;0;0.00;165;100;20;-6044.01;0
407;32;5;Colonie humaine;Humains;0;0;31;1;28;3;0.71;0;1.00;0;19;1;18;13;37;0;0;0.00;78;107;20;-5036.39;1
407;32;6;Colonie naine;Nains;0;0;47;5;63;4;0.73;8;1.00;0;19;1;24;13;28;0;0;0.00;227;211;20;-7425.71;0
407;33;1;Première colonie;Humains;0;0;36;4;43;4;0.73;0;1.00;10;19;1;21;11;66;0;0;0.00;131;201;20;-7318.02;0
407;33;2;Colonie naine;Nains;0;0;41;2;36;2;0.73;0;1.00;0;19;0;18;10;7;0;0;0.00;221;189;20;-5664.21;1
407;33;3;Colonie elfe;Elfes;0;0;47;5;51;4;0.72;6;1.00;10;19;1;9;10;10;0;0;0.00;567;257;20;-8147.98;1
407;33;4;Colonie orque;Orques;0;0;23;5;18;1;0.76;3;1.00;0;19;0;21;7;55;0;0;0.00;237;112;20;-6246.73;0
407;33;5;Colonie humaine;Humains;0;0;28;1;28;3;0.76;0;1.00;0;19;1;17;13;40;0;0;0.00;50;151;20;-5225.76;1
407;33;6;Colonie naine;Nains;0;0;44;5;63;4;0.73;7;1.00;0;19;1;24;13;32;0;0;0.00;211;198;20;-7559.03;0
407;34;1;Première colonie;Humains;0;0;37;3;43;4;0.73;0;1.00;10;19;1;21;11;67;0;0;0.00;11;212;20;-7369.45;0
407;34;2;Colonie naine;Nains;0;0;43;4;36;2;0.62;0;1.00;0;19;0;13;11;8;0;0;0.00;390;134;20;-5757.13;1
407;34;3;Colonie elfe;Elfes;0;0;46;5;51;4;0.70;6;1.00;10;19;1;9;10;12;0;0;0.00;409;257;20;-8589.70;1
407;34;4;Colonie orque;Orques;0;0;26;3;18;1;0.73;6;1.00;0;19;0;22;7;55;0;0;0.00;286;109;20;-6383.55;0
407;34;5;Colonie humaine;Humains;0;0;28;2;28;3;0.66;0;1.00;0;19;1;19;13;41;0;0;0.00;3;124;20;-5434.64;1
407;34;6;Colonie naine;Nains;0;0;43;3;63;4;0.71;6;1.00;0;19;1;24;13;33;0;0;0.00;314;260;20;-7943.25;0
407;35;1;Première colonie;Humains;0;0;41;2;43;4;0.73;0;1.00;10;19;1;21;11;67;0;0;0.00;14;266;20;-7481.36;0
407;35;2;Colonie naine;Nains;0;0;44;5;36;2;0.68;0;1.00;0;19;0;6;11;8;0;0;0.00;349;107;20;-5757.13;1
407;35;3;Colonie elfe;Elfes;0;0;45;5;51;4;0.72;5;1.00;10;19;1;9;10;13;0;0;0.00;414;250;20;-8712.37;1
407;35;4;Colonie orque;Orques;0;0;25;2;18;1;0.68;5;1.00;0;19;0;22;7;57;0;0;0.00;158;88;20;-6544.28;0
407;35;5;Colonie humaine;Humains;0;0;27;1;28;3;0.69;0;1.00;0;19;1;20;13;44;0;0;0.00;88;95;20;-5662.80;1
407;35;6;Colonie naine;Nains;0;0;44;4;63;4;0.72;7;1.00;0;19;1;24;13;33;0;0;0.00;368;264;20;-8163.05;0
407;36;1;Première colonie;Humains;0;0;44;5;43;4;0.72;0;1.00;10;19;1;21;11;70;0;0;0.00;89;273;20;-7674.94;0
407;36;2;Colonie naine;Nains;0;0;43;5;36;2;0.57;0;1.00;0;19;0;4;11;9;0;0;0.00;330;52;20;-5828.60;1
407;36;3;Colonie elfe;Elfes;0;0;45;4;51;4;0.72;5;1.00;10;19;1;9;10;13;0;0;0.00;376;248;20;-9096.91;1
407;36;4;Colonie orque;Orques;0;0;24;1;18;1;0.71;4;1.00;0;19;0;22;7;59;0;0;0.00;334;117;20;-6930.52;0
407;36;5;Colonie humaine;Humains;0;0;28;2;28;3;0.76;0;1.00;0;19;1;21;13;45;0;0;0.00;75;160;20;-5755.00;1
407;36;6;Colonie naine;Nains;0;0;43;5;63;4;0.72;6;1.00;0;19;1;24;13;35;0;0;0.00;195;218;20;-8213.18;0
407;37;1;Première colonie;Humains;0;0;43;4;43;4;0.75;0;1.00;10;19;1;21;11;72;0;0;0.00;31;240;20;-7759.57;0
407;37;2;Colonie naine;Nains;0;0;27;4;36;2;0.75;0;1.00;0;19;0;0;11;9;0;0;0.00;235;246;20;-5894.70;1
407;37;3;Colonie elfe;Elfes;0;0;46;5;51;4;0.69;6;1.00;10;19;1;9;10;13;0;0;0.00;263;239;20;-9207.38;1
407;37;4;Colonie orque;Orques;0;0;23;3;18;1;0.76;3;1.00;0;19;0;24;7;64;0;0;0.00;566;104;20;-7176.43;0
407;37;5;Colonie humaine;Humains;0;0;29;4;28;3;0.70;0;1.00;0;19;1;21;13;48;0;0;0.00;72;143;20;-5966.20;1
407;37;6;Colonie naine;Nains;0;0;42;3;63;4;0.72;5;1.00;0;19;1;24;13;36;0;0;0.00;161;198;20;-8621.66;0
407;38;1;Première colonie;Humains;0;0;46;7;43;4;0.72;0;1.00;10;19;1;21;11;75;0;0;0.00;34;239;20;-7984.85;0
407;38;2;Colonie naine;Nains;0;0;31;6;36;2;0.74;0;1.00;0;19;0;0;11;10;0;0;0.00;173;175;20;-5986.15;1
407;38;3;Colonie elfe;Elfes;0;0;45;5;51;4;0.72;6;1.00;10;19;1;9;10;14;0;0;0.00;312;227;20;-9594.38;1
407;38;4;Colonie orque;Orques;0;0;22;3;18;1;0.69;2;1.00;0;19;0;24;7;68;0;0;0.00;497;100;20;-7544.79;0
407;38;5;Colonie humaine;Humains;0;0;33;5;28;3;0.76;1;1.00;0;19;1;22;13;49;0;0;0.00;71;151;20;-6244.88;1
407;38;6;Colonie naine;Nains;0;0;40;5;53;3;0.71;4;1.00;0;19;1;24;13;40;0;0;0.00;239;191;20;-8959.53;0
407;39;1;Première colonie;Humains;0;0;45;6;43;4;0.74;0;1.00;10;19;1;21;11;78;0;0;0.00;28;239;20;-8101.21;0
407;39;2;Colonie naine;Nains;0;0;36;7;37;2;0.72;0;1.00;0;19;0;0;11;10;0;0;0.00;58;142;20;-6163.19;1
407;39;3;Colonie elfe;Elfes;0;0;45;5;51;4;0.74;6;1.00;10;19;1;9;10;14;0;0;0.00;172;250;20;-9801.77;1
407;39;4;Colonie orque;Orques;0;0;25;3;18;1;0.75;5;1.00;0;19;0;24;7;69;0;0;0.00;471;121;20;-7844.87;0
407;39;5;Colonie humaine;Humains;0;0;36;5;28;3;0.73;4;1.00;0;19;1;23;13;50;0;0;0.00;6;156;20;-6448.30;1
407;39;6;Colonie naine;Nains;0;0;42;5;53;3;0.71;6;1.00;0;19;1;24;13;41;0;0;0.00;450;168;20;-9293.83;0
407;40;1;Première colonie;Humains;0;0;45;6;43;4;0.70;2;1.00;10;19;1;21;11;81;0;0;0.00;16;251;20;-8282.94;0
407;40;2;Colonie naine;Nains;0;0;36;5;38;3;0.66;0;1.00;0;19;0;0;11;11;0;0;0.00;43;128;20;-6306.11;1
407;40;3;Colonie elfe;Elfes;0;0;45;5;51;4;0.70;6;1.00;10;19;1;9;10;14;0;0;0.00;245;234;20;-10022.17;1
407;40;4;Colonie orque;Orques;0;0;26;3;18;1;0.72;6;1.00;0;19;0;24;7;71;0;0;0.00;456;101;20;-8073.48;0
407;40;5;Colonie humaine;Humains;0;0;36;3;28;3;0.74;4;1.00;0;19;1;23;13;51;0;0;0.00;6;144;20;-6704.90;1
407;40;6;Colonie naine;Nains;0;0;41;5;54;4;0.74;1;1.00;0;19;1;24;13;42;0;0;0.00;299;248;20;-9616.70;0
407;41;1;Première colonie;Humains;0;0;40;4;43;4;0.70;0;1.00;10;19;1;21;11;87;0;0;0.00;27;271;20;-8567.19;0
407;41;2;Colonie naine;Nains;0;0;37;4;39;3;0.67;0;1.00;0;19;0;0;12;12;0;0;0.00;103;98;20;-6306.11;1
407;41;3;Colonie elfe;Elfes;0;0;44;4;51;4;0.71;5;1.00;10;19;1;9;10;15;0;0;0.00;363;266;20;-10392.48;1
407;41;4;Colonie orque;Orques;0;0;24;1;18;1;0.74;4;1.00;0;19;0;24;8;73;0;0;0.00;321;112;20;-8242.80;0
407;41;5;Colonie humaine;Humains;0;0;36;4;28;3;0.72;4;1.00;0;19;1;17;13;55;0;0;0.00;6;116;20;-6851.27;1
407;41;6;Colonie naine;Nains;0;0;44;5;55;4;0.71;4;1.00;0;19;1;24;13;43;0;0;0.00;338;238;20;-9922.43;0
407;42;1;Première colonie;Humains;0;0;40;3;43;4;0.74;0;1.00;20;19;1;21;11;90;0;0;0.00;19;243;20;-8640.24;0
407;42;2;Colonie naine;Nains;0;0;13;2;39;3;0.59;0;1.00;0;19;0;0;12;35;0;0;0.00;77;67;20;-6306.11;1
407;42;3;Colonie elfe;Elfes;0;0;43;4;51;4;0.69;4;1.00;10;19;1;9;10;16;0;0;0.00;361;235;20;-10711.66;1
407;42;4;Colonie orque;Orques;0;0;23;0;18;1;0.73;3;1.00;0;19;0;26;8;75;0;0;0.00;298;115;20;-8427.46;0
407;42;5;Colonie humaine;Humains;0;0;33;4;28;3;0.62;1;1.00;0;19;1;11;13;59;0;0;0.00;0;56;20;-7042.65;1
407;42;6;Colonie naine;Nains;0;0;43;5;55;4;0.70;2;1.00;0;19;1;24;14;45;0;0;0.00;337;159;20;-10139.01;0
407;43;1;Première colonie;Humains;0;0;40;4;43;4;0.72;0;1.00;20;19;1;21;11;94;0;0;0.00;22;224;20;-8875.91;0
407;43;2;Colonie naine;Nains;0;0;11;2;39;3;0.62;0;1.00;0;19;0;0;12;38;0;0;0.00;91;60;20;-6306.11;1
407;43;3;Colonie elfe;Elfes;0;0;45;3;51;4;0.70;6;1.00;10;19;1;9;10;16;0;0;0.00;433;273;20;-11035.50;1
407;43;4;Colonie orque;Orques;0;0;22;1;18;1;0.71;2;1.00;0;19;0;26;8;77;0;0;0.00;239;91;20;-8675.43;0
407;43;5;Colonie humaine;Humains;0;0;23;3;28;3;0.69;0;1.00;0;19;1;6;13;62;0;0;0.00;4;37;20;-7042.65;1
407;43;6;Colonie naine;Nains;0;0;42;5;56;4;0.72;2;1.00;0;19;1;24;14;46;0;0;0.00;339;192;20;-10322.71;0
407;44;1;Première colonie;Humains;0;0;42;4;44;4;0.72;1;1.00;20;19;1;21;11;94;0;0;0.00;18;259;20;-9057.19;0
407;44;2;Colonie naine;Nains;0;0;12;3;40;3;0.62;0;1.00;0;19;0;0;12;38;0;0;0.00;307;62;20;-6306.11;1
407;44;3;Colonie elfe;Elfes;0;0;45;3;51;4;0.69;6;1.00;10;19;1;9;10;18;0;0;0.00;159;218;20;-11220.42;1
407;44;4;Colonie orque;Orques;0;0;20;2;18;1;0.75;0;1.00;0;19;0;27;8;81;0;0;0.00;345;86;20;-8847.15;0
407;44;5;Colonie humaine;Humains;0;0;22;1;28;3;0.68;0;1.00;0;19;1;5;13;63;0;0;0.00;18;60;20;-7042.65;1
407;44;6;Colonie naine;Nains;0;0;43;4;56;4;0.71;4;1.00;0;19;1;24;14;47;0;0;0.00;285;214;20;-10400.67;0
407;45;1;Première colonie;Humains;0;0;40;4;44;4;0.74;0;1.00;20;19;1;21;11;99;0;0;0.00;16;208;20;-9197.05;0
407;45;2;Colonie naine;Nains;0;0;12;2;40;3;0.71;0;1.00;0;19;0;0;12;38;0;0;0.00;322;76;20;-6306.11;1
407;45;3;Colonie elfe;Elfes;0;0;43;2;51;4;0.71;6;1.00;10;19;1;9;10;20;0;0;0.00;171;274;20;-11552.80;1
407;45;4;Colonie orque;Orques;0;0;17;2;18;1;0.74;0;1.00;0;19;0;27;8;85;0;0;0.00;291;82;20;-9119.68;0
407;45;5;Colonie humaine;Humains;0;0;21;0;28;3;0.62;0;1.00;0;19;1;5;13;64;0;0;0.00;73;26;20;-7102.43;1
407;45;6;Colonie naine;Nains;0;0;41;3;56;4;0.71;3;1.00;0;19;1;24;14;50;0;0;0.00;285;210;20;-10545.70;0
407;46;1;Première colonie;Humains;0;0;43;4;44;4;0.72;2;1.00;20;19;1;21;11;101;0;0;0.00;31;249;20;-9310.06;0
407;46;2;Colonie naine;Nains;0;0;9;2;40;3;0.64;0;1.00;0;19;0;2;12;41;0;0;0.00;66;47;20;-6306.11;1
407;46;3;Colonie elfe;Elfes;0;0;43;2;51;4;0.72;6;1.00;10;19;1;9;10;20;0;0;0.00;101;245;20;-11953.87;1
407;46;4;Colonie orque;Orques;0;0;19;2;18;1;0.72;0;1.00;0;19;0;27;8;86;0;0;0.00;48;93;20;-9338.86;0
407;46;5;Colonie humaine;Humains;0;0;19;0;28;3;0.59;0;1.00;0;19;1;5;13;66;0;0;0.00;78;14;20;-7102.43;1
407;46;6;Colonie naine;Nains;0;0;43;6;56;4;0.71;6;1.00;0;19;1;24;14;53;0;0;0.00;285;217;20;-10729.37;0
407;47;1;Première colonie;Humains;0;0;43;4;44;4;0.73;2;1.00;20;19;1;21;12;104;0;0;0.00;31;256;20;-9535.23;0
407;47;2;Colonie naine;Nains;0;0;11;3;40;3;0.67;0;1.00;0;19;0;2;12;42;0;0;0.00;66;63;20;-6306.11;1
407;47;3;Colonie elfe;Elfes;0;0;41;3;51;4;0.70;6;1.00;10;19;1;9;10;23;0;0;0.00;108;231;20;-12062.18;1
407;47;4;Colonie orque;Orques;0;0;17;1;18;1;0.73;0;1.00;0;19;0;27;8;91;0;0;0.00;682;69;20;-9560.61;0
407;47;5;Colonie humaine;Humains;0;0;21;1;28;3;0.58;0;1.00;0;19;1;5;13;67;0;0;0.00;75;55;20;-7438.02;1
407;47;6;Colonie naine;Nains;0;0;42;6;56;4;0.74;5;1.00;0;19;1;24;14;55;0;0;0.00;235;219;20;-10941.08;0
407;48;1;Première colonie;Humains;0;0;48;4;44;4;0.72;7;1.00;20;19;1;21;12;105;0;0;0.00;44;290;20;-9887.78;0
407;48;2;Colonie naine;Nains;0;0;10;3;40;3;0.70;0;1.00;0;19;0;4;12;45;0;0;0.00;66;41;20;-6306.11;1
407;48;3;Colonie elfe;Elfes;0;0;41;3;51;4;0.73;6;1.00;10;19;1;9;10;23;0;0;0.00;226;215;20;-12483.08;1
407;48;4;Colonie orque;Orques;0;0;18;0;18;1;0.75;0;1.00;0;19;0;27;8;91;0;0;0.00;577;84;20;-9761.19;0
407;48;5;Colonie humaine;Humains;0;0;20;1;28;3;0.44;0;1.00;0;19;1;5;13;68;0;0;0.00;75;14;20;-7438.02;1
407;48;6;Colonie naine;Nains;0;0;43;6;56;4;0.76;6;1.00;0;19;1;25;14;55;0;0;0.00;133;246;20;-11126.24;0
407;49;1;Première colonie;Humains;0;0;46;2;44;4;0.71;5;1.00;20;19;1;21;12;107;0;0;0.00;21;295;20;-10047.52;0
407;49;2;Colonie naine;Nains;0;0;10;2;40;3;0.65;0;1.00;0;19;0;6;12;45;0;0;0.00;195;41;20;-6306.11;1
407;49;3;Colonie elfe;Elfes;0;0;41;2;51;4;0.71;6;1.00;10;19;1;9;10;23;0;0;0.00;201;194;20;-12913.78;1
407;49;4;Colonie orque;Orques;0;0;20;2;18;1;0.82;0;1.00;0;19;0;27;8;95;0;0;0.00;431;103;20;-10076.32;0
407;49;5;Colonie humaine;Humains;0;0;17;1;28;3;0.63;0;1.00;0;19;1;5;13;70;0;0;0.00;15;14;20;-7438.02;1
407;49;6;Colonie naine;Nains;0;0;43;7;56;4;0.72;6;1.00;0;19;1;25;14;56;0;0;0.00;185;230;20;-11460.00;0
407;50;1;Première colonie;Humains;0;0;42;1;45;4;0.75;1;1.00;20;19;1;21;12;111;0;0;0.00;16;256;20;-10279.02;0
407;50;2;Colonie naine;Nains;0;0;12;1;40;3;0.70;0;1.00;0;19;0;8;12;45;0;0;0.00;172;59;20;-6441.22;1
407;50;3;Colonie elfe;Elfes;0;0;42;3;51;4;0.71;7;1.00;10;19;1;9;10;23;0;0;0.00;194;258;20;-13145.71;1
407;50;4;Colonie orque;Orques;0;0;22;3;18;1;0.75;2;1.00;0;19;0;27;8;97;0;0;0.00;408;104;20;-10242.80;0
407;50;5;Colonie humaine;Humains;0;0;16;0;28;3;0.73;0;1.00;0;19;1;5;13;71;0;0;0.00;19;95;20;-7438.02;1
407;50;6;Colonie naine;Nains;0;0;43;6;56;4;0.67;6;1.00;0;19;1;25;14;56;0;0;0.00;122;250;20;-11722.08;0
407;51;1;Première colonie;Humains;0;0;41;1;45;4;0.74;1;1.00;20;19;1;21;12;113;0;0;0.00;71;287;20;-10382.05;0
407;51;2;Colonie naine;Nains;0;0;14;1;40;3;0.69;0;1.00;0;19;0;8;12;45;0;0;0.00;197;65;20;-6616.95;1
407;51;3;Colonie elfe;Elfes;0;0;42;3;51;4;0.69;7;1.00;10;19;1;9;10;23;0;0;0.00;185;232;20;-13214.04;1
407;51;4;Colonie orque;Orques;0;0;25;5;18;1;0.75;5;1.00;0;19;0;27;8;97;0;0;0.00;82;125;20;-10490.26;0
407;51;5;Colonie humaine;Humains;0;0;15;0;28;3;0.74;0;1.00;0;19;1;5;13;73;0;0;0.00;46;102;20;-7656.96;1
407;51;6;Colonie naine;Nains;0;0;42;6;56;4;0.72;5;1.00;0;19;1;25;14;57;0;0;0.00;334;226;20;-12010.36;0
407;52;1;Première colonie;Humains;0;0;43;3;45;4;0.73;4;1.00;20;19;1;21;12;114;0;0;0.00;32;255;20;-10576.63;0
407;52;2;Colonie naine;Nains;0;0;16;2;40;3;0.69;0;1.00;0;19;0;8;12;45;0;0;0.00;224;80;20;-6834.14;1
407;52;3;Colonie elfe;Elfes;0;0;42;3;51;4;0.70;7;1.00;10;19;1;9;10;23;0;0;0.00;190;171;20;-13320.59;1
407;52;4;Colonie orque;Orques;0;0;25;5;18;1;0.75;5;1.00;0;19;0;27;8;100;0;0;0.00;149;127;20;-10797.61;0
407;52;5;Colonie humaine;Humains;0;0;19;2;28;3;0.67;0;1.00;0;19;1;5;13;74;0;0;0.00;10;97;20;-7973.58;1
407;52;6;Colonie naine;Nains;0;0;42;4;56;4;0.73;5;1.00;0;19;1;25;14;58;0;0;0.00;341;235;20;-12209.17;0
407;53;1;Première colonie;Humains;0;0;44;4;45;4;0.71;5;1.00;20;19;1;21;12;115;0;0;0.00;18;240;20;-10812.04;0
407;53;2;Colonie naine;Nains;0;0;19;2;40;3;0.70;0;1.00;10;19;0;8;12;45;0;0;0.00;223;100;20;-6925.12;1
407;53;3;Colonie elfe;Elfes;0;0;41;3;52;4;0.72;6;1.00;10;19;1;9;10;24;0;0;0.00;159;224;20;-13427.03;1
407;53;4;Colonie orque;Orques;0;0;25;2;18;1;0.72;5;1.00;0;19;0;27;8;101;0;0;0.00;287;116;20;-11216.45;0
407;53;5;Colonie humaine;Humains;0;0;19;2;28;3;0.73;0;1.00;0;19;1;5;13;74;0;0;0.00;2;121;20;-8024.28;1
407;53;6;Colonie naine;Nains;0;0;42;3;56;4;0.71;5;1.00;0;19;1;26;14;58;0;0;0.00;303;193;20;-12393.77;0
407;54;1;Première colonie;Humains;0;0;43;3;45;4;0.72;4;1.00;20;19;1;21;12;116;0;0;0.00;54;239;20;-10939.86;0
407;54;2;Colonie naine;Nains;0;0;21;2;40;3;0.69;0;1.00;10;19;0;8;12;45;0;0;0.00;294;120;20;-7159.47;1
407;54;3;Colonie elfe;Elfes;0;0;41;3;50;3;0.70;7;1.00;10;19;1;9;10;24;0;0;0.00;70;204;20;-13840.30;1
407;54;4;Colonie orque;Orques;0;0;23;1;18;1;0.74;3;1.00;0;19;0;28;8;105;0;0;0.00;285;111;20;-11456.67;0
407;54;5;Colonie humaine;Humains;0;0;24;2;28;3;0.67;0;1.00;0;19;1;5;13;74;0;0;0.00;2;71;20;-8371.78;1
407;54;6;Colonie naine;Nains;0;0;42;2;56;4;0.71;5;1.00;0;19;1;26;14;58;0;0;0.00;204;247;20;-12457.57;0
407;55;1;Première colonie;Humains;0;0;40;2;45;4;0.77;3;1.00;20;19;1;21;12;121;0;0;0.00;34;251;20;-11184.46;0
407;55;2;Colonie naine;Nains;0;0;21;2;40;3;0.74;0;1.00;10;19;0;8;12;45;0;0;0.00;263;140;20;-7366.22;1
407;55;3;Colonie elfe;Elfes;0;0;40;2;50;3;0.70;5;1.00;10;19;1;9;10;25;0;0;0.00;184;204;20;-14145.95;1
407;55;4;Colonie orque;Orques;0;0;22;1;18;1;0.76;2;1.00;0;19;0;28;8;107;0;0;0.00;238;128;20;-11709.03;0
407;55;5;Colonie humaine;Humains;0;0;23;0;28;3;0.65;0;1.00;0;19;1;6;13;75;0;0;0.00;39;37;20;-8381.76;1
407;55;6;Colonie naine;Nains;0;0;42;1;56;4;0.75;5;1.00;0;19;1;26;14;59;0;0;0.00;158;259;20;-12697.42;0
407;56;1;Première colonie;Humains;0;0;35;1;45;4;0.73;0;1.00;20;19;1;21;13;126;0;0;0.00;23;188;20;-11497.19;0
407;56;2;Colonie naine;Nains;0;0;26;5;40;3;0.70;0;1.00;10;19;0;8;12;45;0;0;0.00;366;116;20;-7504.75;1
407;56;3;Colonie elfe;Elfes;0;0;40;3;50;3;0.71;6;1.00;10;19;1;9;10;26;0;0;0.00;221;227;20;-14545.39;1
407;56;4;Colonie orque;Orques;0;0;24;3;18;1;0.74;4;1.00;0;19;0;28;8;108;0;0;0.00;97;105;20;-11943.91;0
407;56;5;Colonie humaine;Humains;0;0;22;0;28;3;0.29;0;1.00;0;19;1;5;13;76;0;0;0.00;19;14;20;-8381.76;1
407;56;6;Colonie naine;Nains;0;0;42;1;56;4;0.73;5;1.00;0;19;1;26;14;59;0;0;0.00;114;225;20;-12989.57;0
407;57;1;Première colonie;Humains;0;0;32;1;45;4;0.73;0;1.00;20;19;1;21;13;130;0;0;0.00;38;155;20;-11619.93;0
407;57;2;Colonie naine;Nains;0;0;29;6;40;3;0.71;0;1.00;10;19;0;8;12;46;0;0;0.00;300;171;20;-7748.12;1
407;57;3;Colonie elfe;Elfes;0;0;36;3;50;3;0.73;3;1.00;10;19;1;9;10;31;0;0;0.00;146;198;20;-14742.29;1
407;57;4;Colonie orque;Orques;0;0;23;5;18;1;0.77;3;1.00;0;19;0;28;8;113;0;0;0.00;64;92;20;-12344.09;0
407;57;5;Colonie humaine;Humains;0;0;19;0;28;3;0.31;0;1.00;0;19;1;5;13;78;0;0;0.00;3;14;20;-8381.76;1
407;57;6;Colonie naine;Nains;0;0;39;1;56;4;0.71;3;1.00;0;19;1;27;14;62;0;0;0.00;64;240;20;-13038.71;0
407;58;1;Première colonie;Humains;0;0;30;1;45;4;0.76;0;1.00;20;19;1;21;13;138;0;0;0.00;19;155;20;-11764.68;0
407;58;2;Colonie naine;Nains;0;0;29;5;40;3;0.72;0;1.00;10;19;0;8;12;46;0;0;0.00;93;147;20;-7961.88;1
407;58;3;Colonie elfe;Elfes;0;0;37;4;53;4;0.73;0;1.00;10;19;1;9;10;31;0;0;0.00;321;252;20;-15053.62;1
407;58;4;Colonie orque;Orques;0;0;24;6;18;1;0.78;3;1.00;0;19;0;28;8;116;0;0;0.00;113;111;20;-12541.86;0
407;58;5;Colonie humaine;Humains;0;0;12;0;28;3;0.73;0;1.00;0;19;1;5;13;80;0;0;0.00;35;89;20;-8431.37;1
407;58;6;Colonie naine;Nains;0;0;41;1;56;4;0.69;5;1.00;0;19;1;27;14;62;0;0;0.00;85;213;20;-13298.63;0
407;59;1;Première colonie;Humains;0;0;31;2;45;4;0.73;0;1.00;20;19;1;21;13;140;0;0;0.00;88;187;20;-12095.96;0
407;59;2;Colonie naine;Nains;0;0;34;4;40;3;0.70;0;1.00;10;19;0;8;12;47;0;0;0.00;54;180;20;-8065.82;1
407;59;3;Colonie elfe;Elfes;0;0;40;7;53;4;0.71;3;1.00;10;19;1;9;10;32;0;0;0.00;164;237;20;-15387.28;1
407;59;4;Colonie orque;Orques;0;0;26;2;18;1;0.74;6;1.00;0;19;0;28;8;116;0;0;0.00;23;117;20;-12689.80;0
407;59;5;Colonie humaine;Humains;0;0;16;1;28;3;0.73;0;1.00;0;19;1;5;13;80;0;0;0.00;70;73;20;-8501.74;1
407;59;6;Colonie naine;Nains;0;0;41;1;56;4;0.70;5;1.00;0;19;1;27;14;63;0;0;0.00;82;200;20;-13561.47;0
407;60;1;Première colonie;Humains;0;0;29;3;45;4;0.73;0;1.00;20;19;1;21;13;145;0;0;0.00;236;176;20;-12291.33;0
407;60;2;Colonie naine;Nains;0;0;37;5;40;3;0.73;0;1.00;10;19;0;8;12;47;0;0;0.00;92;146;20;-8276.68;1
407;60;3;Colonie elfe;Elfes;0;0;40;7;53;4;0.71;3;1.00;10;19;1;9;10;32;0;0;0.00;191;232;20;-15918.04;1
407;60;4;Colonie orque;Orques;0;0;25;0;18;1;0.75;5;1.00;0;19;0;28;8;117;0;0;0.00;19;148;20;-12863.63;0
407;60;5;Colonie humaine;Humains;0;0;17;2;28;3;0.68;0;1.00;0;19;1;6;13;81;0;0;0.00;11;67;20;-8568.12;1
407;60;6;Colonie naine;Nains;0;0;40;1;56;4;0.66;4;1.00;0;19;1;27;14;66;0;0;0.00;6;239;20;-13862.04;0
407;61;1;Première colonie;Humains;0;0;31;5;45;4;0.74;0;1.00;20;19;1;21;13;146;0;0;0.00;122;195;20;-12597.67;0
407;61;2;Colonie naine;Nains;0;0;38;6;40;3;0.72;0;1.00;10;19;0;2;12;47;0;0;0.00;107;127;20;-8290.41;1
407;61;3;Colonie elfe;Elfes;0;0;44;9;54;4;0.72;5;1.00;10;19;1;9;10;33;0;0;0.00;36;220;20;-16116.43;1
407;61;4;Colonie orque;Orques;0;0;24;1;18;1;0.81;4;1.00;0;19;0;28;8;119;0;0;0.00;50;159;20;-13163.67;0
407;61;5;Colonie humaine;Humains;0;0;16;2;28;3;0.70;0;1.00;0;19;1;6;13;82;0;0;0.00;60;70;20;-8569.76;1
407;61;6;Colonie naine;Nains;0;0;38;2;56;4;0.75;2;1.00;0;19;1;27;14;69;0;0;0.00;39;200;20;-14207.30;0
407;62;1;Première colonie;Humains;0;0;32;6;45;4;0.76;0;1.00;20;19;1;21;13;148;0;0;0.00;144;178;20;-12736.92;0
407;62;2;Colonie naine;Nains;0;0;38;3;40;3;0.66;0;1.00;10;19;0;0;12;47;0;0;0.00;123;31;20;-8410.55;1
407;62;3;Colonie elfe;Elfes;0;0;44;8;54;4;0.73;6;1.00;10;19;1;9;10;33;0;0;0.00;63;234;20;-16320.41;1
407;62;4;Colonie orque;Orques;0;0;23;2;18;1;0.78;3;1.00;0;19;0;28;8;123;0;0;0.00;143;119;20;-13354.84;0
407;62;5;Colonie humaine;Humains;0;0;15;1;28;3;0.74;0;1.00;0;19;1;6;13;83;0;0;0.00;0;94;20;-8738.10;1
407;62;6;Colonie naine;Nains;0;0;41;5;56;4;0.72;5;1.00;0;19;1;27;14;69;0;0;0.00;71;221;20;-14485.44;0
407;63;1;Première colonie;Humains;0;0;36;8;45;4;0.75;0;1.00;20;19;1;21;13;149;0;0;0.00;15;196;20;-12953.65;0
407;63;2;Colonie naine;Nains;0;0;18;2;40;3;0.72;0;1.00;10;19;0;0;12;48;0;0;0.00;140;91;20;-8536.09;1
407;63;3;Colonie elfe;Elfes;0;0;44;9;54;4;0.73;6;1.00;10;19;1;9;10;34;0;0;0.00;74;238;20;-16664.06;1
407;63;4;Colonie orque;Orques;0;0;22;3;18;1;0.77;2;1.00;0;19;0;28;8;126;0;0;0.00;108;102;20;-13509.46;0
407;63;5;Colonie humaine;Humains;0;0;14;0;28;3;0.70;0;1.00;0;19;1;6;13;85;0;0;0.00;4;80;20;-8890.29;1
407;63;6;Colonie naine;Nains;0;0;38;5;56;4;0.73;2;1.00;0;19;1;27;14;74;0;0;0.00;104;219;20;-14922.45;0
407;64;1;Première colonie;Humains;0;0;40;8;45;4;0.73;4;1.00;20;19;1;21;13;150;0;0;0.00;56;231;20;-13195.81;0
407;64;2;Colonie naine;Nains;0;0;19;2;40;3;0.69;0;1.00;10;19;0;0;12;49;0;0;0.00;28;98;20;-8587.96;1
407;64;3;Colonie elfe;Elfes;0;0;44;9;54;4;0.72;6;1.00;10;19;1;9;10;35;0;0;0.00;41;258;20;-16937.96;1
407;64;4;Colonie orque;Orques;0;0;23;5;18;1;0.74;3;1.00;0;19;0;28;8;131;0;0;0.00;77;84;20;-13745.30;0
407;64;5;Colonie humaine;Humains;0;0;14;0;28;3;0.72;0;1.00;0;19;1;6;13;85;0;0;0.00;4;92;20;-9158.59;1
407;64;6;Colonie naine;Nains;0;0;40;4;56;4;0.69;4;1.00;0;19;1;27;14;76;0;0;0.00;250;184;20;-15207.55;0
407;65;1;Première colonie;Humains;0;0;40;6;45;4;0.76;4;1.00;20;19;1;21;13;151;0;0;0.00;27;192;20;-13384.86;0
407;65;2;Colonie naine;Nains;0;0;18;2;40;3;0.72;0;1.00;10;19;0;0;12;50;0;0;0.00;130;104;20;-8804.78;1
407;65;3;Colonie elfe;Elfes;0;0;45;9;55;4;0.69;7;1.00;10;19;1;9;10;35;0;0;0.00;41;272;20;-17068.56;1
407;65;4;Colonie orque;Orques;0;0;25;6;18;1;0.76;5;1.00;0;19;0;28;8;133;0;0;0.00;29;123;20;-13861.43;0
407;65;5;Colonie humaine;Humains;0;0;12;0;28;3;0.71;0;1.00;0;19;1;6;13;87;0;0;0.00;8;73;20;-9370.15;1
407;65;6;Colonie naine;Nains;0;0;41;4;56;4;0.69;5;1.00;0;19;1;27;14;78;0;0;0.00;261;253;20;-15642.31;0
407;66;1;Première colonie;Humains;0;0;39;4;45;4;0.74;3;1.00;20;19;1;21;13;154;0;0;0.00;27;212;20;-13600.91;0
407;66;2;Colonie naine;Nains;0;0;18;1;40;3;0.71;0;1.00;10;19;0;0;12;50;0;0;0.00;142;77;20;-9004.40;1
407;66;3;Colonie elfe;Elfes;0;0;46;10;56;4;0.70;7;1.00;10;19;1;9;11;35;0;0;0.00;41;304;20;-17460.07;1
407;66;4;Colonie orque;Orques;0;0;26;3;18;1;0.71;6;1.00;0;19;0;28;8;133;0;0;0.00;101;120;20;-14045.47;0
407;66;5;Colonie humaine;Humains;0;0;13;1;28;3;0.72;0;1.00;0;19;1;6;13;88;0;0;0.00;12;79;20;-9561.55;1
407;66;6;Colonie naine;Nains;0;0;41;5;56;4;0.72;5;1.00;0;19;1;27;14;79;0;0;0.00;159;202;20;-15927.74;0
407;67;1;Première colonie;Humains;0;0;38;1;45;4;0.71;2;1.00;20;19;1;21;13;156;0;0;0.00;58;245;20;-13693.83;0
407;67;2;Colonie naine;Nains;0;0;18;0;40;3;0.73;0;1.00;10;19;0;0;12;50;0;0;0.00;84;110;20;-9026.43;1
407;67;3;Colonie elfe;Elfes;0;0;47;12;56;4;0.71;8;1.00;10;19;1;9;11;36;0;0;0.00;46;307;20;-17559.04;1
407;67;4;Colonie orque;Orques;0;0;25;1;18;1;0.74;5;1.00;0;19;0;28;9;134;0;0;0.00;84;100;20;-14332.35;0
407;67;5;Colonie humaine;Humains;0;0;12;1;28;3;0.73;0;1.00;0;19;1;6;13;89;0;0;0.00;15;95;20;-9755.29;1
407;67;6;Colonie naine;Nains;0;0;41;4;56;4;0.74;5;1.00;0;19;1;27;14;80;0;0;0.00;162;216;20;-16148.08;0
407;68;1;Première colonie;Humains;0;0;38;2;45;4;0.74;2;1.00;20;19;1;21;13;157;0;0;0.00;63;250;20;-13984.62;0
407;68;2;Colonie naine;Nains;0;0;21;0;40;3;0.70;0;1.00;10;19;0;0;12;50;0;0;0.00;61;107;20;-9214.69;1
407;68;3;Colonie elfe;Elfes;0;0;48;12;56;4;0.72;9;1.00;10;19;1;9;11;36;0;0;0.00;37;294;20;-17995.54;1
407;68;4;Colonie orque;Orques;0;0;23;0;18;1;0.74;3;1.00;0;19;0;28;9;137;0;0;0.00;10;110;20;-14506.53;0
407;68;5;Colonie humaine;Humains;0;0;10;1;28;3;0.72;0;1.00;0;19;1;6;13;92;0;0;0.00;42;71;20;-9851.24;1
407;68;6;Colonie naine;Nains;0;0;40;1;56;4;0.71;4;1.00;0;19;1;27;14;81;0;0;0.00;19;223;20;-16558.00;0
407;69;1;Première colonie;Humains;0;0;39;4;45;4;0.73;3;1.00;20;19;1;21;13;159;0;0;0.00;18;247;20;-14156.05;0
407;69;2;Colonie naine;Nains;0;0;24;2;40;3;0.73;0;1.00;10;19;0;0;12;50;0;0;0.00;37;128;20;-9322.82;1
407;69;3;Colonie elfe;Elfes;0;0;48;12;56;4;0.72;8;1.00;10;19;1;9;11;36;0;0;0.00;157;302;20;-18338.89;1
407;69;4;Colonie orque;Orques;0;0;21;0;18;1;0.74;1;1.00;0;19;0;28;9;140;0;0;0.00;94;107;20;-14607.48;0
407;69;5;Colonie humaine;Humains;0;0;10;0;28;3;0.67;0;1.00;0;19;1;7;13;92;0;0;0.00;20;65;20;-10157.66;1
407;69;6;Colonie naine;Nains;0;0;42;3;56;4;0.69;6;1.00;0;19;1;28;14;81;0;0;0.00;19;261;20;-16684.65;0
407;70;1;Première colonie;Humains;0;0;41;7;45;4;0.72;5;1.00;20;19;1;21;13;165;0;0;0.00;18;220;20;-14313.54;0
407;70;2;Colonie naine;Nains;0;0;25;2;40;3;0.67;0;1.00;10;19;0;0;12;50;0;0;0.00;35;125;20;-9361.98;1
407;70;3;Colonie elfe;Elfes;0;0;48;11;56;4;0.72;9;1.00;10;19;1;9;11;36;0;0;0.00;179;290;20;-18636.85;1
407;70;4;Colonie orque;Orques;0;0;18;1;18;1;0.63;0;1.00;0;19;0;28;9;145;0;0;0.00;136;55;20;-14967.34;0
407;70;5;Colonie humaine;Humains;0;0;11;1;28;3;0.67;0;1.00;0;19;1;7;13;94;0;0;0.00;6;69;20;-10327.38;1
407;70;6;Colonie naine;Nains;0;0;42;3;56;4;0.68;6;1.00;0;19;1;28;14;81;0;0;0.00;19;240;20;-17199.48;0
407;71;1;Première colonie;Humains;0;0;38;7;45;4;0.73;2;1.00;20;19;1;21;13;169;0;0;0.00;18;269;20;-14614.44;0
407;71;2;Colonie naine;Nains;0;0;24;2;40;3;0.70;0;1.00;10;19;0;0;12;51;0;0;0.00;183;149;20;-9537.36;1
407;71;3;Colonie elfe;Elfes;0;0;48;7;56;4;0.74;9;1.00;10;19;1;9;11;36;0;0;0.00;79;317;20;-18838.51;1
407;71;4;Colonie orque;Orques;0;0;18;2;18;1;0.82;0;1.00;0;19;0;28;9;146;0;0;0.00;73;110;20;-15133.55;0
407;71;5;Colonie humaine;Humains;0;0;13;2;28;3;0.71;0;1.00;0;19;1;7;13;95;0;0;0.00;6;85;20;-10561.06;1
407;71;6;Colonie naine;Nains;0;0;40;3;56;4;0.73;4;1.00;0;19;1;28;14;83;0;0;0.00;27;233;20;-17402.41;0
407;72;1;Première colonie;Humains;0;0;43;8;45;4;0.73;7;1.00;20;19;1;21;13;170;0;0;0.00;50;241;20;-14641.77;0
407;72;2;Colonie naine;Nains;0;0;24;3;40;3;0.68;0;1.00;10;19;0;0;12;53;0;0;0.00;49;142;20;-9681.22;1
407;72;3;Colonie elfe;Elfes;0;0;48;7;56;4;0.72;8;1.00;10;19;1;9;11;36;0;0;0.00;54;279;20;-19068.03;1
407;72;4;Colonie orque;Orques;0;0;21;3;18;1;0.77;1;1.00;0;19;0;28;9;147;0;0;0.00;4;114;20;-15375.04;0
407;72;5;Colonie humaine;Humains;0;0;13;3;28;3;0.69;0;1.00;0;19;1;7;13;96;0;0;0.00;10;76;20;-10800.66;1
407;72;6;Colonie naine;Nains;0;0;38;2;56;4;0.72;2;1.00;0;19;1;28;14;85;0;0;0.00;93;252;20;-17786.64;0
407;73;1;Première colonie;Humains;0;0;44;7;45;4;0.71;8;1.00;20;19;1;21;13;171;0;0;0.00;50;206;20;-14879.38;0
407;73;2;Colonie naine;Nains;0;0;27;4;40;3;0.70;0;1.00;10;19;0;0;12;53;0;0;0.00;150;149;20;-9899.33;1
407;73;3;Colonie elfe;Elfes;0;0;46;4;57;4;0.70;9;1.00;10;19;1;9;11;38;0;0;0.00;64;206;20;-19358.00;1
407;73;4;Colonie orque;Orques;0;0;24;3;18;1;0.75;4;1.00;0;19;0;28;9;149;0;0;0.00;14;99;20;-15543.62;0
407;73;5;Colonie humaine;Humains;0;0;15;4;28;3;0.73;0;1.00;0;19;1;7;13;96;0;0;0.00;14;53;20;-10886.63;1
407;73;6;Colonie naine;Nains;0;0;37;3;56;4;0.69;1;1.00;0;19;1;28;14;87;0;0;0.00;19;179;20;-18245.56;0
407;74;1;Première colonie;Humains;0;0;46;9;45;4;0.71;10;1.00;20;19;1;21;13;172;0;0;0.00;23;303;20;-15115.23;0
407;74;2;Colonie naine;Nains;0;0;26;4;40;3;0.71;0;1.00;10;19;0;0;12;54;0;0;0.00;27;127;20;-10144.62;1
407;74;3;Colonie elfe;Elfes;0;0;47;5;58;4;0.70;9;1.00;10;19;1;9;11;38;0;0;0.00;40;245;20;-19698.66;1
407;74;4;Colonie orque;Orques;0;0;26;1;18;1;0.74;6;1.00;0;19;0;28;9;149;0;0;0.00;0;162;20;-15836.38;0
407;74;5;Colonie humaine;Humains;0;0;16;3;28;3;0.69;0;1.00;0;19;1;7;13;97;0;0;0.00;2;85;20;-10922.31;1
407;74;6;Colonie naine;Nains;0;0;37;4;56;4;0.72;1;1.00;0;19;1;28;14;88;0;0;0.00;72;228;20;-18561.06;0
407;75;1;Première colonie;Humains;0;0;44;5;45;4;0.70;8;1.00;20;19;1;21;13;174;0;0;0.00;28;281;20;-15240.77;0
407;75;2;Colonie naine;Nains;0;0;27;3;40;3;0.73;0;1.00;10;19;0;0;12;55;0;0;0.00;27;136;20;-10144.62;1
407;75;3;Colonie elfe;Elfes;0;0;47;4;59;4;0.74;8;1.00;10;19;1;9;11;38;0;0;0.00;40;197;20;-19891.17;1
407;75;4;Colonie orque;Orques;0;0;21;0;18;1;0.72;1;1.00;0;19;0;28;9;154;0;0;0.00;37;120;20;-16005.59;0
407;75;5;Colonie humaine;Humains;0;0;19;3;28;3;0.72;0;1.00;0;19;1;7;13;97;0;0;0.00;6;83;20;-11186.66;1
407;75;6;Colonie naine;Nains;0;0;37;3;56;4;0.71;1;1.00;0;19;1;28;14;89;0;0;0.00;57;244;20;-18884.32;0
407;76;1;Première colonie;Humains;0;0;42;3;45;4;0.71;6;1.00;20;19;1;21;13;176;0;0;0.00;39;276;20;-15393.49;0
407;76;2;Colonie naine;Nains;0;0;29;3;40;3;0.72;0;1.00;10;19;0;0;12;56;0;0;0.00;31;106;20;-10250.65;1
407;76;3;Colonie elfe;Elfes;0;0;47;4;59;4;0.65;10;1.00;10;19;1;3;11;38;0;0;0.00;45;49;20;-20028.35;1
407;76;4;Colonie orque;Orques;0;0;20;0;18;1;0.72;0;1.00;0;19;0;28;9;158;0;0;0.00;44;101;20;-16153.79;0
407;76;5;Colonie humaine;Humains;0;0;21;3;28;3;0.71;0;1.00;0;19;1;7;13;97;0;0;0.00;6;129;20;-11466.99;1
407;76;6;Colonie naine;Nains;0;0;36;4;56;4;0.73;0;1.00;0;19;1;28;14;94;0;0;0.00;64;224;20;-19185.37;0
407;77;1;Première colonie;Humains;0;0;40;0;45;4;0.72;4;1.00;20;19;1;21;13;178;0;0;0.00;44;250;20;-15393.49;0
407;77;2;Colonie naine;Nains;0;0;29;5;40;3;0.67;0;1.00;10;19;0;0;12;58;0;0;0.00;31;50;20;-10250.65;1
407;77;3;Colonie elfe;Elfes;0;0;14;4;59;4;0.70;0;1.00;10;19;1;3;11;51;0;0;0.00;50;96;20;-20028.35;1
407;77;4;Colonie orque;Orques;0;0;20;1;18;1;0.76;0;1.00;0;19;0;28;9;162;0;0;0.00;44;119;20;-16424.05;0
407;77;5;Colonie humaine;Humains;0;0;23;4;28;3;0.63;0;1.00;0;19;1;7;13;97;0;0;0.00;11;53;20;-11766.60;1
407;77;6;Colonie naine;Nains;0;0;40;5;56;4;0.72;4;1.00;0;19;1;28;14;94;0;0;0.00;18;245;20;-19565.18;0
407;78;1;Première colonie;Humains;0;0;40;1;45;4;0.71;4;1.00;20;19;1;21;13;181;0;0;0.00;34;278;20;-15541.32;0
407;78;2;Colonie naine;Nains;0;0;29;4;40;3;0.54;0;1.00;10;19;0;0;12;58;0;0;0.00;31;11;20;-10250.65;1
407;78;3;Colonie elfe;Elfes;0;0;14;4;59;4;0.72;0;1.00;10;19;1;9;11;51;0;0;0.00;50;82;20;-20028.35;1
407;78;4;Colonie orque;Orques;0;0;21;1;18;1;0.74;1;1.00;0;19;0;28;9;163;0;0;0.00;44;102;20;-16621.67;0
407;78;5;Colonie humaine;Humains;0;0;18;3;28;3;0.73;0;1.00;0;19;1;5;13;98;0;0;0.00;11;83;20;-11766.60;1
407;78;6;Colonie naine;Nains;0;0;41;5;56;4;0.72;5;1.00;0;19;1;28;14;95;0;0;0.00;18;220;20;-19966.20;0
407;79;1;Première colonie;Humains;0;0;41;3;45;4;0.70;5;1.00;20;19;1;21;13;182;0;0;0.00;34;273;20;-15572.20;0
407;79;2;Colonie naine;Nains;0;0;16;3;40;3;0.74;0;1.00;10;19;0;0;12;58;0;0;0.00;31;76;20;-10250.65;1
407;79;3;Colonie elfe;Elfes;0;0;14;2;59;4;0.73;0;1.00;10;19;1;9;11;52;0;0;0.00;50;94;20;-20028.35;1
407;79;4;Colonie orque;Orques;0;0;20;2;18;1;0.65;0;1.00;0;19;0;28;9;166;0;0;0.00;25;73;20;-16924.95;0
407;79;5;Colonie humaine;Humains;0;0;17;2;28;3;0.72;0;1.00;0;19;1;5;13;100;0;0;0.00;19;145;20;-11855.10;1
407;79;6;Colonie naine;Nains;0;0;40;4;56;4;0.72;4;1.00;0;19;1;28;14;96;0;0;0.00;11;241;20;-20218.95;0
407;80;1;Première colonie;Humains;0;0;38;4;45;4;0.71;2;1.00;20;19;1;21;13;186;0;0;0.00;39;250;20;-15703.36;0
407;80;2;Colonie naine;Nains;0;0;18;3;40;3;0.74;0;1.00;10;19;0;0;12;58;0;0;0.00;31;88;20;-10250.65;1
407;80;3;Colonie elfe;Elfes;0;0;17;1;59;4;0.74;0;1.00;10;19;1;9;11;52;0;0;0.00;55;112;20;-20147.38;1
407;80;4;Colonie orque;Orques;0;0;21;3;18;1;0.75;1;1.00;0;19;0;28;9;167;0;0;0.00;25;114;20;-17073.28;0
407;80;5;Colonie humaine;Humains;0;0;19;2;28;3;0.74;0;1.00;0;19;1;6;13;100;0;0;0.00;4;118;20;-12158.39;1
407;80;6;Colonie naine;Nains;0;0;41;5;56;4;0.69;5;1.00;0;19;1;28;14;97;0;0;0.00;15;277;20;-20598.25;0
407;81;1;Première colonie;Humains;0;0;37;5;45;4;0.72;1;1.00;20;19;1;21;13;189;0;0;0.00;44;223;20;-15813.27;0
407;81;2;Colonie naine;Nains;0;0;19;2;40;3;0.71;0;1.00;10;19;0;0;12;58;0;0;0.00;31;104;20;-10250.65;1
407;81;3;Colonie elfe;Elfes;0;0;19;1;59;4;0.71;0;1.00;10;19;1;9;11;52;0;0;0.00;55;114;20;-20416.35;1
407;81;4;Colonie orque;Orques;0;0;20;2;18;1;0.78;0;1.00;0;19;0;28;9;171;0;0;0.00;5;123;20;-17200.72;0
407;81;5;Colonie humaine;Humains;0;0;21;2;28;3;0.69;0;1.00;0;19;1;8;13;100;0;0;0.00;14;85;20;-12325.31;1
407;81;6;Colonie naine;Nains;0;0;40;4;56;4;0.71;4;1.00;0;19;1;28;14;100;0;0;0.00;15;262;20;-20828.43;0
407;82;1;Première colonie;Humains;0;0;41;4;45;4;0.69;5;1.00;20;19;1;23;13;190;0;0;0.00;49;265;20;-15974.93;0
407;82;2;Colonie naine;Nains;0;0;21;2;40;3;0.70;0;1.00;10;19;0;0;12;58;0;0;0.00;35;96;20;-10431.35;1
407;82;3;Colonie elfe;Elfes;0;0;22;1;59;4;0.72;0;1.00;20;19;1;9;11;52;0;0;0.00;61;135;20;-20562.64;1
407;82;4;Colonie orque;Orques;0;0;22;1;18;1;0.74;2;1.00;0;19;0;28;9;171;0;0;0.00;17;102;20;-17339.85;0
407;82;5;Colonie humaine;Humains;0;0;20;2;28;3;0.75;0;1.00;0;19;1;8;13;103;0;0;0.00;19;139;20;-12580.61;1
407;82;6;Colonie naine;Nains;0;0;38;3;56;4;0.70;2;1.00;0;19;1;28;14;103;0;0;0.00;19;253;20;-21139.78;0
407;83;1;Première colonie;Humains;0;0;38;4;45;4;0.72;2;1.00;20;19;1;25;13;196;0;0;0.00;30;237;20;-16119.65;0
407;83;2;Colonie naine;Nains;0;0;24;0;40;3;0.69;0;1.00;10;19;0;0;12;59;0;0;0.00;66;100;20;-10798.01;1
407;83;3;Colonie elfe;Elfes;0;0;26;2;59;4;0.73;0;1.00;20;19;1;9;11;52;0;0;0.00;61;141;20;-20748.94;1
407;83;4;Colonie orque;Orques;0;0;21;1;18;1;0.76;1;1.00;0;19;0;28;9;177;0;0;0.00;24;134;20;-17510.43;0
407;83;5;Colonie humaine;Humains;0;0;21;1;28;3;0.69;0;1.00;0;19;1;11;13;106;0;0;0.00;8;115;20;-12665.39;1
407;83;6;Colonie naine;Nains;0;0;38;4;56;4;0.68;2;1.00;0;19;1;28;14;106;0;0;0.00;23;205;20;-21283.15;0
407;84;1;Première colonie;Humains;0;0;40;6;45;4;0.77;4;1.00;20;19;1;28;13;199;0;0;0.00;59;254;20;-16298.57;0
407;84;2;Colonie naine;Nains;0;0;22;0;40;3;0.71;0;1.00;10;19;0;0;12;61;0;0;0.00;26;95;20;-10873.12;1
407;84;3;Colonie elfe;Elfes;0;0;30;3;59;4;0.70;0;1.00;20;19;1;9;11;52;0;0;0.00;46;170;20;-20900.33;1
407;84;4;Colonie orque;Orques;0;0;22;3;18;1;0.80;2;1.00;0;19;0;28;9;179;0;0;0.00;24;111;20;-17758.08;0
407;84;5;Colonie humaine;Humains;0;0;21;1;28;3;0.62;0;1.00;0;19;1;12;13;106;0;0;0.00;24;62;20;-13023.53;1
407;84;6;Colonie naine;Nains;0;0;40;5;56;4;0.72;4;1.00;0;19;1;28;14;107;0;0;0.00;27;238;20;-21727.49;0
407;85;1;Première colonie;Humains;0;0;39;5;45;4;0.69;3;1.00;20;19;1;28;13;201;0;0;0.00;23;245;20;-16462.67;0
407;85;2;Colonie naine;Nains;0;0;23;1;40;3;0.73;0;1.00;10;19;0;0;12;61;0;0;0.00;26;85;20;-10873.12;1
407;85;3;Colonie elfe;Elfes;0;0;31;3;59;4;0.75;0;1.00;20;19;1;9;11;52;0;0;0.00;46;177;20;-21095.58;1
407;85;4;Colonie orque;Orques;0;0;25;6;18;1;0.75;3;1.00;0;19;0;28;9;182;0;0;0.00;46;109;20;-17910.91;0
407;85;5;Colonie humaine;Humains;0;0;22;0;28;3;0.66;0;1.00;0;19;1;8;13;106;0;0;0.00;28;86;20;-13378.21;1
407;85;6;Colonie naine;Nains;0;0;39;5;56;4;0.73;3;1.00;0;19;1;28;14;108;0;0;0.00;10;241;20;-22004.21;0
407;86;1;Première colonie;Humains;0;0;42;6;45;4;0.73;6;1.00;20;19;1;28;13;202;0;0;0.00;21;259;20;-16626.74;0
407;86;2;Colonie naine;Nains;0;0;22;1;40;3;0.73;0;1.00;10;19;0;0;12;62;0;0;0.00;34;82;20;-10920.08;1
407;86;3;Colonie elfe;Elfes;0;0;33;4;59;4;0.71;0;1.00;20;19;1;9;11;53;0;0;0.00;46;176;20;-21187.86;1
407;86;4;Colonie orque;Orques;0;0;24;4;18;1;0.75;4;1.00;0;19;0;28;9;185;0;0;0.00;18;126;20;-18261.91;0
407;86;5;Colonie humaine;Humains;0;0;21;0;28;3;0.69;0;1.00;0;19;1;7;13;107;0;0;0.00;28;33;20;-13407.85;1
407;86;6;Colonie naine;Nains;0;0;41;4;56;4;0.73;5;1.00;0;19;1;28;14;108;0;0;0.00;14;239;20;-22133.00;0
407;87;1;Première colonie;Humains;0;0;42;2;45;4;0.73;6;1.00;20;19;1;28;13;202;0;0;0.00;21;268;20;-16842.48;0
407;87;2;Colonie naine;Nains;0;0;22;1;40;3;0.74;0;1.00;10;19;0;0;12;62;0;0;0.00;42;89;20;-10920.08;1
407;87;3;Colonie elfe;Elfes;0;0;33;5;59;4;0.74;0;1.00;20;19;1;9;11;54;0;0;0.00;46;208;20;-21645.69;1
407;87;4;Colonie orque;Orques;0;0;24;2;18;1;0.74;4;1.00;0;19;0;28;9;186;0;0;0.00;26;194;20;-18414.65;0
407;87;5;Colonie humaine;Humains;0;0;17;0;28;3;0.77;0;1.00;0;19;1;7;13;107;0;0;0.00;28;63;20;-13407.85;1
407;87;6;Colonie naine;Nains;0;0;41;5;56;4;0.72;5;1.00;0;19;1;28;14;109;0;0;0.00;14;271;20;-22344.04;0
407;88;1;Première colonie;Humains;0;0;40;3;45;4;0.69;4;1.00;20;19;1;28;13;205;0;0;0.00;33;257;20;-17057.66;0
407;88;2;Colonie naine;Nains;0;0;22;2;40;3;0.74;0;1.00;10;19;0;0;12;63;0;0;0.00;46;79;20;-11068.87;1
407;88;3;Colonie elfe;Elfes;0;0;32;5;59;4;0.73;0;1.00;20;19;1;9;11;55;0;0;0.00;46;196;20;-21754.27;1
407;88;4;Colonie orque;Orques;0;0;22;3;18;1;0.65;2;1.00;0;19;0;28;9;190;0;0;0.00;15;100;20;-18641.03;0
407;88;5;Colonie humaine;Humains;0;0;17;0;28;3;0.73;0;1.00;0;19;1;7;13;107;0;0;0.00;28;89;20;-13516.79;1
407;88;6;Colonie naine;Nains;0;0;42;6;56;4;0.74;6;1.00;0;19;1;28;14;111;0;0;0.00;14;269;20;-22686.14;0
407;89;1;Première colonie;Humains;0;0;39;2;45;4;0.73;3;1.00;20;19;1;28;13;208;0;0;0.00;43;211;20;-17281.14;0
407;89;2;Colonie naine;Nains;0;0;22;2;40;3;0.72;0;1.00;10;19;0;0;12;63;0;0;0.00;38;100;20;-11109.87;1
407;89;3;Colonie elfe;Elfes;0;0;35;6;59;4;0.73;2;1.00;20;19;1;9;11;55;0;0;0.00;56;218;20;-22011.06;1
407;89;4;Colonie orque;Orques;0;0;23;3;18;1;0.70;3;1.00;0;19;0;28;9;191;0;0;0.00;29;116;20;-18798.52;0
407;89;5;Colonie humaine;Humains;0;0;18;1;28;3;0.71;0;1.00;0;19;1;7;13;108;0;0;0.00;19;98;20;-13743.74;1
407;89;6;Colonie naine;Nains;0;0;42;4;56;4;0.71;6;1.00;0;19;1;28;14;111;0;0;0.00;14;350;20;-22920.41;0
407;90;1;Première colonie;Humains;0;0;41;4;45;4;0.72;5;1.00;20;19;1;28;13;208;0;0;0.00;50;252;20;-17485.14;0
407;90;2;Colonie naine;Nains;0;0;25;3;40;3;0.70;0;1.00;10;19;0;0;12;63;0;0;0.00;44;66;20;-11236.31;1
407;90;3;Colonie elfe;Elfes;0;0;38;9;59;4;0.72;5;1.00;20;19;1;9;11;55;0;0;0.00;66;246;20;-22223.75;1
407;90;4;Colonie orque;Orques;0;0;26;2;18;1;0.72;6;1.00;0;19;0;28;9;192;0;0;0.00;36;146;20;-18970.64;0
407;90;5;Colonie humaine;Humains;0;0;17;1;28;3;0.59;0;1.00;0;19;1;7;13;109;0;0;0.00;24;51;20;-13743.74;1
407;90;6;Colonie naine;Nains;0;0;41;3;56;4;0.77;5;1.00;0;19;1;28;14;112;0;0;0.00;22;292;20;-23239.32;0
407;91;1;Première colonie;Humains;0;0;39;5;45;4;0.72;3;1.00;20;19;1;28;13;213;0;0;0.00;35;259;20;-17734.16;0
407;91;2;Colonie naine;Nains;0;0;24;2;40;3;0.63;0;1.00;10;19;0;0;12;64;0;0;0.00;44;46;20;-11236.31;1
407;91;3;Colonie elfe;Elfes;0;0;39;9;59;4;0.73;4;1.00;20;19;1;9;11;55;0;0;0.00;66;232;20;-22487.41;1
407;91;4;Colonie orque;Orques;0;0;25;1;18;1;0.72;5;1.00;0;19;0;28;9;195;0;0;0.00;49;136;20;-19269.97;0
407;91;5;Colonie humaine;Humains;0;0;14;1;28;3;0.69;0;1.00;0;19;1;7;13;112;0;0;0.00;7;88;20;-13948.49;1
407;91;6;Colonie naine;Nains;0;0;42;5;56;4;0.70;6;1.00;0;19;1;28;14;113;0;0;0.00;31;255;20;-23384.28;0
407;92;1;Première colonie;Humains;0;0;36;6;45;4;0.76;0;1.00;20;19;1;28;13;218;0;0;0.00;64;217;20;-17888.43;0
407;92;2;Colonie naine;Nains;0;0;1;1;40;3;0.00;0;1.00;10;19;0;0;12;70;0;0;0.00;38;10;20;-11236.31;1
407;92;3;Colonie elfe;Elfes;0;0;39;9;59;4;0.73;6;1.00;20;19;1;9;11;55;0;0;0.00;66;236;20;-22876.24;1
407;92;4;Colonie orque;Orques;0;0;23;1;18;1;0.69;3;1.00;0;19;0;28;9;198;0;0;0.00;26;115;20;-19468.45;0
407;92;5;Colonie humaine;Humains;0;0;17;0;28;3;0.62;0;1.00;0;19;1;7;13;112;0;0;0.00;15;50;20;-14113.04;1
407;92;6;Colonie naine;Nains;0;0;40;4;56;4;0.71;4;1.00;0;19;1;28;14;115;0;0;0.00;7;243;20;-23553.47;0
407;93;1;Première colonie;Humains;0;0;37;7;45;4;0.77;1;1.00;20;19;1;28;13;221;0;0;0.00;25;238;20;-18227.91;0
407;93;2;Colonie naine;Nains;0;0;1;1;40;3;0.63;0;1.00;10;19;0;0;12;70;0;0;0.00;38;10;20;-11236.31;1
407;93;3;Colonie elfe;Elfes;0;0;38;9;59;4;0.74;6;1.00;20;19;1;9;11;56;0;0;0.00;55;244;20;-23091.30;1
407;93;4;Colonie orque;Orques;0;0;26;3;18;1;0.69;6;1.00;0;19;0;28;9;201;0;0;0.00;2;102;20;-19665.85;0
407;93;5;Colonie humaine;Humains;0;0;14;0;28;3;0.63;0;1.00;0;19;1;7;13;115;0;0;0.00;15;39;20;-14161.64;1
407;93;6;Colonie naine;Nains;0;0;41;3;56;4;0.72;5;1.00;0;19;1;28;14;116;0;0;0.00;7;236;20;-23971.71;0
407;94;1;Première colonie;Humains;0;0;36;7;45;4;0.75;0;1.00;20;19;1;28;13;225;0;0;0.00;31;275;20;-18392.49;0
407;94;2;Colonie naine;Nains;0;0;1;0;40;3;0.47;0;1.00;10;19;0;0;12;70;0;0;0.00;38;10;20;-11236.31;1
407;94;3;Colonie elfe;Elfes;0;0;38;9;59;4;0.72;6;1.00;20;19;1;9;11;56;0;0;0.00;43;240;20;-23340.98;1
407;94;4;Colonie orque;Orques;0;0;26;1;18;1;0.68;6;1.00;0;19;0;28;9;201;0;0;0.00;52;153;20;-19733.82;0
407;94;5;Colonie humaine;Humains;0;0;13;0;28;3;0.70;0;1.00;0;19;1;7;13;116;0;0;0.00;15;56;20;-14161.64;1
407;94;6;Colonie naine;Nains;0;0;43;4;56;4;0.70;7;1.00;0;19;1;28;14;116;0;0;0.00;38;250;20;-24181.80;0
407;95;1;Première colonie;Humains;0;0;40;7;45;4;0.71;4;1.00;20;19;1;28;13;225;0;0;0.00;21;260;20;-18606.47;0
407;95;2;Colonie naine;Nains;0;0;3;0;40;3;0.75;0;1.00;10;19;0;0;12;70;0;0;0.00;38;30;20;-11236.31;1
407;95;3;Colonie elfe;Elfes;0;0;39;9;59;4;0.75;7;1.00;20;19;1;9;11;56;0;0;0.00;52;225;20;-23734.86;1
407;95;4;Colonie orque;Orques;0;0;25;1;18;1;0.63;5;1.00;0;19;0;28;9;203;0;0;0.00;52;72;20;-19986.10;0
407;95;5;Colonie humaine;Humains;0;0;12;1;28;3;0.75;0;1.00;0;19;1;7;13;118;0;0;0.00;19;92;20;-14369.66;1
407;95;6;Colonie naine;Nains;0;0;43;5;56;4;0.72;7;1.00;0;19;1;28;14;117;0;0;0.00;18;219;20;-24531.94;0
407;96;1;Première colonie;Humains;0;0;40;5;45;4;0.74;4;1.00;20;19;1;28;13;227;0;0;0.00;21;264;20;-18729.93;0
407;96;2;Colonie naine;Nains;0;0;8;0;40;3;0.72;0;1.00;10;19;0;0;12;70;0;0;0.00;38;62;20;-11236.31;1
407;96;3;Colonie elfe;Elfes;0;0;41;10;59;4;0.72;9;1.00;20;19;1;9;11;56;0;0;0.00;57;234;20;-24158.35;1
407;96;4;Colonie orque;Orques;0;0;22;2;18;1;0.70;2;1.00;0;19;0;28;9;208;0;0;0.00;58;124;20;-20067.39;0
407;96;5;Colonie humaine;Humains;0;0;13;1;28;3;0.68;0;1.00;0;19;1;7;13;119;0;0;0.00;24;87;20;-14624.31;1
407;96;6;Colonie naine;Nains;0;0;41;6;56;4;0.70;5;1.00;0;19;1;28;14;121;0;0;0.00;22;225;20;-24660.50;0
407;97;1;Première colonie;Humains;0;0;43;5;45;4;0.72;7;1.00;20;19;1;28;13;227;0;0;0.00;27;273;20;-19034.25;0
407;97;2;Colonie naine;Nains;0;0;8;0;40;3;0.67;0;1.00;10;19;0;0;12;70;0;0;0.00;26;48;20;-11516.07;1
407;97;3;Colonie elfe;Elfes;0;0;41;10;59;4;0.74;9;1.00;20;19;1;9;11;56;0;0;0.00;57;237;20;-24513.40;1
407;97;4;Colonie orque;Orques;0;0;20;1;18;1;0.78;0;1.00;0;19;0;28;9;211;0;0;0.00;64;133;20;-20371.82;0
407;97;5;Colonie humaine;Humains;0;0;12;1;28;3;0.72;0;1.00;0;19;1;8;13;121;0;0;0.00;34;82;20;-14935.21;1
407;97;6;Colonie naine;Nains;0;0;41;5;56;4;0.69;5;1.00;0;19;1;28;14;122;0;0;0.00;22;252;20;-25154.53;0
407;98;1;Première colonie;Humains;0;0;40;4;45;4;0.72;4;1.00;20;19;1;28;13;231;0;0;0.00;32;267;20;-19155.32;0
407;98;2;Colonie naine;Nains;0;0;9;1;40;3;0.71;0;1.00;10;19;0;0;12;70;0;0;0.00;22;44;20;-11681.91;1
407;98;3;Colonie elfe;Elfes;0;0;41;8;59;4;0.73;9;1.00;20;19;1;9;11;56;0;0;0.00;50;256;20;-24799.29;1
407;98;4;Colonie orque;Orques;0;0;19;0;18;1;0.72;0;1.00;0;19;0;28;9;214;0;0;0.00;20;123;20;-20601.51;0
407;98;5;Colonie humaine;Humains;0;0;12;0;28;3;0.76;0;1.00;0;19;1;13;13;122;0;0;0.00;7;84;20;-15014.40;1
407;98;6;Colonie naine;Nains;0;0;42;6;56;4;0.74;6;1.00;0;19;1;28;14;122;0;0;0.00;26;251;20;-25427.30;0
407;99;1;Première colonie;Humains;0;0;41;4;45;4;0.73;5;1.00;20;19;1;28;13;232;0;0;0.00;37;273;20;-19303.53;0
407;99;2;Colonie naine;Nains;0;0;13;2;40;3;0.71;0;1.00;10;19;0;0;12;70;0;0;0.00;57;91;20;-11926.65;1
407;99;3;Colonie elfe;Elfes;0;0;41;7;59;4;0.73;9;1.00;20;19;1;9;11;56;0;0;0.00;50;242;20;-25050.04;1
407;99;4;Colonie orque;Orques;0;0;21;1;18;1;0.74;1;1.00;0;19;0;28;9;215;0;0;0.00;3;140;20;-20827.84;0
407;99;5;Colonie humaine;Humains;0;0;12;0;28;3;0.74;0;1.00;0;19;1;14;13;122;0;0;0.00;7;92;20;-15297.74;1
407;99;6;Colonie naine;Nains;0;0;41;6;56;4;0.67;5;1.00;0;19;1;28;14;123;0;0;0.00;10;280;20;-25780.66;0
407;100;1;Première colonie;Humains;0;0;37;2;45;4;0.70;1;1.00;20;19;1;28;13;236;0;0;0.00;49;202;20;-19502.66;0
407;100;2;Colonie naine;Nains;0;0;15;3;40;3;0.75;0;1.00;10;19;0;0;12;70;0;0;0.00;22;79;20;-12021.45;1
407;100;3;Colonie elfe;Elfes;0;0;41;7;59;4;0.74;9;1.00;20;19;1;9;11;56;0;0;0.00;50;241;20;-25344.10;1
407;100;4;Colonie orque;Orques;0;0;20;2;18;1;0.74;0;1.00;0;19;0;28;9;220;0;0;0.00;9;119;20;-21023.79;0
407;100;5;Colonie humaine;Humains;0;0;13;0;28;3;0.74;0;1.00;0;19;1;14;13;123;0;0;0.00;7;73;20;-15517.73;1
407;100;6;Colonie naine;Nains;0;0;40;5;56;4;0.70;4;1.00;0;19;1;28;14;126;0;0;0.00;10;257;20;-26109.04;0
408;1;1;Première colonie;Humains;0;0;13;0;6;1;0.65;0;1.00;0;5;0;0;3;0;0;0;0.00;446;28;8;-184.35;0
408;1;2;Colonie naine;Nains;0;0;14;0;7;1;0.69;0;1.00;0;5;0;0;3;0;0;0;0.00;308;65;5;-41.87;0
408;1;3;Colonie elfe;Elfes;0;0;12;0;7;1;0.62;0;1.00;0;7;0;0;3;0;0;0;0.00;279;37;4;-119.95;0
408;1;4;Colonie orque;Orques;0;0;18;1;9;1;0.66;0;1.00;0;5;0;0;3;0;0;0;0.00;583;85;6;-164.50;0
408;1;5;Colonie humaine;Humains;0;0;12;0;6;1;0.70;0;1.00;0;5;0;0;3;0;0;0;0.00;443;18;4;-220.57;0
408;1;6;Colonie naine;Nains;0;0;12;0;6;1;0.66;0;1.00;0;5;0;0;3;0;0;0;0.00;353;65;1;-60.64;0
408;2;1;Première colonie;Humains;0;0;14;1;9;1;0.66;0;1.00;0;6;0;0;4;0;0;0;0.00;469;61;11;-267.14;0
408;2;2;Colonie naine;Nains;0;0;15;1;8;1;0.67;0;1.00;0;6;0;0;3;0;0;0;0.00;270;62;8;-224.74;0
408;2;3;Colonie elfe;Elfes;0;0;11;0;11;1;0.67;0;1.00;0;7;0;0;3;1;0;0;2.00;238;49;7;-219.74;0
408;2;4;Colonie orque;Orques;0;0;20;3;10;1;0.64;0;1.00;0;6;0;0;4;0;0;0;0.00;701;158;9;-195.37;0
408;2;5;Colonie humaine;Humains;0;0;15;1;8;1;0.63;0;1.00;0;6;0;0;5;0;0;0;0.00;443;38;7;-456.07;0
408;2;6;Colonie naine;Nains;0;0;14;1;8;1;0.69;0;1.00;0;6;0;0;3;0;0;0;0.00;283;63;8;-603.33;0
408;3;1;Première colonie;Humains;0;0;17;3;14;1;0.68;1;1.00;0;7;0;0;5;0;0;0;0.00;472;68;19;-513.06;0
408;3;2;Colonie naine;Nains;0;0;18;2;14;1;0.70;0;1.00;0;7;0;0;4;1;0;0;0.00;343;92;13;-510.45;0
408;3;3;Colonie elfe;Elfes;0;0;16;2;15;1;0.67;0;1.00;0;8;0;0;3;1;0;0;11.00;283;70;11;-531.93;0
408;3;4;Colonie orque;Orques;0;0;19;3;11;1;0.67;0;1.00;0;7;0;0;4;3;0;0;51.00;604;83;15;-249.35;0
408;3;5;Colonie humaine;Humains;0;0;15;1;9;1;0.70;0;1.00;0;7;0;0;7;0;0;0;0.00;443;93;9;-456.07;0
408;3;6;Colonie naine;Nains;0;0;14;1;9;1;0.68;0;1.00;0;7;0;0;3;0;0;0;0.00;253;92;9;-710.16;0
408;4;1;Première colonie;Humains;0;0;19;5;14;1;0.72;3;1.00;0;8;0;0;5;0;0;0;0.00;558;103;20;-752.31;0
408;4;2;Colonie naine;Nains;0;0;20;4;19;1;0.76;0;1.00;0;8;0;0;4;1;0;0;0.00;824;97;17;-464.22;0
408;4;3;Colonie elfe;Elfes;0;0;18;2;18;1;0.74;0;1.00;0;9;1;0;4;1;0;0;0.00;176;95;16;-792.28;0
408;4;4;Colonie orque;Orques;0;0;21;3;13;1;0.70;0;1.00;0;9;0;0;4;3;0;0;11.00;601;95;19;-335.35;0
408;4;5;Colonie humaine;Humains;0;0;20;3;12;1;0.47;0;1.00;0;8;0;0;7;0;0;0;0.00;9;0;14;-507.50;0
408;4;6;Colonie naine;Nains;0;0;18;5;10;1;0.68;0;1.00;0;8;0;0;3;0;0;0;0.00;239;84;12;-838.64;0
408;5;1;Première colonie;Humains;0;0;20;5;19;1;0.76;0;1.00;0;10;0;1;5;0;0;0;0.00;266;97;20;-986.48;0
408;5;2;Colonie naine;Nains;0;0;25;7;19;1;0.74;1;1.00;0;10;0;1;4;1;0;0;0.00;1099;134;20;-557.88;0
408;5;3;Colonie elfe;Elfes;0;0;22;2;19;1;0.71;0;1.00;0;10;1;1;4;1;0;0;0.00;145;117;19;-1131.17;0
408;5;4;Colonie orque;Orques;0;0;19;3;14;1;0.70;0;1.00;0;11;0;0;4;6;0;0;0.00;536;74;20;-414.35;0
408;5;5;Colonie humaine;Humains;0;0;0;0;12;1;0.00;0;1.00;0;10;0;0;9;17;0;0;0.00;9;0;14;-507.50;1
408;5;6;Colonie naine;Nains;0;0;19;5;14;1;0.67;0;1.00;0;10;0;0;4;0;0;0;0.00;221;112;16;-1153.05;0
408;6;1;Première colonie;Humains;0;0;22;3;21;1;0.71;0;1.00;0;12;0;1;5;0;0;0;0.00;21;105;20;-1198.47;0
408;6;2;Colonie naine;Nains;0;0;26;8;21;1;0.75;0;1.00;0;11;0;1;6;1;0;0;0.00;1015;125;20;-679.06;0
408;6;3;Colonie elfe;Elfes;0;0;23;2;21;1;0.73;0;1.00;0;12;1;2;6;1;0;0;0.00;72;124;20;-1234.24;0
408;6;4;Colonie orque;Orques;0;0;17;2;14;1;0.69;0;1.00;0;12;0;0;4;9;0;0;0.00;987;84;20;-437.57;0
408;6;5;Colonie humaine;Humains;0;0;0;0;12;1;0.00;0;1.00;0;10;0;0;9;17;0;0;0.00;9;0;16;-507.50;1
408;6;6;Colonie naine;Nains;0;0;19;5;15;1;0.69;0;1.00;0;11;0;0;4;0;0;0;0.00;115;111;19;-1331.51;0
408;7;1;Première colonie;Humains;0;0;22;1;22;1;0.72;0;1.00;0;13;0;1;5;0;0;0;0.00;14;116;20;-1277.51;0
408;7;2;Colonie naine;Nains;0;0;27;9;21;1;0.74;0;1.00;0;13;0;1;7;1;0;0;0.00;658;113;20;-963.21;0
408;7;3;Colonie elfe;Elfes;0;0;26;5;21;1;0.71;2;1.00;0;13;1;2;6;1;0;0;0.00;50;128;20;-1559.59;0
408;7;4;Colonie orque;Orques;0;0;17;2;14;1;0.66;0;1.00;0;13;0;0;4;11;0;0;0.00;1314;76;20;-438.79;0
408;7;5;Colonie humaine;Humains;0;0;0;0;12;1;0.00;0;1.00;0;10;0;0;9;17;0;0;0.00;9;0;16;-507.50;1
408;7;6;Colonie naine;Nains;0;0;21;7;16;1;0.65;0;1.00;0;12;0;0;4;0;0;0;0.00;59;92;20;-1624.60;0
408;8;1;Première colonie;Humains;0;0;22;1;23;1;0.75;0;1.00;0;14;0;1;5;1;0;0;0.00;14;112;20;-1475.57;0
408;8;2;Colonie naine;Nains;0;0;29;10;23;2;0.73;0;1.00;0;13;0;1;8;1;0;0;0.00;801;113;20;-1034.33;0
408;8;3;Colonie elfe;Elfes;0;0;27;5;21;1;0.73;3;1.00;0;13;1;7;6;1;0;0;0.00;110;148;20;-1669.62;0
408;8;4;Colonie orque;Orques;0;0;12;1;16;1;0.65;0;1.00;0;13;0;0;4;16;0;0;0.00;1171;39;20;-636.16;1
408;8;5;Colonie humaine;Humains;0;0;0;0;12;1;0.00;0;1.00;0;10;0;0;9;17;0;0;0.00;9;0;16;-507.50;1
408;8;6;Colonie naine;Nains;0;0;26;8;16;1;0.65;2;1.00;0;13;0;1;5;0;0;0;0.00;50;158;20;-1731.09;0
408;9;1;Première colonie;Humains;0;0;22;1;23;1;0.68;0;1.00;0;15;1;1;5;4;0;0;0.00;81;114;20;-1666.75;0
408;9;2;Colonie naine;Nains;0;0;29;8;23;2;0.75;0;1.00;0;14;0;8;9;1;0;0;0.00;543;150;20;-1034.33;0
408;9;3;Colonie elfe;Elfes;0;0;29;5;21;1;0.73;5;1.00;0;14;1;11;7;1;0;0;0.00;586;159;20;-1869.96;0
408;9;4;Colonie orque;Orques;0;0;17;1;16;1;0.65;0;1.00;0;14;0;0;4;17;0;0;0.00;962;69;20;-894.88;1
408;9;5;Colonie humaine;Humains;0;0;0;0;12;1;0.00;0;1.00;0;10;0;0;9;17;0;0;0.00;9;0;16;-507.50;1
408;9;6;Colonie naine;Nains;0;0;27;9;16;1;0.66;3;1.00;0;13;0;1;5;0;0;0;0.00;20;157;20;-1830.27;0
408;10;1;Première colonie;Humains;0;0;21;1;24;1;0.76;0;1.00;0;15;1;2;5;9;0;0;0.00;83;132;20;-1943.08;0
408;10;2;Colonie naine;Nains;0;0;34;10;23;2;0.74;3;1.00;0;14;0;8;9;2;0;0;0.00;684;210;20;-1170.55;0
408;10;3;Colonie elfe;Elfes;0;0;29;5;21;1;0.73;5;1.00;0;14;1;12;7;1;0;0;0.00;636;146;20;-2127.30;0
408;10;4;Colonie orque;Orques;0;0;19;2;16;1;0.67;0;1.00;0;14;0;0;4;18;0;0;0.00;693;78;20;-975.06;1
408;10;5;Colonie humaine;Humains;0;0;0;0;12;1;0.00;0;1.00;0;10;0;0;9;17;0;0;0.00;9;0;16;-507.50;1
408;10;6;Colonie naine;Nains;0;0;27;5;16;1;0.69;3;1.00;0;14;0;2;5;1;0;0;0.00;64;168;20;-2195.83;0
408;11;1;Première colonie;Humains;0;0;23;1;24;1;0.72;0;1.00;0;16;1;3;5;10;0;0;0.00;123;107;20;-2093.93;0
408;11;2;Colonie naine;Nains;0;0;37;7;24;2;0.72;1;1.00;0;15;0;8;9;2;0;0;0.00;407;161;20;-1430.84;0
408;11;3;Colonie elfe;Elfes;0;0;31;7;21;1;0.72;7;1.00;0;15;1;13;7;1;0;0;0.00;576;161;20;-2377.17;0
408;11;4;Colonie orque;Orques;0;0;20;2;16;1;0.69;0;1.00;0;15;0;0;4;19;0;0;0.00;1017;113;20;-946.30;1
408;11;5;Colonie humaine;Humains;0;0;0;0;12;1;0.00;0;1.00;0;10;0;0;9;17;0;0;0.00;9;0;16;-507.50;1
408;11;6;Colonie naine;Nains;0;0;27;5;16;1;0.70;3;1.00;0;15;0;4;5;1;0;0;0.00;1;136;20;-2349.47;0
408;12;1;Première colonie;Humains;0;0;24;1;24;1;0.73;0;1.00;0;17;1;7;5;12;0;0;0.00;11;136;20;-2233.73;0
408;12;2;Colonie naine;Nains;0;0;39;7;24;2;0.74;4;1.00;0;16;0;8;9;2;0;0;0.00;595;201;20;-1649.26;0
408;12;3;Colonie elfe;Elfes;0;0;31;7;21;1;0.75;7;1.00;0;16;1;14;7;1;0;0;0.00;442;147;20;-2532.32;0
408;12;4;Colonie orque;Orques;0;0;22;3;17;1;0.67;0;1.00;0;16;0;0;4;21;0;0;0.00;832;93;20;-1067.03;1
408;12;5;Colonie humaine;Humains;0;0;0;0;12;1;0.00;0;1.00;0;10;0;0;9;17;0;0;0.00;9;0;16;-507.50;1
408;12;6;Colonie naine;Nains;0;0;27;5;16;1;0.69;3;1.00;0;16;0;7;5;1;0;0;0.00;40;149;20;-2633.20;0
408;13;1;Première colonie;Humains;0;0;26;3;24;1;0.74;0;1.00;0;17;1;10;5;12;0;0;0.00;0;129;20;-2450.55;0
408;13;2;Colonie naine;Nains;0;0;39;6;25;3;0.66;4;1.00;0;16;0;4;10;2;0;0;0.00;478;144;20;-1882.51;0
408;13;3;Colonie elfe;Elfes;0;0;31;7;21;1;0.71;7;1.00;0;16;1;18;7;1;0;0;0.00;899;149;20;-2970.39;0
408;13;4;Colonie orque;Orques;0;0;23;3;17;1;0.70;0;1.00;0;17;0;0;4;23;0;0;0.00;639;119;20;-1270.14;1
408;13;5;Colonie humaine;Humains;0;0;0;0;12;1;0.00;0;1.00;0;10;0;0;9;17;0;0;0.00;9;0;16;-507.50;1
408;13;6;Colonie naine;Nains;0;0;27;3;16;1;0.67;3;1.00;0;16;0;8;5;1;0;0;0.00;60;192;20;-2797.58;0
408;14;1;Première colonie;Humains;0;0;31;6;26;2;0.74;0;1.00;0;18;1;13;6;13;0;0;0.00;1;222;20;-2662.51;0
408;14;2;Colonie naine;Nains;0;0;40;5;31;4;0.71;0;1.00;0;17;0;4;11;2;0;0;0.00;5;187;20;-1882.51;0
408;14;3;Colonie elfe;Elfes;0;0;33;8;27;2;0.73;0;1.00;0;17;1;18;7;1;0;0;0.00;1950;199;20;-3122.17;0
408;14;4;Colonie orque;Orques;0;0;23;2;20;1;0.65;0;1.00;0;17;0;2;4;25;0;0;0.00;149;176;20;-1416.26;1
408;14;5;Colonie humaine;Humains;0;0;0;0;12;1;0.00;0;1.00;0;10;0;0;9;17;0;0;0.00;9;0;16;-507.50;1
408;14;6;Colonie naine;Nains;0;0;28;1;25;2;0.68;0;1.00;0;17;0;11;5;1;0;0;0.00;39;169;20;-3026.85;0
408;15;1;Première colonie;Humains;0;0;34;10;28;2;0.74;0;1.00;0;18;1;25;7;14;0;0;0.00;59;159;20;-3055.13;0
408;15;2;Colonie naine;Nains;0;0;43;7;32;4;0.70;0;1.00;0;18;0;2;12;2;0;0;0.00;7;172;20;-1970.19;0
408;15;3;Colonie elfe;Elfes;0;0;34;7;28;2;0.74;0;1.00;0;18;1;20;8;1;0;0;0.00;1128;170;20;-3594.22;0
408;15;4;Colonie orque;Orques;0;0;21;1;21;1;0.65;0;1.00;0;18;0;4;4;28;0;0;0.00;299;136;20;-1460.20;1
408;15;5;Colonie humaine;Humains;0;0;0;0;12;1;0.00;0;1.00;0;10;0;0;9;17;0;0;0.00;9;0;16;-507.50;1
408;15;6;Colonie naine;Nains;0;0;30;1;28;2;0.72;0;1.00;0;18;0;15;6;1;0;0;0.00;527;182;20;-3349.90;0
408;16;1;Première colonie;Humains;0;0;39;10;30;2;0.72;0;1.00;0;19;1;26;7;14;0;0;0.00;148;222;20;-3276.99;0
408;16;2;Colonie naine;Nains;0;0;43;4;37;4;0.67;0;1.00;0;18;0;2;12;3;0;0;0.00;86;155;20;-2039.67;0
408;16;3;Colonie elfe;Elfes;0;0;36;9;28;2;0.75;0;1.00;0;19;1;21;8;1;0;0;0.00;927;232;20;-3981.99;0
408;16;4;Colonie orque;Orques;0;0;22;3;22;1;0.67;0;1.00;0;19;0;8;4;31;0;0;0.00;226;126;20;-1487.00;1
408;16;5;Colonie humaine;Humains;0;0;0;0;12;1;0.00;0;1.00;0;10;0;0;9;17;0;0;0.00;9;0;16;-507.50;1
408;16;6;Colonie naine;Nains;0;0;33;1;28;2;0.71;0;1.00;0;18;0;17;7;2;0;0;0.00;531;216;20;-3515.42;0
408;17;1;Première colonie;Humains;0;0;42;7;33;2;0.74;0;1.00;0;19;1;26;7;15;0;0;0.00;46;230;20;-3444.52;0
408;17;2;Colonie naine;Nains;0;0;42;4;42;4;0.69;0;1.00;0;19;0;2;13;4;0;0;0.00;61;195;20;-2039.67;0
408;17;3;Colonie elfe;Elfes;0;0;38;11;28;2;0.78;0;1.00;0;19;1;21;8;1;0;0;0.00;1006;185;20;-4234.37;0
408;17;4;Colonie orque;Orques;0;0;24;2;22;1;0.69;0;1.00;0;19;0;8;4;34;0;0;0.00;124;102;20;-1799.25;1
408;17;5;Colonie humaine;Humains;0;0;0;0;12;1;0.00;0;1.00;0;10;0;0;9;17;0;0;0.00;9;0;16;-507.50;1
408;17;6;Colonie naine;Nains;0;0;36;3;31;2;0.69;0;1.00;0;19;0;17;7;3;0;0;0.00;664;239;20;-3767.51;0
408;18;1;Première colonie;Humains;0;0;44;3;35;2;0.69;0;1.00;0;19;1;26;9;16;0;0;0.00;31;217;20;-3598.95;0
408;18;2;Colonie naine;Nains;0;0;42;4;44;4;0.67;0;1.00;0;19;0;2;13;6;0;0;0.00;185;216;20;-2223.83;0
408;18;3;Colonie elfe;Elfes;0;0;39;12;29;2;0.76;0;1.00;0;19;2;21;8;1;0;0;0.00;836;182;20;-4506.84;0
408;18;4;Colonie orque;Orques;0;0;20;0;22;1;0.72;0;1.00;0;19;0;8;4;38;0;0;0.00;281;105;20;-1990.27;1
408;18;5;Colonie humaine;Humains;0;0;0;0;12;1;0.00;0;1.00;0;10;0;0;9;17;0;0;0.00;9;0;16;-507.50;1
408;18;6;Colonie naine;Nains;0;0;39;3;33;2;0.65;0;1.00;0;19;0;17;7;5;0;0;0.00;649;248;20;-4025.83;0
408;19;1;Première colonie;Humains;0;0;44;2;36;2;0.71;0;1.00;0;19;1;26;10;19;0;0;0.00;31;233;20;-3747.27;0
408;19;2;Colonie naine;Nains;0;0;40;4;45;4;0.69;0;1.00;0;19;0;3;14;9;0;0;0.00;119;180;20;-2320.29;0
408;19;3;Colonie elfe;Elfes;0;0;43;11;32;3;0.76;0;1.00;0;19;2;21;9;1;0;0;0.00;807;217;20;-4761.11;0
408;19;4;Colonie orque;Orques;0;0;22;2;22;1;0.72;0;1.00;0;19;0;8;4;40;0;0;0.00;92;104;20;-2108.13;1
408;19;5;Colonie humaine;Humains;0;0;0;0;12;1;0.00;0;1.00;0;10;0;0;9;17;0;0;0.00;9;0;16;-507.50;1
408;19;6;Colonie naine;Nains;0;0;42;5;34;2;0.73;0;1.00;0;19;0;17;8;5;0;0;0.00;1001;292;20;-4200.71;0
408;20;1;Première colonie;Humains;0;0;45;1;37;2;0.75;1;1.00;0;19;1;26;10;21;0;0;0.00;118;256;20;-3908.32;0
408;20;2;Colonie naine;Nains;0;0;40;5;45;4;0.70;0;1.00;0;19;0;4;14;10;0;0;0.00;135;233;20;-2512.53;0
408;20;3;Colonie elfe;Elfes;0;0;46;13;33;3;0.74;0;1.00;0;19;2;21;10;2;0;0;0.00;855;233;20;-4982.40;0
408;20;4;Colonie orque;Orques;0;0;25;4;22;1;0.73;0;1.00;0;19;0;9;4;41;0;0;0.00;38;123;20;-2266.39;1
408;20;5;Colonie humaine;Humains;0;0;0;0;12;1;0.00;0;1.00;0;10;0;0;9;17;0;0;0.00;9;0;16;-507.50;1
408;20;6;Colonie naine;Nains;0;0;46;8;35;2;0.69;0;1.00;0;19;0;17;8;5;0;0;0.00;838;297;20;-4449.94;0
408;21;1;Première colonie;Humains;0;0;46;2;38;2;0.73;2;1.00;0;19;1;26;10;22;0;0;0.00;109;274;20;-3947.16;0
408;21;2;Colonie naine;Nains;0;0;37;3;45;4;0.72;0;1.00;0;19;0;9;14;13;0;0;0.00;223;205;20;-2610.08;0
408;21;3;Colonie elfe;Elfes;0;0;49;14;33;3;0.72;3;1.00;0;19;2;21;10;2;0;0;0.00;792;201;20;-5121.98;0
408;21;4;Colonie orque;Orques;0;0;25;2;22;1;0.68;0;1.00;0;19;0;9;4;42;0;0;0.00;6;136;20;-2395.26;1
408;21;5;Colonie humaine;Humains;0;0;0;0;12;1;0.00;0;1.00;0;10;0;0;9;17;0;0;0.00;9;0;16;-507.50;1
408;21;6;Colonie naine;Nains;0;0;47;8;36;3;0.70;0;1.00;0;19;0;17;8;6;0;0;0.00;831;284;20;-4784.59;0
408;22;1;Première colonie;Humains;0;0;46;3;39;2;0.72;3;1.00;0;19;1;26;10;27;0;0;0.00;76;257;20;-4180.62;0
408;22;2;Colonie naine;Nains;0;0;39;4;48;4;0.69;0;1.00;0;19;0;9;14;15;0;0;0.00;358;242;20;-2853.21;0
408;22;3;Colonie elfe;Elfes;0;0;51;15;35;3;0.74;5;1.00;0;19;2;21;11;2;0;0;0.00;610;239;20;-5447.59;0
408;22;4;Colonie orque;Orques;0;0;22;2;22;1;0.70;0;1.00;0;19;0;9;4;47;0;0;0.00;118;96;20;-2670.30;1
408;22;5;Colonie humaine;Humains;0;0;0;0;12;1;0.00;0;1.00;0;10;0;0;9;17;0;0;0.00;9;0;16;-507.50;1
408;22;6;Colonie naine;Nains;0;0;47;8;36;3;0.70;0;1.00;0;19;0;17;9;6;0;0;0.00;961;269;20;-4884.72;0
408;23;1;Première colonie;Humains;0;0;48;5;40;2;0.73;5;1.00;0;19;1;26;10;29;0;0;0.00;60;279;20;-4248.80;0
408;23;2;Colonie naine;Nains;0;0;38;4;48;4;0.72;0;1.00;0;19;0;9;14;19;0;0;0.00;183;188;20;-3088.86;0
408;23;3;Colonie elfe;Elfes;0;0;52;14;37;3;0.74;6;1.00;0;19;2;21;12;2;0;0;0.00;447;236;20;-5595.56;0
408;23;4;Colonie orque;Orques;0;0;21;1;22;1;0.71;0;1.00;0;19;0;9;5;49;0;0;0.00;93;137;20;-2729.52;1
408;23;5;Colonie humaine;Humains;0;0;0;0;12;1;0.00;0;1.00;0;10;0;0;9;17;0;0;0.00;9;0;16;-507.50;1
408;23;6;Colonie naine;Nains;0;0;47;6;36;3;0.71;0;1.00;0;19;0;17;10;7;0;0;0.00;970;301;20;-5107.14;0
408;24;1;Première colonie;Humains;0;0;46;4;40;2;0.72;3;1.00;0;19;1;26;10;31;0;0;0.00;68;265;20;-4449.88;0
408;24;2;Colonie naine;Nains;0;0;41;4;49;4;0.72;0;1.00;0;19;0;9;14;19;0;0;0.00;500;230;20;-3232.91;0
408;24;3;Colonie elfe;Elfes;0;0;52;14;41;3;0.72;5;1.00;0;19;2;21;12;2;0;0;0.00;319;247;20;-5749.35;0
408;24;4;Colonie orque;Orques;0;0;18;2;22;1;0.69;0;1.00;0;19;0;9;5;54;0;0;0.00;112;78;20;-2906.67;1
408;24;5;Colonie humaine;Humains;0;0;0;0;12;1;0.00;0;1.00;0;10;0;0;9;17;0;0;0.00;9;0;16;-507.50;1
408;24;6;Colonie naine;Nains;0;0;49;9;38;4;0.71;0;1.00;0;19;0;17;10;8;0;0;0.00;976;310;20;-5362.80;0
408;25;1;Première colonie;Humains;0;0;48;4;40;2;0.72;5;1.00;0;19;1;26;10;36;0;0;0.00;8;297;20;-4721.49;0
408;25;2;Colonie naine;Nains;0;0;42;5;51;4;0.73;0;1.00;0;19;0;9;14;20;0;0;0.00;583;243;20;-3232.91;0
408;25;3;Colonie elfe;Elfes;0;0;53;15;41;3;0.69;6;1.00;0;19;2;21;12;2;0;0;0.00;296;261;20;-5863.08;0
408;25;4;Colonie orque;Orques;0;0;17;2;22;1;0.66;0;1.00;0;19;0;9;5;56;0;0;0.00;247;95;20;-3113.16;1
408;25;5;Colonie humaine;Humains;0;0;0;0;12;1;0.00;0;1.00;0;10;0;0;9;17;0;0;0.00;9;0;16;-507.50;1
408;25;6;Colonie naine;Nains;0;0;50;8;39;4;0.73;0;1.00;0;19;0;17;10;10;0;0;0.00;891;277;20;-5463.97;0
408;26;1;Première colonie;Humains;0;0;49;4;40;2;0.73;6;1.00;0;19;1;26;10;38;0;0;0.00;62;304;20;-4765.53;0
408;26;2;Colonie naine;Nains;0;0;42;4;51;4;0.75;0;1.00;0;19;0;9;14;22;0;0;0.00;278;184;20;-3484.87;0
408;26;3;Colonie elfe;Elfes;0;0;54;15;41;3;0.71;7;1.00;0;19;2;21;13;2;0;0;0.00;271;256;20;-6162.90;0
408;26;4;Colonie orque;Orques;0;0;19;3;22;1;0.71;0;1.00;0;19;0;9;5;57;0;0;0.00;141;79;20;-3173.21;1
408;26;5;Colonie humaine;Humains;0;0;0;0;12;1;0.00;0;1.00;0;10;0;0;9;17;0;0;0.00;9;0;16;-507.50;1
408;26;6;Colonie naine;Nains;0;0;55;9;41;4;0.69;0;1.00;0;19;0;17;10;10;0;0;0.00;983;303;20;-5648.38;0
408;27;1;Première colonie;Humains;0;0;49;5;40;3;0.73;2;1.00;0;19;1;26;10;39;0;0;0.00;42;331;20;-5039.05;0
408;27;2;Colonie naine;Nains;0;0;40;5;51;4;0.73;0;1.00;0;19;0;9;14;25;0;0;0.00;386;229;20;-3612.13;0
408;27;3;Colonie elfe;Elfes;0;0;54;14;41;3;0.72;7;1.00;0;19;2;21;14;2;0;0;0.00;200;263;20;-6286.63;0
408;27;4;Colonie orque;Orques;0;0;21;5;22;1;0.70;0;1.00;0;19;0;9;5;58;0;0;0.00;0;156;20;-3312.54;1
408;27;5;Colonie humaine;Humains;0;0;0;0;12;1;0.00;0;1.00;0;10;0;0;9;17;0;0;0.00;9;0;16;-507.50;1
408;27;6;Colonie naine;Nains;0;0;52;9;41;4;0.68;0;1.00;0;19;0;17;10;15;0;0;0.00;1324;345;20;-5744.14;0
408;28;1;Première colonie;Humains;0;0;45;4;41;3;0.74;0;1.00;0;19;1;28;10;45;0;0;0.00;41;288;20;-5166.31;0
408;28;2;Colonie naine;Nains;0;0;41;4;51;4;0.71;0;1.00;0;19;0;9;14;25;0;0;0.00;276;176;20;-3750.33;0
408;28;3;Colonie elfe;Elfes;0;0;54;12;41;3;0.70;7;1.00;0;19;2;21;14;2;0;0;0.00;138;298;20;-6445.00;0
408;28;4;Colonie orque;Orques;0;0;25;5;22;1;0.69;0;1.00;0;19;0;9;5;58;0;0;0.00;0;133;20;-3450.50;1
408;28;5;Colonie humaine;Humains;0;0;0;0;12;1;0.00;0;1.00;0;10;0;0;9;17;0;0;0.00;9;0;16;-507.50;1
408;28;6;Colonie naine;Nains;0;0;54;9;41;4;0.70;0;1.00;0;19;0;17;10;16;0;0;0.00;1402;326;20;-5952.90;0
408;29;1;Première colonie;Humains;0;0;48;5;42;4;0.76;0;1.00;0;19;1;28;10;49;0;0;0.00;146;269;20;-5428.93;0
408;29;2;Colonie naine;Nains;0;0;41;4;51;4;0.68;0;1.00;0;19;0;3;14;25;0;0;0.00;278;97;20;-3821.65;0
408;29;3;Colonie elfe;Elfes;0;0;54;11;41;3;0.73;6;1.00;0;19;2;21;14;3;0;0;0.00;57;278;20;-6639.71;0
408;29;4;Colonie orque;Orques;0;0;25;3;22;1;0.66;0;1.00;0;19;0;10;5;61;0;0;0.00;12;149;20;-3582.33;1
408;29;5;Colonie humaine;Humains;0;0;0;0;12;1;0.00;0;1.00;0;10;0;0;9;17;0;0;0.00;9;0;16;-507.50;1
408;29;6;Colonie naine;Nains;0;0;58;11;42;4;0.70;0;1.00;0;19;0;17;10;17;0;0;0.00;1403;303;20;-6081.06;0
408;30;1;Première colonie;Humains;0;0;51;5;42;4;0.73;2;1.00;0;19;1;28;10;49;0;0;0.00;209;277;20;-5541.43;0
408;30;2;Colonie naine;Nains;0;0;40;3;51;4;0.72;0;1.00;0;19;0;3;14;26;0;0;0.00;237;177;20;-3912.51;0
408;30;3;Colonie elfe;Elfes;0;0;54;11;42;3;0.73;6;1.00;0;19;2;21;14;4;0;0;0.00;111;255;20;-6782.20;0
408;30;4;Colonie orque;Orques;0;0;28;2;22;1;0.74;0;1.00;0;19;0;10;5;61;0;0;0.00;2;166;20;-3611.76;1
408;30;5;Colonie humaine;Humains;0;0;0;0;12;1;0.00;0;1.00;0;10;0;0;9;17;0;0;0.00;9;0;16;-507.50;1
408;30;6;Colonie naine;Nains;0;0;62;12;43;4;0.71;0;1.00;0;19;0;17;10;17;0;0;0.00;1321;381;20;-6181.50;0
408;31;1;Première colonie;Humains;0;0;51;5;42;4;0.76;2;1.00;0;19;1;28;10;51;0;0;0.00;62;262;20;-5696.04;0
408;31;2;Colonie naine;Nains;0;0;38;2;51;4;0.66;0;1.00;0;19;0;3;14;28;0;0;0.00;220;149;20;-4017.02;0
408;31;3;Colonie elfe;Elfes;0;0;51;8;42;3;0.75;5;1.00;0;19;2;21;14;7;0;0;0.00;61;238;20;-7128.72;0
408;31;4;Colonie orque;Orques;0;0;25;2;22;1;0.75;0;1.00;0;19;0;13;5;66;0;0;0.00;264;150;20;-3740.04;1
408;31;5;Colonie humaine;Humains;0;0;0;0;12;1;0.00;0;1.00;0;10;0;0;9;17;0;0;0.00;9;0;16;-507.50;1
408;31;6;Colonie naine;Nains;0;0;63;13;43;4;0.69;0;1.00;0;19;0;17;10;18;0;0;0.00;1222;407;20;-6277.43;0
408;32;1;Première colonie;Humains;0;0;47;3;42;4;0.72;0;1.00;0;19;1;28;10;56;0;0;0.00;60;274;20;-5746.41;0
408;32;2;Colonie naine;Nains;0;0;41;5;51;4;0.69;0;1.00;0;19;0;3;14;28;0;0;0.00;339;113;20;-4017.02;0
408;32;3;Colonie elfe;Elfes;0;0;52;7;42;3;0.75;6;1.00;0;19;2;21;14;7;0;0;0.00;81;291;20;-7231.95;0
408;32;4;Colonie orque;Orques;0;0;24;4;22;1;0.70;0;1.00;0;19;0;17;5;70;0;0;0.00;37;115;20;-3748.50;1
408;32;5;Colonie humaine;Humains;0;0;0;0;12;1;0.00;0;1.00;0;10;0;0;9;17;0;0;0.00;9;0;16;-507.50;1
408;32;6;Colonie naine;Nains;0;0;64;10;44;4;0.71;0;1.00;0;19;0;17;10;19;0;0;0.00;1170;396;20;-6277.43;0
408;33;1;Première colonie;Humains;0;0;44;2;42;4;0.72;0;1.00;0;19;1;28;10;61;0;0;0.00;66;235;20;-5888.78;0
408;33;2;Colonie naine;Nains;0;0;40;4;51;4;0.67;0;1.00;0;19;0;3;14;29;0;0;0.00;200;117;20;-4142.70;0
408;33;3;Colonie elfe;Elfes;0;0;52;6;42;3;0.71;6;1.00;0;19;2;21;14;7;0;0;0.00;54;245;20;-7439.71;0
408;33;4;Colonie orque;Orques;0;0;29;4;22;1;0.67;1;1.00;0;19;0;18;5;70;0;0;0.00;61;201;20;-3975.10;1
408;33;5;Colonie humaine;Humains;0;0;0;0;12;1;0.00;0;1.00;0;10;0;0;9;17;0;0;0.00;9;0;16;-507.50;1
408;33;6;Colonie naine;Nains;0;0;66;10;45;4;0.71;0;1.00;10;19;0;17;10;21;0;0;0.00;1096;405;20;-6473.46;0
408;34;1;Première colonie;Humains;0;0;42;1;42;4;0.75;0;1.00;0;19;1;28;10;64;0;0;0.00;281;231;20;-6076.67;0
408;34;2;Colonie naine;Nains;0;0;38;2;51;4;0.73;0;1.00;0;19;0;4;14;31;0;0;0.00;176;184;20;-4248.46;1
408;34;3;Colonie elfe;Elfes;0;0;52;6;42;3;0.72;6;1.00;0;19;2;21;14;8;0;0;0.00;46;243;20;-7722.87;0
408;34;4;Colonie orque;Orques;0;0;33;4;23;2;0.68;1;1.00;0;19;0;19;5;71;0;0;0.00;60;189;20;-4099.14;1
408;34;5;Colonie humaine;Humains;0;0;0;0;12;1;0.00;0;1.00;0;10;0;0;9;17;0;0;0.00;9;0;16;-507.50;1
408;34;6;Colonie naine;Nains;0;0;69;12;45;4;0.69;0;1.00;10;19;0;17;10;22;0;0;0.00;1041;463;20;-6523.44;0
408;35;1;Première colonie;Humains;0;0;37;1;42;4;0.74;0;1.00;0;19;1;28;10;73;0;0;0.00;247;226;20;-6134.08;0
408;35;2;Colonie naine;Nains;0;0;40;4;51;4;0.67;0;1.00;0;19;0;3;14;31;0;0;0.00;197;108;20;-4394.91;1
408;35;3;Colonie elfe;Elfes;0;0;52;5;42;3;0.72;6;1.00;0;19;2;21;14;8;0;0;0.00;93;241;20;-7961.45;0
408;35;4;Colonie orque;Orques;0;0;35;2;23;2;0.80;3;1.00;0;19;0;19;5;72;0;0;0.00;169;206;20;-4217.42;1
408;35;5;Colonie humaine;Humains;0;0;0;0;12;1;0.00;0;1.00;0;10;0;0;9;17;0;0;0.00;9;0;16;-507.50;1
408;35;6;Colonie naine;Nains;0;0;70;13;46;4;0.69;0;1.00;10;19;0;17;10;24;0;0;0.00;1016;367;20;-6760.68;0
408;36;1;Première colonie;Humains;0;0;41;1;42;4;0.78;0;1.00;0;19;1;28;10;73;0;0;0.00;240;230;20;-6293.72;0
408;36;2;Colonie naine;Nains;0;0;40;4;51;4;0.72;0;1.00;0;19;0;3;15;31;0;0;0.00;263;169;20;-4394.91;1
408;36;3;Colonie elfe;Elfes;0;0;50;5;42;3;0.68;4;1.00;0;19;2;21;14;10;0;0;0.00;105;215;20;-8182.79;0
408;36;4;Colonie orque;Orques;0;0;34;3;23;2;0.66;3;1.00;0;19;0;21;5;78;0;0;0.00;75;157;20;-4385.47;1
408;36;5;Colonie humaine;Humains;0;0;0;0;12;1;0.00;0;1.00;0;10;0;0;9;17;0;0;0.00;9;0;16;-507.50;1
408;36;6;Colonie naine;Nains;0;0;72;10;46;4;0.69;0;1.00;10;19;0;17;10;25;0;0;0.00;973;345;20;-6812.51;0
408;37;1;Première colonie;Humains;0;0;44;2;42;4;0.73;2;1.00;0;19;1;28;10;75;0;0;0.00;124;242;20;-6413.00;0
408;37;2;Colonie naine;Nains;0;0;38;4;51;4;0.70;0;1.00;0;19;0;4;15;33;0;0;0.00;263;167;20;-4445.22;1
408;37;3;Colonie elfe;Elfes;0;0;51;4;42;3;0.73;5;1.00;0;19;2;21;14;10;0;0;0.00;164;251;20;-8380.57;0
408;37;4;Colonie orque;Orques;0;0;38;7;23;2;0.70;7;1.00;0;19;0;25;5;78;0;0;0.00;146;200;20;-4504.79;1
408;37;5;Colonie humaine;Humains;0;0;0;0;12;1;0.00;0;1.00;0;10;0;0;9;17;0;0;0.00;9;0;16;-507.50;1
408;37;6;Colonie naine;Nains;0;0;74;9;47;4;0.71;0;1.00;10;19;0;17;10;26;0;0;0.00;961;348;20;-6997.91;0
408;38;1;Première colonie;Humains;0;0;40;1;42;4;0.73;0;1.00;0;19;1;28;10;81;0;0;0.00;124;237;20;-6490.41;0
408;38;2;Colonie naine;Nains;0;0;37;2;51;4;0.72;0;1.00;0;19;0;3;15;34;0;0;0.00;464;197;20;-4489.71;1
408;38;3;Colonie elfe;Elfes;0;0;52;4;42;3;0.70;6;1.00;0;19;2;21;14;10;0;0;0.00;34;221;20;-8559.28;0
408;38;4;Colonie orque;Orques;0;0;34;3;23;2;0.70;5;1.00;0;19;0;27;5;82;0;0;0.00;61;215;20;-4696.67;1
408;38;5;Colonie humaine;Humains;0;0;0;0;12;1;0.00;0;1.00;0;10;0;0;9;17;0;0;0.00;9;0;16;-507.50;1
408;38;6;Colonie naine;Nains;0;0;74;8;47;4;0.70;0;1.00;10;19;0;17;10;26;0;0;0.00;915;306;20;-7117.57;0
408;39;1;Première colonie;Humains;0;0;40;2;42;4;0.73;0;1.00;0;19;1;28;10;83;0;0;0.00;741;232;20;-6561.70;0
408;39;2;Colonie naine;Nains;0;0;41;2;51;4;0.74;0;1.00;0;19;0;9;15;35;0;0;0.00;373;225;20;-4640.67;1
408;39;3;Colonie elfe;Elfes;0;0;53;5;42;3;0.71;7;1.00;0;19;2;21;14;10;0;0;0.00;34;222;20;-8904.91;0
408;39;4;Colonie orque;Orques;0;0;27;0;23;2;0.70;0;1.00;0;19;0;27;5;90;0;0;0.00;143;142;20;-4760.84;1
408;39;5;Colonie humaine;Humains;0;0;0;0;12;1;0.00;0;1.00;0;10;0;0;9;17;0;0;0.00;9;0;16;-507.50;1
408;39;6;Colonie naine;Nains;0;0;72;7;47;4;0.69;0;1.00;10;19;0;17;10;28;0;0;0.00;358;245;20;-7182.26;0
408;40;1;Première colonie;Humains;0;0;45;4;42;4;0.70;4;1.00;0;19;1;28;10;84;0;0;0.00;726;244;20;-6719.00;0
408;40;2;Colonie naine;Nains;0;0;42;3;51;4;0.70;0;1.00;0;19;0;4;15;35;0;0;0.00;195;156;20;-4733.51;1
408;40;3;Colonie elfe;Elfes;0;0;52;5;42;3;0.72;7;1.00;0;19;2;21;14;11;0;0;0.00;34;224;20;-9130.79;0
408;40;4;Colonie orque;Orques;0;0;26;1;23;2;0.71;0;1.00;0;19;0;27;5;93;0;0;0.00;349;138;20;-4814.06;1
408;40;5;Colonie humaine;Humains;0;0;0;0;12;1;0.00;0;1.00;0;10;0;0;9;17;0;0;0.00;9;0;16;-507.50;1
408;40;6;Colonie naine;Nains;0;0;71;7;47;4;0.70;0;1.00;10;19;0;17;10;31;0;0;0.00;310;283;20;-7182.26;0
408;41;1;Première colonie;Humains;0;0;44;5;42;4;0.74;3;1.00;0;19;1;28;10;86;0;0;0.00;628;255;20;-6792.19;0
408;41;2;Colonie naine;Nains;0;0;42;1;38;3;0.67;0;1.00;0;19;0;3;15;35;0;0;0.00;77;75;20;-4733.51;1
408;41;3;Colonie elfe;Elfes;0;0;52;5;42;3;0.71;7;1.00;0;19;2;21;14;11;0;0;0.00;34;236;20;-9265.88;0
408;41;4;Colonie orque;Orques;0;0;27;3;23;2;0.68;0;1.00;0;19;0;27;5;97;0;0;0.00;274;141;20;-5020.62;1
408;41;5;Colonie humaine;Humains;0;0;0;0;12;1;0.00;0;1.00;0;10;0;0;9;17;0;0;0.00;9;0;16;-507.50;1
408;41;6;Colonie naine;Nains;0;0;72;5;47;4;0.69;0;1.00;10;19;0;17;10;33;0;0;0.00;285;362;20;-7386.09;0
408;42;1;Première colonie;Humains;0;0;44;5;42;4;0.75;4;1.00;0;19;1;28;10;89;0;0;0.00;593;244;20;-6953.78;0
408;42;2;Colonie naine;Nains;0;0;39;1;38;3;0.19;0;1.00;0;19;0;1;15;38;0;0;0.00;106;61;20;-4733.51;1
408;42;3;Colonie elfe;Elfes;0;0;52;5;42;3;0.72;7;1.00;0;19;2;21;14;12;0;0;0.00;40;249;20;-9561.06;0
408;42;4;Colonie orque;Orques;0;0;31;6;23;2;0.71;3;1.00;0;19;0;27;5;99;0;0;0.00;459;185;20;-5181.19;1
408;42;5;Colonie humaine;Humains;0;0;0;0;12;1;0.00;0;1.00;0;10;0;0;9;17;0;0;0.00;9;0;16;-507.50;1
408;42;6;Colonie naine;Nains;0;0;77;5;48;4;0.67;0;1.00;10;19;0;14;10;34;0;0;0.00;123;242;20;-7523.99;0
408;43;1;Première colonie;Humains;0;0;44;3;42;4;0.75;4;1.00;0;19;1;28;10;91;0;0;0.00;261;291;20;-7269.75;0
408;43;2;Colonie naine;Nains;0;0;17;0;38;3;0.70;0;1.00;0;19;0;6;15;59;0;0;0.00;157;100;20;-4896.63;1
408;43;3;Colonie elfe;Elfes;0;0;49;5;42;3;0.70;5;1.00;0;19;2;21;14;15;0;0;0.00;41;291;20;-9722.64;0
408;43;4;Colonie orque;Orques;0;0;32;5;23;2;0.72;4;1.00;0;19;0;27;5;101;0;0;0.00;71;175;20;-5284.86;1
408;43;5;Colonie humaine;Humains;0;0;0;0;12;1;0.00;0;1.00;0;10;0;0;9;17;0;0;0.00;9;0;16;-507.50;1
408;43;6;Colonie naine;Nains;0;0;72;4;48;4;0.63;0;1.00;10;19;0;5;11;39;0;0;0.00;423;65;20;-7757.91;0
408;44;1;Première colonie;Humains;0;0;42;3;42;4;0.74;2;1.00;0;19;1;28;10;95;0;0;0.00;5;251;20;-7430.43;0
408;44;2;Colonie naine;Nains;0;0;17;0;38;3;0.74;0;1.00;0;19;0;9;15;60;0;0;0.00;369;110;20;-5140.12;1
408;44;3;Colonie elfe;Elfes;0;0;49;4;42;3;0.70;5;1.00;0;19;2;21;14;15;0;0;0.00;47;261;20;-10016.95;0
408;44;4;Colonie orque;Orques;0;0;31;4;23;2;0.70;3;1.00;0;19;0;27;5;105;0;0;0.00;164;180;20;-5498.70;1
408;44;5;Colonie humaine;Humains;0;0;0;0;12;1;0.00;0;1.00;0;10;0;0;9;17;0;0;0.00;9;0;16;-507.50;1
408;44;6;Colonie naine;Nains;0;0;16;2;48;4;0.72;0;1.00;10;19;0;2;11;58;0;0;0.00;249;121;20;-7757.91;1
408;45;1;Première colonie;Humains;0;0;41;3;42;4;0.73;1;1.00;0;19;1;28;10;100;0;0;0.00;27;267;20;-7662.77;0
408;45;2;Colonie naine;Nains;0;0;19;1;38;3;0.72;0;1.00;0;19;0;11;15;61;0;0;0.00;277;114;20;-5184.30;1
408;45;3;Colonie elfe;Elfes;0;0;49;4;42;3;0.69;7;1.00;0;19;2;21;14;18;0;0;0.00;20;249;20;-10240.55;0
408;45;4;Colonie orque;Orques;0;0;32;4;23;2;0.74;4;1.00;0;19;0;28;5;107;0;0;0.00;550;179;20;-5656.73;1
408;45;5;Colonie humaine;Humains;0;0;0;0;12;1;0.00;0;1.00;0;10;0;0;9;17;0;0;0.00;9;0;16;-507.50;1
408;45;6;Colonie naine;Nains;0;0;16;2;48;4;0.70;0;1.00;10;19;0;2;11;58;0;0;0.00;359;121;20;-7964.31;1
408;46;1;Première colonie;Humains;0;0;37;2;42;4;0.75;0;1.00;0;19;1;28;10;105;0;0;0.00;463;254;20;-7685.20;0
408;46;2;Colonie naine;Nains;0;0;21;2;38;3;0.75;0;1.00;0;19;0;12;15;63;0;0;0.00;101;130;20;-5329.00;1
408;46;3;Colonie elfe;Elfes;0;0;48;4;42;3;0.69;6;1.00;0;19;2;21;14;19;0;0;0.00;19;254;20;-10431.67;0
408;46;4;Colonie orque;Orques;0;0;30;3;23;2;0.69;2;1.00;0;19;0;28;5;110;0;0;0.00;465;175;20;-5765.70;1
408;46;5;Colonie humaine;Humains;0;0;0;0;12;1;0.00;0;1.00;0;10;0;0;9;17;0;0;0.00;9;0;16;-507.50;1
408;46;6;Colonie naine;Nains;0;0;17;1;49;4;0.70;0;1.00;10;19;0;2;11;58;0;0;0.00;178;129;20;-8268.24;1
408;47;1;Première colonie;Humains;0;0;34;1;42;4;0.76;0;1.00;0;19;1;28;10;108;0;0;0.00;719;197;20;-7692.93;0
408;47;2;Colonie naine;Nains;0;0;26;3;38;3;0.76;0;1.00;0;19;0;15;15;63;0;0;0.00;146;137;20;-5554.38;1
408;47;3;Colonie elfe;Elfes;0;0;47;4;42;3;0.69;5;1.00;0;19;2;21;14;21;0;0;0.00;43;204;20;-10739.41;0
408;47;4;Colonie orque;Orques;0;0;35;2;23;2;0.70;7;1.00;0;19;0;28;5;111;0;0;0.00;189;213;20;-5872.67;1
408;47;5;Colonie humaine;Humains;0;0;0;0;12;1;0.00;0;1.00;0;10;0;0;9;17;0;0;0.00;9;0;16;-507.50;1
408;47;6;Colonie naine;Nains;0;0;17;1;49;4;0.69;0;1.00;10;19;0;9;11;58;0;0;0.00;108;122;20;-8475.11;1
408;48;1;Première colonie;Humains;0;0;32;0;42;4;0.76;0;1.00;0;19;1;28;10;112;0;0;0.00;427;275;20;-7910.34;0
408;48;2;Colonie naine;Nains;0;0;28;4;38;3;0.71;0;1.00;0;19;0;17;15;63;0;0;0.00;339;165;20;-5809.73;1
408;48;3;Colonie elfe;Elfes;0;0;45;4;42;3;0.71;4;1.00;0;19;2;21;14;23;0;0;0.00;89;211;20;-10868.63;0
408;48;4;Colonie orque;Orques;0;0;34;3;23;2;0.68;6;1.00;0;19;0;28;5;114;0;0;0.00;74;208;20;-6018.97;1
408;48;5;Colonie humaine;Humains;0;0;0;0;12;1;0.00;0;1.00;0;10;0;0;9;17;0;0;0.00;9;0;16;-507.50;1
408;48;6;Colonie naine;Nains;0;0;25;2;49;4;0.71;0;1.00;10;19;0;10;11;58;0;0;0.00;182;173;20;-8688.67;1
408;49;1;Première colonie;Humains;0;0;30;1;42;4;0.73;0;1.00;0;19;1;28;10;117;0;0;0.00;220;181;20;-8072.17;0
408;49;2;Colonie naine;Nains;0;0;32;6;38;3;0.77;0;1.00;0;19;0;17;15;64;0;0;0.00;462;213;20;-5894.26;1
408;49;3;Colonie elfe;Elfes;0;0;45;4;42;3;0.73;4;1.00;0;19;2;21;14;24;0;0;0.00;79;201;20;-11184.75;0
408;49;4;Colonie orque;Orques;0;0;30;5;23;2;0.70;2;1.00;0;19;0;28;5;121;0;0;0.00;15;176;20;-6164.05;1
408;49;5;Colonie humaine;Humains;0;0;0;0;12;1;0.00;0;1.00;0;10;0;0;9;17;0;0;0.00;9;0;16;-507.50;1
408;49;6;Colonie naine;Nains;0;0;27;3;49;4;0.70;0;1.00;10;19;0;10;11;58;0;0;0.00;299;174;20;-8739.64;1
408;50;1;Première colonie;Humains;0;0;29;2;42;4;0.76;0;1.00;0;19;1;28;10;120;0;0;0.00;37;190;20;-8243.51;0
408;50;2;Colonie naine;Nains;0;0;32;6;38;3;0.77;0;1.00;0;19;0;17;15;64;0;0;0.00;535;171;20;-6100.18;1
408;50;3;Colonie elfe;Elfes;0;0;46;4;42;3;0.71;6;1.00;0;19;2;21;14;26;0;0;0.00;7;219;20;-11263.59;0
408;50;4;Colonie orque;Orques;0;0;30;3;23;2;0.73;2;1.00;0;19;0;28;5;124;0;0;0.00;120;166;20;-6320.40;1
408;50;5;Colonie humaine;Humains;0;0;0;0;12;1;0.00;0;1.00;0;10;0;0;9;17;0;0;0.00;9;0;16;-507.50;1
408;50;6;Colonie naine;Nains;0;0;28;5;49;4;0.70;0;1.00;10;19;0;10;11;59;0;0;0.00;9;179;20;-8956.39;1
408;51;1;Première colonie;Humains;0;0;33;6;42;4;0.76;0;1.00;0;19;1;28;10;121;0;0;0.00;40;186;20;-8447.95;0
408;51;2;Colonie naine;Nains;0;0;39;8;38;3;0.78;0;1.00;0;19;0;17;15;64;0;0;0.00;624;187;20;-6246.13;1
408;51;3;Colonie elfe;Elfes;0;0;47;4;42;3;0.71;7;1.00;0;19;2;21;14;26;0;0;0.00;15;248;20;-11493.11;0
408;51;4;Colonie orque;Orques;0;0;34;2;23;2;0.70;6;1.00;0;19;0;28;5;124;0;0;0.00;97;209;20;-6423.22;1
408;51;5;Colonie humaine;Humains;0;0;0;0;12;1;0.00;0;1.00;0;10;0;0;9;17;0;0;0.00;9;0;16;-507.50;1
408;51;6;Colonie naine;Nains;0;0;29;6;49;4;0.68;0;1.00;10;19;0;10;11;60;0;0;0.00;308;174;20;-9180.82;1
408;52;1;Première colonie;Humains;0;0;33;7;42;4;0.76;0;1.00;0;19;1;28;10;123;0;0;0.00;71;216;20;-8657.14;0
408;52;2;Colonie naine;Nains;0;0;40;9;38;3;0.75;0;1.00;0;19;0;17;15;65;0;0;0.00;596;197;20;-6412.44;1
408;52;3;Colonie elfe;Elfes;0;0;47;4;42;3;0.70;7;1.00;0;19;2;21;14;26;0;0;0.00;29;219;20;-11762.49;0
408;52;4;Colonie orque;Orques;0;0;29;2;23;2;0.68;1;1.00;0;19;0;28;5;129;0;0;0.00;107;208;20;-6503.42;1
408;52;5;Colonie humaine;Humains;0;0;0;0;12;1;0.00;0;1.00;0;10;0;0;9;17;0;0;0.00;9;0;16;-507.50;1
408;52;6;Colonie naine;Nains;0;0;35;7;49;4;0.69;0;1.00;10;19;0;10;11;60;0;0;0.00;183;230;20;-9290.19;1
408;53;1;Première colonie;Humains;0;0;33;10;42;4;0.74;0;1.00;0;19;1;28;10;127;0;0;0.00;79;202;20;-8771.04;0
408;53;2;Colonie naine;Nains;0;0;44;10;38;3;0.75;2;1.00;0;19;0;17;15;65;0;0;0.00;543;214;20;-6480.21;1
408;53;3;Colonie elfe;Elfes;0;0;46;4;42;3;0.70;7;1.00;0;19;2;21;14;27;0;0;0.00;29;235;20;-11957.89;0
408;53;4;Colonie orque;Orques;0;0;27;0;23;2;0.72;0;1.00;0;19;0;28;5;132;0;0;0.00;101;176;20;-6514.01;1
408;53;5;Colonie humaine;Humains;0;0;0;0;12;1;0.00;0;1.00;0;10;0;0;9;17;0;0;0.00;9;0;16;-507.50;1
408;53;6;Colonie naine;Nains;0;0;40;10;49;4;0.70;0;1.00;10;19;0;10;11;61;0;0;0.00;142;232;20;-9509.69;1
408;54;1;Première colonie;Humains;0;0;37;9;42;4;0.76;0;1.00;0;19;1;28;10;128;0;0;0.00;45;201;20;-9044.06;0
408;54;2;Colonie naine;Nains;0;0;44;10;38;3;0.76;2;1.00;0;19;0;17;15;66;0;0;0.00;720;226;20;-6633.44;1
408;54;3;Colonie elfe;Elfes;0;0;46;3;42;3;0.71;7;1.00;0;19;2;21;14;27;0;0;0.00;7;206;20;-12189.98;0
408;54;4;Colonie orque;Orques;0;0;28;3;23;2;0.74;0;1.00;0;19;0;28;5;135;0;0;0.00;80;159;20;-6618.81;1
408;54;5;Colonie humaine;Humains;0;0;0;0;12;1;0.00;0;1.00;0;10;0;0;9;17;0;0;0.00;9;0;16;-507.50;1
408;54;6;Colonie naine;Nains;0;0;47;10;49;4;0.70;0;1.00;10;19;0;10;11;61;0;0;0.00;13;296;20;-9721.74;1
408;55;1;Première colonie;Humains;0;0;41;9;42;4;0.76;1;1.00;0;19;1;28;10;130;0;0;0.00;149;292;20;-9128.08;0
408;55;2;Colonie naine;Nains;0;0;45;8;38;3;0.71;3;1.00;0;19;0;14;15;67;0;0;0.00;664;180;20;-6780.45;1
408;55;3;Colonie elfe;Elfes;0;0;44;3;42;3;0.71;5;1.00;0;19;2;21;14;30;0;0;0.00;12;231;20;-12344.42;0
408;55;4;Colonie orque;Orques;0;0;24;5;23;2;0.71;0;1.00;0;19;0;28;5;142;0;0;0.00;82;179;20;-6753.85;1
408;55;5;Colonie humaine;Humains;0;0;0;0;12;1;0.00;0;1.00;0;10;0;0;9;17;0;0;0.00;9;0;16;-507.50;1
408;55;6;Colonie naine;Nains;0;0;48;10;49;4;0.70;0;1.00;10;19;0;10;11;61;0;0;0.00;33;293;20;-9898.15;1
408;56;1;Première colonie;Humains;0;0;43;6;42;4;0.72;3;1.00;0;19;1;28;10;132;0;0;0.00;237;250;20;-9250.03;0
408;56;2;Colonie naine;Nains;0;0;45;8;38;3;0.70;3;1.00;0;19;0;5;15;67;0;0;0.00;195;100;20;-6852.38;1
408;56;3;Colonie elfe;Elfes;0;0;46;5;42;3;0.72;7;1.00;0;19;2;21;14;30;0;0;0.00;247;208;20;-12543.54;0
408;56;4;Colonie orque;Orques;0;0;27;6;23;2;0.73;0;1.00;0;19;0;28;5;145;0;0;0.00;102;143;20;-6921.63;1
408;56;5;Colonie humaine;Humains;0;0;0;0;12;1;0.00;0;1.00;0;10;0;0;9;17;0;0;0.00;9;0;16;-507.50;1
408;56;6;Colonie naine;Nains;0;0;50;9;49;4;0.68;0;1.00;10;19;0;10;11;62;0;0;0.00;57;306;20;-9984.27;1
408;57;1;Première colonie;Humains;0;0;43;5;42;4;0.75;3;1.00;0;19;1;28;10;134;0;0;0.00;91;265;20;-9570.40;0
408;57;2;Colonie naine;Nains;0;0;44;5;38;3;0.62;3;1.00;0;19;0;5;16;68;0;0;0.00;62;55;20;-6890.23;1
408;57;3;Colonie elfe;Elfes;0;0;44;4;42;3;0.72;5;1.00;0;19;2;21;14;32;0;0;0.00;435;220;20;-12755.97;0
408;57;4;Colonie orque;Orques;0;0;33;6;23;2;0.68;4;1.00;0;19;0;28;5;146;0;0;0.00;69;198;20;-7003.98;1
408;57;5;Colonie humaine;Humains;0;0;0;0;12;1;0.00;0;1.00;0;10;0;0;9;17;0;0;0.00;9;0;16;-507.50;1
408;57;6;Colonie naine;Nains;0;0;54;11;49;4;0.69;0;1.00;10;19;0;10;11;63;0;0;0.00;167;320;20;-10093.71;1
408;58;1;Première colonie;Humains;0;0;43;4;42;4;0.75;3;1.00;0;19;1;28;10;136;0;0;0.00;64;242;20;-9832.75;0
408;58;2;Colonie naine;Nains;0;0;24;3;38;3;0.77;0;1.00;0;19;0;3;16;68;0;0;0.00;135;148;20;-6890.23;1
408;58;3;Colonie elfe;Elfes;0;0;43;5;42;3;0.73;4;1.00;0;19;2;21;14;34;0;0;0.00;325;170;20;-12993.16;0
408;58;4;Colonie orque;Orques;0;0;31;4;23;2;0.63;3;1.00;0;19;0;28;6;149;0;0;0.00;16;184;20;-7105.92;1
408;58;5;Colonie humaine;Humains;0;0;0;0;12;1;0.00;0;1.00;0;10;0;0;9;17;0;0;0.00;9;0;16;-507.50;1
408;58;6;Colonie naine;Nains;0;0;57;13;49;4;0.69;0;1.00;10;19;0;10;12;64;0;0;0.00;102;298;20;-10489.91;1
408;59;1;Première colonie;Humains;0;0;46;5;42;4;0.72;6;1.00;0;19;1;28;12;137;0;0;0.00;235;266;20;-9986.24;0
408;59;2;Colonie naine;Nains;0;0;25;2;38;3;0.74;0;1.00;0;19;0;5;16;69;0;0;0.00;137;140;20;-7130.64;1
408;59;3;Colonie elfe;Elfes;0;0;45;7;42;3;0.72;6;1.00;0;19;2;21;14;34;0;0;0.00;194;193;20;-13241.58;0
408;59;4;Colonie orque;Orques;0;0;33;2;23;2;0.64;5;1.00;0;19;0;28;6;151;0;0;0.00;16;262;20;-7105.92;1
408;59;5;Colonie humaine;Humains;0;0;0;0;12;1;0.00;0;1.00;0;10;0;0;9;17;0;0;0.00;9;0;16;-507.50;1
408;59;6;Colonie naine;Nains;0;0;62;11;49;4;0.70;0;1.00;10;19;0;10;12;64;0;0;0.00;20;350;20;-10681.53;1
408;60;1;Première colonie;Humains;0;0;44;5;42;4;0.76;4;1.00;0;19;1;28;12;142;0;0;0.00;106;236;20;-10319.68;0
408;60;2;Colonie naine;Nains;0;0;27;1;38;3;0.72;0;1.00;0;19;0;10;16;69;0;0;0.00;380;158;20;-7214.27;1
408;60;3;Colonie elfe;Elfes;0;0;45;7;42;3;0.71;6;1.00;0;19;2;21;14;34;0;0;0.00;73;171;20;-13558.30;0
408;60;4;Colonie orque;Orques;0;0;33;2;23;2;0.68;5;1.00;0;19;0;28;6;154;0;0;0.00;78;234;20;-7105.92;1
408;60;5;Colonie humaine;Humains;0;0;0;0;12;1;0.00;0;1.00;0;10;0;0;9;17;0;0;0.00;9;0;16;-507.50;1
408;60;6;Colonie naine;Nains;0;0;66;10;49;4;0.69;0;1.00;10;19;0;10;12;64;0;0;0.00;75;309;20;-10971.59;1
408;61;1;Première colonie;Humains;0;0;45;6;42;4;0.74;5;1.00;0;19;1;28;12;143;0;0;0.00;45;230;20;-10487.72;0
408;61;2;Colonie naine;Nains;0;0;28;2;38;3;0.73;0;1.00;0;19;0;10;16;69;0;0;0.00;360;166;20;-7585.71;1
408;61;3;Colonie elfe;Elfes;0;0;45;7;42;3;0.71;6;1.00;0;19;2;21;14;34;0;0;0.00;76;182;20;-13928.78;0
408;61;4;Colonie orque;Orques;0;0;32;3;23;2;0.63;4;1.00;0;19;0;28;6;158;0;0;0.00;20;215;20;-7145.95;1
408;61;5;Colonie humaine;Humains;0;0;0;0;12;1;0.00;0;1.00;0;10;0;0;9;17;0;0;0.00;9;0;16;-507.50;1
408;61;6;Colonie naine;Nains;0;0;67;10;49;4;0.69;0;1.00;10;19;0;10;12;64;0;0;0.00;138;236;20;-11065.89;1
408;62;1;Première colonie;Humains;0;0;47;8;42;4;0.73;7;1.00;0;19;1;28;12;147;0;0;0.00;41;249;20;-10679.72;0
408;62;2;Colonie naine;Nains;0;0;32;2;38;3;0.72;0;1.00;0;19;0;10;16;69;0;0;0.00;142;185;20;-7881.24;1
408;62;3;Colonie elfe;Elfes;0;0;47;8;42;3;0.71;8;1.00;0;19;2;21;14;34;0;0;0.00;81;175;20;-14206.38;0
408;62;4;Colonie orque;Orques;0;0;33;3;23;2;0.63;5;1.00;0;19;0;28;6;159;0;0;0.00;63;244;20;-7145.95;1
408;62;5;Colonie humaine;Humains;0;0;0;0;12;1;0.00;0;1.00;0;10;0;0;9;17;0;0;0.00;9;0;16;-507.50;1
408;62;6;Colonie naine;Nains;0;0;67;9;49;4;0.65;0;1.00;10;19;0;4;12;64;0;0;0.00;333;98;20;-11065.89;1
408;63;1;Première colonie;Humains;0;0;46;6;42;4;0.74;6;1.00;0;19;1;28;12;148;0;0;0.00;1;273;20;-10811.46;0
408;63;2;Colonie naine;Nains;0;0;36;5;37;3;0.72;0;1.00;0;19;0;10;16;71;0;0;0.00;251;201;20;-8220.43;1
408;63;3;Colonie elfe;Elfes;0;0;47;7;42;3;0.71;8;1.00;0;19;2;21;14;34;0;0;0.00;54;250;20;-14305.26;0
408;63;4;Colonie orque;Orques;0;0;27;1;23;2;0.69;0;1.00;0;19;0;28;6;165;0;0;0.00;55;170;20;-7145.95;1
408;63;5;Colonie humaine;Humains;0;0;0;0;12;1;0.00;0;1.00;0;10;0;0;9;17;0;0;0.00;9;0;16;-507.50;1
408;63;6;Colonie naine;Nains;0;0;68;7;49;4;0.65;0;1.00;10;19;0;4;12;64;0;0;0.00;282;19;20;-11282.03;1
408;64;1;Première colonie;Humains;0;0;46;5;42;4;0.75;6;1.00;0;19;1;28;12;149;0;0;0.00;2;228;20;-11004.46;0
408;64;2;Colonie naine;Nains;0;0;38;6;38;3;0.71;0;1.00;0;19;0;10;16;72;0;0;0.00;147;148;20;-8429.25;1
408;64;3;Colonie elfe;Elfes;0;0;47;7;42;3;0.71;8;1.00;0;19;2;21;14;34;0;0;0.00;46;253;20;-14590.84;0
408;64;4;Colonie orque;Orques;0;0;32;3;23;2;0.62;4;1.00;0;19;0;28;6;166;0;0;0.00;25;228;20;-7145.95;1
408;64;5;Colonie humaine;Humains;0;0;0;0;12;1;0.00;0;1.00;0;10;0;0;9;17;0;0;0.00;9;0;16;-507.50;1
408;64;6;Colonie naine;Nains;0;0;15;2;49;4;0.70;0;1.00;10;19;0;4;12;80;0;0;0.00;282;114;20;-11282.03;1
408;65;1;Première colonie;Humains;0;0;47;4;42;4;0.69;7;1.00;0;19;1;28;12;151;0;0;0.00;170;247;20;-11179.56;0
408;65;2;Colonie naine;Nains;0;0;39;5;38;3;0.68;0;1.00;0;19;0;4;16;72;0;0;0.00;186;86;20;-8449.13;1
408;65;3;Colonie elfe;Elfes;0;0;48;8;42;3;0.72;9;1.00;0;19;2;21;14;34;0;0;0.00;22;241;20;-14733.72;0
408;65;4;Colonie orque;Orques;0;0;31;4;23;2;0.67;3;1.00;0;19;0;28;6;169;0;0;0.00;36;213;20;-7291.03;1
408;65;5;Colonie humaine;Humains;0;0;0;0;12;1;0.00;0;1.00;0;10;0;0;9;17;0;0;0.00;9;0;16;-507.50;1
408;65;6;Colonie naine;Nains;0;0;15;2;49;4;0.72;0;1.00;10;19;0;6;12;80;0;0;0.00;153;114;20;-11282.03;1
408;66;1;Première colonie;Humains;0;0;46;5;42;4;0.73;6;1.00;0;19;1;28;12;153;0;0;0.00;343;229;20;-11190.62;0
408;66;2;Colonie naine;Nains;0;0;39;5;38;3;0.70;0;1.00;0;19;0;4;16;72;0;0;0.00;25;66;20;-8517.69;1
408;66;3;Colonie elfe;Elfes;0;0;48;8;42;3;0.69;9;1.00;0;19;2;21;14;34;0;0;0.00;27;222;20;-14975.62;0
408;66;4;Colonie orque;Orques;0;0;34;3;23;2;0.66;6;1.00;0;19;0;28;6;170;0;0;0.00;12;244;20;-7291.03;1
408;66;5;Colonie humaine;Humains;0;0;0;0;12;1;0.00;0;1.00;0;10;0;0;9;17;0;0;0.00;9;0;16;-507.50;1
408;66;6;Colonie naine;Nains;0;0;14;1;49;4;0.64;0;1.00;10;19;0;10;12;81;0;0;0.00;93;100;20;-11435.85;1
408;67;1;Première colonie;Humains;0;0;45;5;42;4;0.75;5;1.00;0;19;1;28;12;155;0;0;0.00;18;252;20;-11297.62;0
408;67;2;Colonie naine;Nains;0;0;23;4;38;3;0.73;0;1.00;0;19;0;4;16;74;0;0;0.00;12;132;20;-8625.17;1
408;67;3;Colonie elfe;Elfes;0;0;48;9;42;3;0.75;9;1.00;0;19;2;21;14;35;0;0;0.00;52;248;20;-15163.78;0
408;67;4;Colonie orque;Orques;0;0;28;3;23;2;0.64;0;1.00;0;19;0;28;6;177;0;0;0.00;79;192;20;-7378.71;1
408;67;5;Colonie humaine;Humains;0;0;0;0;12;1;0.00;0;1.00;0;10;0;0;9;17;0;0;0.00;9;0;16;-507.50;1
408;67;6;Colonie naine;Nains;0;0;13;1;49;4;0.69;0;1.00;10;19;0;10;12;82;0;0;0.00;271;98;20;-11630.29;1
408;68;1;Première colonie;Humains;0;0;47;5;42;4;0.75;7;1.00;0;19;1;28;12;156;0;0;0.00;5;268;20;-11375.94;0
408;68;2;Colonie naine;Nains;0;0;25;6;38;3;0.72;0;1.00;0;19;0;10;16;76;0;0;0.00;42;153;20;-8779.52;1
408;68;3;Colonie elfe;Elfes;0;0;47;7;42;3;0.70;8;1.00;0;19;2;21;14;36;0;0;0.00;84;257;20;-15378.95;0
408;68;4;Colonie orque;Orques;0;0;27;2;23;2;0.70;0;1.00;0;19;0;28;6;180;0;0;0.00;27;158;20;-7378.71;1
408;68;5;Colonie humaine;Humains;0;0;0;0;12;1;0.00;0;1.00;0;10;0;0;9;17;0;0;0.00;9;0;16;-507.50;1
408;68;6;Colonie naine;Nains;0;0;13;1;49;4;0.73;0;1.00;10;19;0;10;12;82;0;0;0.00;255;111;20;-11974.34;1
408;69;1;Première colonie;Humains;0;0;45;5;42;4;0.73;5;1.00;0;19;1;28;12;161;0;0;0.00;5;235;20;-11547.10;0
408;69;2;Colonie naine;Nains;0;0;25;3;38;3;0.75;0;1.00;0;19;0;10;16;76;0;0;0.00;149;186;20;-8986.39;1
408;69;3;Colonie elfe;Elfes;0;0;50;10;42;3;0.72;11;1.00;0;19;2;21;14;36;0;0;0.00;28;260;20;-15507.40;0
408;69;4;Colonie orque;Orques;0;0;28;3;23;2;0.67;0;1.00;0;19;0;28;6;183;0;0;0.00;27;177;20;-7378.71;1
408;69;5;Colonie humaine;Humains;0;0;0;0;12;1;0.00;0;1.00;0;10;0;0;9;17;0;0;0.00;9;0;16;-507.50;1
408;69;6;Colonie naine;Nains;0;0;16;0;49;4;0.70;0;1.00;10;19;0;10;12;82;0;0;0.00;235;116;20;-12035.78;1
408;70;1;Première colonie;Humains;0;0;46;5;42;4;0.72;6;1.00;0;19;1;28;12;161;0;0;0.00;41;264;20;-11655.87;0
408;70;2;Colonie naine;Nains;0;0;27;3;38;3;0.78;0;1.00;0;19;0;10;16;76;0;0;0.00;173;170;20;-9183.18;1
408;70;3;Colonie elfe;Elfes;0;0;50;9;42;3;0.71;11;1.00;0;19;2;21;14;36;0;0;0.00;28;260;20;-15746.35;0
408;70;4;Colonie orque;Orques;0;0;30;2;23;2;0.69;2;1.00;0;19;0;28;6;186;0;0;0.00;34;216;20;-7378.71;1
408;70;5;Colonie humaine;Humains;0;0;0;0;12;1;0.00;0;1.00;0;10;0;0;9;17;0;0;0.00;9;0;16;-507.50;1
408;70;6;Colonie naine;Nains;0;0;17;1;49;4;0.69;0;1.00;10;19;0;10;12;82;0;0;0.00;156;121;20;-12420.85;1
408;71;1;Première colonie;Humains;0;0;43;3;42;4;0.73;3;1.00;0;19;1;28;12;168;0;0;0.00;16;284;20;-11817.79;0
408;71;2;Colonie naine;Nains;0;0;30;4;38;3;0.74;0;1.00;0;19;0;10;16;77;0;0;0.00;204;173;20;-9455.58;1
408;71;3;Colonie elfe;Elfes;0;0;50;7;42;3;0.71;11;1.00;0;19;2;21;14;36;0;0;0.00;3;237;20;-15856.53;0
408;71;4;Colonie orque;Orques;0;0;28;3;24;3;0.67;0;1.00;0;19;0;28;6;190;0;0;0.00;37;178;20;-7378.71;1
408;71;5;Colonie humaine;Humains;0;0;0;0;12;1;0.00;0;1.00;0;10;0;0;9;17;0;0;0.00;9;0;16;-507.50;1
408;71;6;Colonie naine;Nains;0;0;17;2;49;4;0.72;0;1.00;10;19;0;10;12;83;0;0;0.00;137;134;20;-12420.85;1
408;72;1;Première colonie;Humains;0;0;41;2;42;4;0.74;1;1.00;0;19;1;28;12;170;0;0;0.00;20;231;20;-11927.25;0
408;72;2;Colonie naine;Nains;0;0;35;6;39;3;0.74;0;1.00;0;19;0;10;16;77;0;0;0.00;201;185;20;-9593.54;1
408;72;3;Colonie elfe;Elfes;0;0;50;7;42;3;0.70;11;1.00;0;19;2;21;14;36;0;0;0.00;3;253;20;-15997.64;0
408;72;4;Colonie orque;Orques;0;0;27;4;24;3;0.64;0;1.00;0;19;0;28;6;195;0;0;0.00;12;193;20;-7378.71;1
408;72;5;Colonie humaine;Humains;0;0;0;0;12;1;0.00;0;1.00;0;10;0;0;9;17;0;0;0.00;9;0;16;-507.50;1
408;72;6;Colonie naine;Nains;0;0;18;3;49;4;0.69;0;1.00;10;19;0;10;12;83;0;0;0.00;142;116;20;-12623.82;1
408;73;1;Première colonie;Humains;0;0;39;2;42;4;0.74;0;1.00;0;19;1;28;12;175;0;0;0.00;15;220;20;-12106.32;0
408;73;2;Colonie naine;Nains;0;0;39;6;39;3;0.71;0;1.00;0;19;0;10;16;77;0;0;0.00;193;229;20;-9760.36;1
408;73;3;Colonie elfe;Elfes;0;0;50;7;42;3;0.70;11;1.00;0;19;2;21;14;36;0;0;0.00;3;266;20;-16203.71;0
408;73;4;Colonie orque;Orques;0;0;26;3;24;3;0.69;0;1.00;0;19;0;28;6;197;0;0;0.00;12;189;20;-7378.71;1
408;73;5;Colonie humaine;Humains;0;0;0;0;12;1;0.00;0;1.00;0;10;0;0;9;17;0;0;0.00;9;0;16;-507.50;1
408;73;6;Colonie naine;Nains;0;0;23;5;49;4;0.70;0;1.00;10;19;0;10;12;83;0;0;0.00;142;165;20;-12857.88;1
408;74;1;Première colonie;Humains;0;0;37;2;42;4;0.74;0;1.00;0;19;1;28;12;179;0;0;0.00;3;198;20;-12243.24;0
408;74;2;Colonie naine;Nains;0;0;39;4;39;3;0.72;0;1.00;0;19;0;10;16;78;0;0;0.00;169;195;20;-9895.51;1
408;74;3;Colonie elfe;Elfes;0;0;49;5;42;3;0.70;10;1.00;10;19;2;21;14;37;0;0;0.00;3;256;20;-16416.90;0
408;74;4;Colonie orque;Orques;0;0;26;1;24;3;0.69;0;1.00;0;19;0;28;6;199;0;0;0.00;35;181;20;-7458.28;1
408;74;5;Colonie humaine;Humains;0;0;0;0;12;1;0.00;0;1.00;0;10;0;0;9;17;0;0;0.00;9;0;16;-507.50;1
408;74;6;Colonie naine;Nains;0;0;23;5;49;4;0.69;0;1.00;10;19;0;10;12;83;0;0;0.00;76;170;20;-13064.20;1
408;75;1;Première colonie;Humains;0;0;41;4;42;4;0.74;1;1.00;0;19;1;28;12;180;0;0;0.00;35;293;20;-12392.88;0
408;75;2;Colonie naine;Nains;0;0;41;6;39;3;0.74;0;1.00;0;19;0;10;16;78;0;0;0.00;169;194;20;-10046.32;1
408;75;3;Colonie elfe;Elfes;0;0;50;6;42;3;0.73;11;1.00;10;19;2;21;14;37;0;0;0.00;3;281;20;-16689.82;0
408;75;4;Colonie orque;Orques;0;0;23;1;24;3;0.68;0;1.00;0;19;0;28;6;203;0;0;0.00;5;206;20;-7474.90;1
408;75;5;Colonie humaine;Humains;0;0;0;0;12;1;0.00;0;1.00;0;10;0;0;9;17;0;0;0.00;9;0;16;-507.50;1
408;75;6;Colonie naine;Nains;0;0;28;8;49;4;0.69;0;1.00;10;19;0;10;12;83;0;0;0.00;86;159;20;-13307.32;1
408;76;1;Première colonie;Humains;0;0;41;4;42;4;0.73;1;1.00;0;19;1;28;12;181;0;0;0.00;1;298;20;-12608.39;0
408;76;2;Colonie naine;Nains;0;0;41;6;41;4;0.72;0;1.00;0;19;0;4;16;79;0;0;0.00;117;183;20;-10146.83;1
408;76;3;Colonie elfe;Elfes;0;0;49;6;42;3;0.70;10;1.00;10;19;2;21;14;38;0;0;0.00;9;253;20;-16837.54;0
408;76;4;Colonie orque;Orques;0;0;21;0;24;3;0.72;0;1.00;0;19;0;28;6;205;0;0;0.00;0;129;20;-7484.05;1
408;76;5;Colonie humaine;Humains;0;0;0;0;12;1;0.00;0;1.00;0;10;0;0;9;17;0;0;0.00;9;0;16;-507.50;1
408;76;6;Colonie naine;Nains;0;0;32;9;49;4;0.69;0;1.00;10;19;0;10;12;83;0;0;0.00;67;213;20;-13402.45;1
408;77;1;Première colonie;Humains;0;0;42;5;42;4;0.76;2;1.00;0;19;1;28;12;183;0;0;0.00;15;243;20;-12726.21;0
408;77;2;Colonie naine;Nains;0;0;44;7;39;4;0.71;0;1.00;0;19;0;9;17;80;0;0;0.00;117;204;20;-10146.83;1
408;77;3;Colonie elfe;Elfes;0;0;49;5;42;3;0.72;10;1.00;10;19;2;21;14;38;0;0;0.00;3;280;20;-16880.71;0
408;77;4;Colonie orque;Orques;0;0;23;2;24;3;0.71;0;1.00;0;19;0;28;6;208;0;0;0.00;3;181;20;-7573.18;1
408;77;5;Colonie humaine;Humains;0;0;0;0;12;1;0.00;0;1.00;0;10;0;0;9;17;0;0;0.00;9;0;16;-507.50;1
408;77;6;Colonie naine;Nains;0;0;35;10;49;4;0.69;0;1.00;10;19;0;10;12;83;0;0;0.00;72;198;20;-13706.23;1
408;78;1;Première colonie;Humains;0;0;43;4;42;4;0.72;3;1.00;0;19;1;28;12;186;0;0;0.00;15;276;20;-12925.88;0
408;78;2;Colonie naine;Nains;0;0;46;5;39;4;0.66;0;1.00;0;19;0;9;17;80;0;0;0.00;83;180;20;-10258.36;1
408;78;3;Colonie elfe;Elfes;0;0;48;5;42;3;0.69;9;1.00;10;19;2;21;14;39;0;0;0.00;15;257;20;-17205.58;0
408;78;4;Colonie orque;Orques;0;0;22;2;24;3;0.74;0;1.00;0;19;0;28;6;211;0;0;0.00;1;138;20;-7573.18;1
408;78;5;Colonie humaine;Humains;0;0;0;0;12;1;0.00;0;1.00;0;10;0;0;9;17;0;0;0.00;9;0;16;-507.50;1
408;78;6;Colonie naine;Nains;0;0;38;10;49;4;0.70;0;1.00;10;19;0;10;12;83;0;0;0.00;48;223;20;-13804.52;1
408;79;1;Première colonie;Humains;0;0;44;4;42;4;0.75;4;1.00;0;19;1;28;12;189;0;0;0.00;19;233;20;-13119.97;0
408;79;2;Colonie naine;Nains;0;0;47;7;39;4;0.66;0;1.00;0;19;0;4;17;81;0;0;0.00;96;110;20;-10319.66;1
408;79;3;Colonie elfe;Elfes;0;0;48;5;42;3;0.69;9;1.00;10;19;2;21;14;40;0;0;0.00;2;283;20;-17281.80;0
408;79;4;Colonie orque;Orques;0;0;21;1;24;3;0.72;0;1.00;0;19;0;28;6;212;0;0;0.00;14;122;20;-7619.44;1
408;79;5;Colonie humaine;Humains;0;0;0;0;12;1;0.00;0;1.00;0;10;0;0;9;17;0;0;0.00;9;0;16;-507.50;1
408;79;6;Colonie naine;Nains;0;0;40;9;49;4;0.71;0;1.00;10;19;0;10;12;83;0;0;0.00;48;227;20;-13970.46;1
408;80;1;Première colonie;Humains;0;0;41;2;42;4;0.73;1;1.00;0;19;1;28;12;192;0;0;0.00;19;211;20;-13280.75;0
408;80;2;Colonie naine;Nains;0;0;38;8;39;4;0.72;0;1.00;0;19;0;4;17;82;0;0;0.00;138;157;20;-10319.66;1
408;80;3;Colonie elfe;Elfes;0;0;47;5;42;3;0.72;8;1.00;10;19;2;21;14;41;0;0;0.00;11;272;20;-17313.88;0
408;80;4;Colonie orque;Orques;0;0;19;0;24;3;0.75;0;1.00;0;19;0;28;6;216;0;0;0.00;14;129;20;-7750.20;1
408;80;5;Colonie humaine;Humains;0;0;0;0;12;1;0.00;0;1.00;0;10;0;0;9;17;0;0;0.00;9;0;16;-507.50;1
408;80;6;Colonie naine;Nains;0;0;42;11;49;4;0.69;0;1.00;10;19;0;10;12;83;0;0;0.00;54;238;20;-14267.97;1
408;81;1;Première colonie;Humains;0;0;41;4;42;4;0.72;1;1.00;0;19;1;28;12;195;0;0;0.00;32;265;20;-13325.33;0
408;81;2;Colonie naine;Nains;0;0;38;6;39;4;0.72;0;1.00;0;19;0;5;17;82;0;0;0.00;131;208;20;-10361.33;1
408;81;3;Colonie elfe;Elfes;0;0;47;2;42;3;0.69;8;1.00;10;19;2;21;14;41;0;0;0.00;47;256;20;-17569.51;0
408;81;4;Colonie orque;Orques;0;0;22;1;24;3;0.71;0;1.00;0;19;0;28;6;217;0;0;0.00;17;166;20;-7822.16;1
408;81;5;Colonie humaine;Humains;0;0;0;0;12;1;0.00;0;1.00;0;10;0;0;9;17;0;0;0.00;9;0;16;-507.50;1
408;81;6;Colonie naine;Nains;0;0;43;9;49;4;0.68;0;1.00;10;19;0;10;12;83;0;0;0.00;46;247;20;-14377.69;1
408;82;1;Première colonie;Humains;0;0;39;4;42;4;0.74;0;1.00;0;19;1;28;12;199;0;0;0.00;8;227;20;-13504.06;0
408;82;2;Colonie naine;Nains;0;0;38;5;41;4;0.69;0;1.00;0;19;0;5;17;82;0;0;0.00;86;210;20;-10509.96;1
408;82;3;Colonie elfe;Elfes;0;0;44;2;42;3;0.72;6;1.00;20;19;2;21;14;44;0;0;0.00;47;265;20;-17814.30;0
408;82;4;Colonie orque;Orques;0;0;21;2;24;3;0.81;0;1.00;0;19;0;28;6;220;0;0;0.00;41;158;20;-7822.16;1
408;82;5;Colonie humaine;Humains;0;0;0;0;12;1;0.00;0;1.00;0;10;0;0;9;17;0;0;0.00;9;0;16;-507.50;1
408;82;6;Colonie naine;Nains;0;0;46;10;49;4;0.70;0;1.00;10;19;0;10;12;83;0;0;0.00;26;263;20;-14612.17;1
408;83;1;Première colonie;Humains;0;0;41;7;42;4;0.71;1;1.00;0;19;1;28;12;200;0;0;0.00;18;173;20;-13693.69;0
408;83;2;Colonie naine;Nains;0;0;41;3;41;4;0.68;0;1.00;0;19;0;7;17;83;0;0;0.00;86;267;20;-10623.82;1
408;83;3;Colonie elfe;Elfes;0;0;45;3;42;3;0.70;7;1.00;20;19;2;21;14;44;0;0;0.00;53;215;20;-17995.72;0
408;83;4;Colonie orque;Orques;0;0;21;3;24;3;0.76;0;1.00;0;19;0;28;6;223;0;0;0.00;27;127;20;-7982.64;1
408;83;5;Colonie humaine;Humains;0;0;0;0;12;1;0.00;0;1.00;0;10;0;0;9;17;0;0;0.00;9;0;16;-507.50;1
408;83;6;Colonie naine;Nains;0;0;49;10;49;4;0.69;0;1.00;10;19;0;10;12;83;0;0;0.00;63;277;20;-14706.22;1
408;84;1;Première colonie;Humains;0;0;41;4;42;4;0.74;1;1.00;0;19;1;28;12;203;0;0;0.00;18;239;20;-13817.19;0
408;84;2;Colonie naine;Nains;0;0;42;4;41;4;0.73;0;1.00;0;19;0;10;17;83;0;0;0.00;50;275;20;-10786.89;1
408;84;3;Colonie elfe;Elfes;0;0;44;3;42;3;0.71;6;1.00;20;19;2;21;14;45;0;0;0.00;19;270;20;-18183.65;0
408;84;4;Colonie orque;Orques;0;0;20;2;24;3;0.81;0;1.00;0;19;0;28;6;225;0;0;0.00;43;125;20;-8099.37;1
408;84;5;Colonie humaine;Humains;0;0;0;0;12;1;0.00;0;1.00;0;10;0;0;9;17;0;0;0.00;9;0;16;-507.50;1
408;84;6;Colonie naine;Nains;0;0;53;11;49;4;0.72;0;1.00;10;19;0;10;12;83;0;0;0.00;39;324;20;-14843.99;1
408;85;1;Première colonie;Humains;0;0;42;5;42;4;0.71;2;1.00;0;19;1;28;12;207;0;0;0.00;15;235;20;-13989.80;0
408;85;2;Colonie naine;Nains;0;0;42;2;43;4;0.73;0;1.00;0;19;0;10;17;84;0;0;0.00;80;304;20;-11069.41;1
408;85;3;Colonie elfe;Elfes;0;0;42;3;42;3;0.71;4;1.00;20;19;2;21;14;47;0;0;0.00;19;254;20;-18318.45;0
408;85;4;Colonie orque;Orques;0;0;23;0;24;3;0.73;0;1.00;0;19;0;28;6;227;0;0;0.00;15;152;20;-8165.70;1
408;85;5;Colonie humaine;Humains;0;0;0;0;12;1;0.00;0;1.00;0;10;0;0;9;17;0;0;0.00;9;0;16;-507.50;1
408;85;6;Colonie naine;Nains;0;0;53;11;49;4;0.69;0;1.00;10;19;0;10;12;84;0;0;0.00;88;272;20;-15041.48;1
408;86;1;Première colonie;Humains;0;0;44;5;42;4;0.72;4;1.00;0;19;1;28;12;210;0;0;0.00;44;269;20;-14126.13;0
408;86;2;Colonie naine;Nains;0;0;43;2;46;4;0.72;0;1.00;0;19;0;11;17;86;0;0;0.00;69;283;20;-11177.10;1
408;86;3;Colonie elfe;Elfes;0;0;43;3;42;3;0.70;5;1.00;20;19;2;21;14;47;0;0;0.00;19;259;20;-18412.60;0
408;86;4;Colonie orque;Orques;0;0;29;1;24;4;0.71;0;1.00;0;19;0;28;6;229;0;0;0.00;3;214;20;-8238.87;1
408;86;5;Colonie humaine;Humains;0;0;0;0;12;1;0.00;0;1.00;0;10;0;0;9;17;0;0;0.00;9;0;16;-507.50;1
408;86;6;Colonie naine;Nains;0;0;54;10;49;4;0.70;0;1.00;10;19;0;10;12;84;0;0;0.00;52;316;20;-15101.29;1
408;87;1;Première colonie;Humains;0;0;43;6;42;4;0.73;3;1.00;0;19;1;28;12;214;0;0;0.00;2;234;20;-14245.54;0
408;87;2;Colonie naine;Nains;0;0;44;3;47;4;0.69;0;1.00;0;19;0;11;17;86;0;0;0.00;55;227;20;-11280.51;1
408;87;3;Colonie elfe;Elfes;0;0;43;3;42;3;0.72;5;1.00;20;19;2;21;14;48;0;0;0.00;14;255;20;-18511.60;0
408;87;4;Colonie orque;Orques;0;0;30;4;25;4;0.64;0;1.00;0;19;0;28;6;234;0;0;0.00;30;251;20;-8302.06;1
408;87;5;Colonie humaine;Humains;0;0;0;0;12;1;0.00;0;1.00;0;10;0;0;9;17;0;0;0.00;9;0;16;-507.50;1
408;87;6;Colonie naine;Nains;0;0;57;9;49;4;0.69;0;1.00;10;19;0;10;12;84;0;0;0.00;64;324;20;-15300.56;1
408;88;1;Première colonie;Humains;0;0;44;5;42;4;0.74;4;1.00;0;19;1;28;12;217;0;0;0.00;13;249;20;-14409.51;0
408;88;2;Colonie naine;Nains;0;0;45;4;48;4;0.68;0;1.00;0;19;0;6;17;86;0;0;0.00;80;165;20;-11348.83;1
408;88;3;Colonie elfe;Elfes;0;0;44;4;42;3;0.67;6;1.00;20;19;2;21;14;48;0;0;0.00;3;236;20;-18756.03;0
408;88;4;Colonie orque;Orques;0;0;34;5;25;4;0.69;2;1.00;0;19;0;28;6;237;0;0;0.00;4;240;20;-8318.05;1
408;88;5;Colonie humaine;Humains;0;0;0;0;12;1;0.00;0;1.00;0;10;0;0;9;17;0;0;0.00;9;0;16;-507.50;1
408;88;6;Colonie naine;Nains;0;0;62;7;49;4;0.70;0;1.00;10;19;0;10;12;84;0;0;0.00;57;351;20;-15435.65;1
408;89;1;Première colonie;Humains;0;0;43;3;42;4;0.71;3;1.00;0;19;1;28;12;220;0;0;0.00;1;261;20;-14588.00;0
408;89;2;Colonie naine;Nains;0;0;45;4;48;4;0.66;0;1.00;0;19;0;5;17;88;0;0;0.00;133;141;20;-11385.99;1
408;89;3;Colonie elfe;Elfes;0;0;43;4;42;3;0.73;5;1.00;20;19;2;21;14;49;0;0;0.00;8;212;20;-18876.75;0
408;89;4;Colonie orque;Orques;0;0;33;2;25;4;0.78;2;1.00;0;19;0;28;6;240;0;0;0.00;3;244;20;-8407.22;1
408;89;5;Colonie humaine;Humains;0;0;0;0;12;1;0.00;0;1.00;0;10;0;0;9;17;0;0;0.00;9;0;16;-507.50;1
408;89;6;Colonie naine;Nains;0;0;65;6;49;4;0.70;0;1.00;10;19;0;10;12;84;0;0;0.00;24;281;20;-15837.75;1
408;90;1;Première colonie;Humains;0;0;42;2;42;4;0.71;2;1.00;0;19;1;28;12;221;0;0;0.00;5;281;20;-14650.07;0
408;90;2;Colonie naine;Nains;0;0;42;3;48;4;0.64;0;1.00;0;19;0;5;17;91;0;0;0.00;154;136;20;-11404.55;1
408;90;3;Colonie elfe;Elfes;0;0;45;5;42;3;0.69;7;1.00;20;19;2;21;14;50;0;0;0.00;13;222;20;-19077.47;0
408;90;4;Colonie orque;Orques;0;0;34;2;25;4;0.65;4;1.00;0;19;0;28;6;242;0;0;0.00;24;285;20;-8422.47;1
408;90;5;Colonie humaine;Humains;0;0;0;0;12;1;0.00;0;1.00;0;10;0;0;9;17;0;0;0.00;9;0;16;-507.50;1
408;90;6;Colonie naine;Nains;0;0;64;4;49;4;0.68;0;1.00;10;19;0;7;12;86;0;0;0.00;39;181;20;-15891.09;1
408;91;1;Première colonie;Humains;0;0;42;3;42;4;0.75;2;1.00;0;19;1;28;12;225;0;0;0.00;46;232;20;-14867.55;0
408;91;2;Colonie naine;Nains;0;0;22;4;48;4;0.76;0;1.00;0;19;0;5;17;91;0;0;0.00;82;159;20;-11404.55;1
408;91;3;Colonie elfe;Elfes;0;0;43;4;42;3;0.71;5;1.00;20;19;2;21;14;52;0;0;0.00;18;223;20;-19179.05;0
408;91;4;Colonie orque;Orques;0;0;36;2;25;4;0.71;6;1.00;0;19;0;28;6;242;0;0;0.00;35;294;20;-8422.47;1
408;91;5;Colonie humaine;Humains;0;0;0;0;12;1;0.00;0;1.00;0;10;0;0;9;17;0;0;0.00;9;0;16;-507.50;1
408;91;6;Colonie naine;Nains;0;0;62;3;49;4;0.63;0;1.00;10;19;0;5;12;88;0;0;0.00;47;113;20;-16121.89;1
408;92;1;Première colonie;Humains;0;0;45;2;42;4;0.73;5;1.00;0;19;1;28;12;226;0;0;0.00;29;280;20;-15001.73;0
408;92;2;Colonie naine;Nains;0;0;19;3;51;4;0.71;0;1.00;0;19;0;12;17;94;0;0;0.00;75;135;20;-11548.02;1
408;92;3;Colonie elfe;Elfes;0;0;43;5;42;3;0.71;5;1.00;20;19;2;21;14;53;0;0;0.00;28;229;20;-19179.05;0
408;92;4;Colonie orque;Orques;0;0;32;2;25;4;0.68;2;1.00;0;19;0;28;6;247;0;0;0.00;3;258;20;-8538.96;1
408;92;5;Colonie humaine;Humains;0;0;0;0;12;1;0.00;0;1.00;0;10;0;0;9;17;0;0;0.00;9;0;16;-507.50;1
408;92;6;Colonie naine;Nains;0;0;62;2;49;4;0.66;0;1.00;10;19;0;5;12;89;0;0;0.00;47;130;20;-16294.45;1
408;93;1;Première colonie;Humains;0;0;45;3;42;4;0.70;5;1.00;0;19;1;28;12;227;0;0;0.00;33;274;20;-15140.42;0
408;93;2;Colonie naine;Nains;0;0;21;3;51;4;0.76;0;1.00;0;19;0;13;17;94;0;0;0.00;80;146;20;-11616.87;1
408;93;3;Colonie elfe;Elfes;0;0;44;6;42;3;0.68;6;1.00;20;19;2;21;14;53;0;0;0.00;9;234;20;-19277.34;0
408;93;4;Colonie orque;Orques;0;0;27;0;25;4;0.75;0;1.00;0;19;0;28;6;254;0;0;0.00;3;240;20;-8538.96;1
408;93;5;Colonie humaine;Humains;0;0;0;0;12;1;0.00;0;1.00;0;10;0;0;9;17;0;0;0.00;9;0;16;-507.50;1
408;93;6;Colonie naine;Nains;0;0;60;2;49;4;0.66;0;1.00;10;19;0;5;12;91;0;0;0.00;47;85;20;-16439.40;1
408;94;1;Première colonie;Humains;0;0;43;2;42;4;0.70;3;1.00;0;19;1;28;12;230;0;0;0.00;13;271;20;-15342.64;0
408;94;2;Colonie naine;Nains;0;0;26;2;52;4;0.69;0;1.00;0;19;0;16;17;94;0;0;0.00;67;175;20;-11884.00;1
408;94;3;Colonie elfe;Elfes;0;0;41;7;42;3;0.71;3;1.00;20;19;2;21;14;57;0;0;0.00;9;242;20;-19471.16;0
408;94;4;Colonie orque;Orques;0;0;26;2;25;4;0.68;0;1.00;0;19;0;28;6;261;0;0;0.00;3;225;20;-8651.91;1
408;94;5;Colonie humaine;Humains;0;0;0;0;12;1;0.00;0;1.00;0;10;0;0;9;17;0;0;0.00;9;0;16;-507.50;1
408;94;6;Colonie naine;Nains;0;0;58;1;49;4;0.66;0;1.00;10;19;0;5;12;93;0;0;0.00;23;100;20;-16439.40;1
408;95;1;Première colonie;Humains;0;0;42;6;42;4;0.72;2;1.00;0;19;1;28;12;236;0;0;0.00;21;276;20;-15455.77;0
408;95;2;Colonie naine;Nains;0;0;31;2;52;4;0.71;0;1.00;0;19;0;17;17;95;0;0;0.00;52;224;20;-11952.40;1
408;95;3;Colonie elfe;Elfes;0;0;43;6;42;3;0.74;5;1.00;20;19;2;21;14;57;0;0;0.00;9;230;20;-19662.50;0
408;95;4;Colonie orque;Orques;0;0;25;4;25;4;0.80;0;1.00;0;19;0;28;6;266;0;0;0.00;30;189;20;-8651.91;1
408;95;5;Colonie humaine;Humains;0;0;0;0;12;1;0.00;0;1.00;0;10;0;0;9;17;0;0;0.00;9;0;16;-507.50;1
408;95;6;Colonie naine;Nains;0;0;58;0;49;4;0.64;0;1.00;10;19;0;5;12;93;0;0;0.00;17;146;20;-16635.73;1
408;96;1;Première colonie;Humains;0;0;42;5;42;4;0.74;2;1.00;0;19;1;28;12;238;0;0;0.00;18;281;20;-15569.75;0
408;96;2;Colonie naine;Nains;0;0;37;4;52;4;0.74;0;1.00;0;19;0;17;17;96;0;0;0.00;57;241;20;-12124.95;1
408;96;3;Colonie elfe;Elfes;0;0;40;6;42;3;0.74;2;1.00;20;19;2;21;14;60;0;0;0.00;14;229;20;-19662.50;0
408;96;4;Colonie orque;Orques;0;0;29;6;25;4;0.78;1;1.00;0;19;0;28;6;267;0;0;0.00;37;206;20;-8679.21;1
408;96;5;Colonie humaine;Humains;0;0;0;0;12;1;0.00;0;1.00;0;10;0;0;9;17;0;0;0.00;9;0;16;-507.50;1
408;96;6;Colonie naine;Nains;0;0;55;0;49;4;0.66;0;1.00;10;19;0;5;12;97;0;0;0.00;17;185;20;-16811.50;1
408;97;1;Première colonie;Humains;0;0;43;6;42;4;0.72;3;1.00;0;19;1;28;12;241;0;0;0.00;22;230;20;-15659.71;0
408;97;2;Colonie naine;Nains;0;0;42;4;52;4;0.70;0;1.00;0;19;0;17;17;96;0;0;0.00;57;213;20;-12186.59;1
408;97;3;Colonie elfe;Elfes;0;0;42;9;42;3;0.71;5;1.00;20;19;2;21;14;62;0;0;0.00;14;250;20;-19705.49;0
408;97;4;Colonie orque;Orques;0;0;29;2;25;4;0.76;1;1.00;0;19;0;28;6;267;0;0;0.00;37;238;20;-8775.32;1
408;97;5;Colonie humaine;Humains;0;0;0;0;12;1;0.00;0;1.00;0;10;0;0;9;17;0;0;0.00;9;0;16;-507.50;1
408;97;6;Colonie naine;Nains;0;0;54;0;49;4;0.68;0;1.00;10;19;0;5;12;99;0;0;0.00;17;160;20;-16979.87;1
408;98;1;Première colonie;Humains;0;0;45;4;42;4;0.73;5;1.00;0;19;1;28;12;243;0;0;0.00;7;274;20;-15729.75;0
408;98;2;Colonie naine;Nains;0;0;45;5;53;4;0.73;2;1.00;0;19;0;17;17;96;0;0;0.00;72;192;20;-12425.98;1
408;98;3;Colonie elfe;Elfes;0;0;41;9;42;3;0.72;4;1.00;20;19;2;21;14;63;0;0;0.00;14;238;20;-19921.35;0
408;98;4;Colonie orque;Orques;0;0;30;1;25;4;0.75;2;1.00;0;19;0;28;6;269;0;0;0.00;91;232;20;-8775.32;1
408;98;5;Colonie humaine;Humains;0;0;0;0;12;1;0.00;0;1.00;0;10;0;0;9;17;0;0;0.00;9;0;16;-507.50;1
408;98;6;Colonie naine;Nains;0;0;49;1;49;4;0.68;0;1.00;10;19;0;5;12;105;0;0;0.00;17;258;20;-17044.92;1
408;99;1;Première colonie;Humains;0;0;41;4;42;4;0.71;1;1.00;0;19;1;28;12;247;0;0;0.00;9;255;20;-15950.94;0
408;99;2;Colonie naine;Nains;0;0;43;4;53;4;0.73;2;1.00;0;19;0;17;17;98;0;0;0.00;171;244;20;-12548.91;1
408;99;3;Colonie elfe;Elfes;0;0;41;8;42;3;0.72;4;1.00;20;19;2;21;14;63;0;0;0.00;14;258;20;-19963.68;0
408;99;4;Colonie orque;Orques;0;0;30;1;25;4;0.65;2;1.00;0;19;0;28;6;273;0;0;0.00;0;262;20;-8775.32;1
408;99;5;Colonie humaine;Humains;0;0;0;0;12;1;0.00;0;1.00;0;10;0;0;9;17;0;0;0.00;9;0;16;-507.50;1
408;99;6;Colonie naine;Nains;0;0;52;4;49;4;0.68;0;1.00;10;19;0;5;12;106;0;0;0.00;17;359;20;-17309.19;1
408;100;1;Première colonie;Humains;0;0;43;4;42;4;0.69;3;1.00;0;19;1;28;12;248;0;0;0.00;9;278;20;-16059.87;0
408;100;2;Colonie naine;Nains;0;0;47;7;53;4;0.72;6;1.00;0;19;0;18;17;98;0;0;0.00;181;221;20;-12643.75;1
408;100;3;Colonie elfe;Elfes;0;0;44;9;42;3;0.71;7;1.00;20;19;2;21;14;63;0;0;0.00;14;257;20;-20172.24;0
408;100;4;Colonie orque;Orques;0;0;27;0;25;4;0.75;0;1.00;0;19;0;28;6;277;0;0;0.00;0;218;20;-8775.32;1
408;100;5;Colonie humaine;Humains;0;0;0;0;12;1;0.00;0;1.00;0;10;0;0;9;17;0;0;0.00;9;0;16;-507.50;1
408;100;6;Colonie naine;Nains;0;0;51;5;49;4;0.68;0;1.00;10;19;0;7;12;108;0;0;0.00;17;330;20;-17410.18;1
409;1;1;Première colonie;Humains;0;0;12;0;5;1;0.65;0;1.00;0;5;0;0;3;0;0;0;0.00;307;38;5;-111.85;0
409;1;2;Colonie naine;Nains;0;0;13;0;6;1;0.71;0;1.00;0;5;0;0;3;1;0;0;0.00;450;62;3;-180.76;0
409;1;3;Colonie elfe;Elfes;0;0;14;1;3;1;0.71;2;1.00;0;7;0;0;3;0;0;0;0.00;357;86;4;-36.43;0
409;1;4;Colonie orque;Orques;0;0;12;0;7;1;0.69;0;1.00;0;5;0;0;3;0;0;0;0.00;586;90;4;-98.07;0
409;1;5;Colonie humaine;Humains;0;0;13;0;7;1;0.70;0;1.00;0;5;0;0;2;0;0;0;0.00;350;84;2;-235.24;0
409;1;6;Colonie naine;Nains;0;0;15;0;7;1;0.67;0;1.00;0;5;0;0;3;0;0;0;0.00;360;51;4;-120.72;0
409;2;1;Première colonie;Humains;0;0;13;1;5;1;0.72;0;1.00;0;6;0;0;3;0;0;0;0.00;269;68;8;-245.99;0
409;2;2;Colonie naine;Nains;0;0;17;2;9;1;0.64;0;1.00;10;6;0;0;3;1;0;0;0.00;489;74;7;-445.70;0
409;2;3;Colonie elfe;Elfes;0;0;16;2;8;1;0.71;0;1.00;0;8;0;0;3;0;0;0;0.00;326;77;7;-148.66;0
409;2;4;Colonie orque;Orques;0;0;12;1;10;1;0.71;0;1.00;0;6;0;0;3;2;0;0;0.00;759;50;8;-338.07;0
409;2;5;Colonie humaine;Humains;0;0;15;2;12;1;0.69;0;1.00;0;6;0;0;4;0;0;0;0.00;307;111;3;-235.24;0
409;2;6;Colonie naine;Nains;0;0;16;1;9;1;0.70;0;1.00;0;7;0;0;5;0;0;0;0.00;284;61;7;-246.01;0
409;3;1;Première colonie;Humains;0;0;18;4;5;1;0.66;2;1.00;0;7;0;0;3;0;0;0;0.00;12;97;15;-668.57;0
409;3;2;Colonie naine;Nains;0;0;20;3;12;1;0.67;0;1.00;10;7;0;0;4;1;0;0;0.00;727;104;9;-422.37;0
409;3;3;Colonie elfe;Elfes;0;0;21;4;11;1;0.69;0;1.00;0;9;0;0;4;0;0;0;0.00;242;104;10;-148.66;0
409;3;4;Colonie orque;Orques;0;0;14;1;13;1;0.69;0;1.00;0;7;0;0;4;2;0;0;0.00;900;30;12;-458.46;0
409;3;5;Colonie humaine;Humains;0;0;23;5;16;1;0.71;0;1.00;0;7;0;8;4;0;0;0;0.00;275;125;7;-1021.52;0
409;3;6;Colonie naine;Nains;0;0;18;2;11;1;0.71;0;1.00;0;8;0;0;5;0;0;0;0.00;269;97;11;-454.55;0
409;4;1;Première colonie;Humains;0;0;21;5;5;1;0.68;5;1.00;0;8;0;0;4;0;0;0;0.00;12;112;17;-780.19;0
409;4;2;Colonie naine;Nains;0;0;24;5;13;1;0.69;4;1.00;10;9;0;0;5;1;0;0;0.00;709;151;12;-766.73;0
409;4;3;Colonie elfe;Elfes;0;0;21;4;13;1;0.69;0;1.00;0;10;0;0;4;0;0;0;0.00;201;129;17;-333.20;0
409;4;4;Colonie orque;Orques;0;0;13;0;14;1;0.73;0;1.00;0;9;0;2;5;3;0;0;0.00;314;61;20;-987.22;0
409;4;5;Colonie humaine;Humains;0;0;25;7;16;1;0.69;1;1.00;0;8;0;10;5;0;0;0;0.00;887;139;9;-824.42;0
409;4;6;Colonie naine;Nains;0;0;19;3;13;1;0.71;0;1.00;0;10;0;0;5;0;0;0;0.00;269;86;15;-578.79;0
409;5;1;Première colonie;Humains;0;0;22;4;5;1;0.67;6;1.00;0;10;0;0;4;0;0;0;0.00;12;99;20;-1037.25;0
409;5;2;Colonie naine;Nains;0;0;25;6;13;1;0.65;5;1.00;10;11;0;8;5;1;0;0;0.00;240;136;17;-957.10;0
409;5;3;Colonie elfe;Elfes;0;0;26;4;14;1;0.69;2;1.00;0;11;0;0;4;1;0;0;0.00;181;124;20;-576.55;0
409;5;4;Colonie orque;Orques;0;0;14;1;15;1;0.67;0;1.00;0;11;0;5;5;3;0;0;0.00;449;52;20;-1072.79;0
409;5;5;Colonie humaine;Humains;0;0;29;7;16;1;0.69;5;1.00;0;10;0;11;5;0;0;0;0.00;1172;140;16;-1080.29;0
409;5;6;Colonie naine;Nains;0;0;20;3;14;1;0.68;0;1.00;0;11;0;0;5;2;0;0;0.00;175;84;19;-795.48;0
409;6;1;Première colonie;Humains;0;0;22;1;5;1;0.70;6;1.00;0;12;0;0;5;0;0;0;0.00;12;104;20;-1294.40;0
409;6;2;Colonie naine;Nains;0;0;26;8;13;1;0.69;6;1.00;10;12;0;9;5;2;0;0;0.00;379;149;20;-1209.09;0
409;6;3;Colonie elfe;Elfes;0;0;28;4;16;1;0.67;4;1.00;0;12;0;0;5;2;0;0;0.00;161;151;20;-945.52;0
409;6;4;Colonie orque;Orques;0;0;13;1;15;1;0.71;0;1.00;0;12;0;10;5;6;0;0;0.00;510;57;20;-1378.93;0
409;6;5;Colonie humaine;Humains;0;0;28;4;17;1;0.68;4;1.00;0;12;0;13;5;1;0;0;0.00;1206;157;19;-1407.44;1
409;6;6;Colonie naine;Nains;0;0;22;5;12;1;0.66;5;1.00;0;12;0;0;5;2;0;0;0.00;79;123;20;-980.76;0
409;7;1;Première colonie;Humains;0;0;22;0;4;1;0.67;6;1.00;0;13;0;0;5;0;0;0;0.00;72;82;20;-1592.59;0
409;7;2;Colonie naine;Nains;0;0;26;8;13;1;0.66;6;1.00;10;13;0;10;5;2;0;0;0.00;379;152;20;-1529.47;0
409;7;3;Colonie elfe;Elfes;0;0;32;6;15;2;0.65;11;1.00;0;13;0;0;6;2;0;0;0.00;204;171;20;-1535.06;0
409;7;4;Colonie orque;Orques;0;0;14;0;15;1;0.71;0;1.00;0;13;0;10;5;8;0;0;0.00;436;87;20;-1717.99;0
409;7;5;Colonie humaine;Humains;0;0;30;3;18;1;0.68;6;1.00;0;13;0;13;5;1;0;0;0.00;1126;168;20;-1779.84;1
409;7;6;Colonie naine;Nains;0;0;22;5;12;1;0.64;6;1.00;0;13;0;0;6;2;0;0;0.00;114;118;20;-1166.88;0
409;8;1;Première colonie;Humains;0;0;20;0;4;1;0.68;4;1.00;0;13;0;0;5;2;0;0;0.00;62;86;20;-1592.59;0
409;8;2;Colonie naine;Nains;0;0;26;6;13;1;0.68;6;1.00;10;13;0;10;5;2;0;0;0.00;434;157;20;-1738.54;0
409;8;3;Colonie elfe;Elfes;0;0;31;6;17;2;0.71;7;1.00;0;13;0;0;7;3;0;0;0.00;220;172;20;-1588.93;0
409;8;4;Colonie orque;Orques;0;0;9;0;15;1;0.71;0;1.00;0;13;0;10;5;13;0;0;0.00;389;42;20;-2111.36;0
409;8;5;Colonie humaine;Humains;0;0;30;1;18;1;0.72;4;1.00;0;13;0;13;5;1;0;0;0.00;1126;183;20;-1986.64;1
409;8;6;Colonie naine;Nains;0;0;22;4;13;1;0.69;5;1.00;0;13;0;0;6;2;0;0;0.00;109;115;20;-1489.81;0
409;9;1;Première colonie;Humains;0;0;20;0;5;1;0.71;4;1.00;0;14;0;0;5;3;0;0;0.00;9;107;20;-1592.59;0
409;9;2;Colonie naine;Nains;0;0;27;6;13;1;0.69;7;1.00;10;14;0;11;5;2;0;0;0.00;723;179;20;-1954.40;0
409;9;3;Colonie elfe;Elfes;0;0;33;8;19;2;0.68;8;1.00;0;14;0;0;7;3;0;0;0.00;196;164;20;-1915.16;0
409;9;4;Colonie orque;Orques;0;0;11;1;15;1;0.74;0;1.00;0;13;0;10;5;15;0;0;0.00;407;111;20;-2537.91;0
409;9;5;Colonie humaine;Humains;0;0;32;2;20;2;0.70;3;1.00;0;14;0;13;7;1;0;0;0.00;881;182;20;-2491.33;1
409;9;6;Colonie naine;Nains;0;0;21;3;13;1;0.68;4;1.00;0;14;0;0;6;3;0;0;0.00;10;112;20;-1648.17;0
409;10;1;Première colonie;Humains;0;0;21;2;4;1;0.67;9;1.00;0;14;0;0;5;5;0;0;0.00;41;99;20;-1881.99;0
409;10;2;Colonie naine;Nains;0;0;25;2;15;1;0.68;0;1.00;10;14;0;12;5;4;0;0;0.00;953;146;20;-2223.02;0
409;10;3;Colonie elfe;Elfes;0;0;31;6;21;2;0.69;6;1.00;0;14;0;0;7;5;0;0;0.00;66;157;20;-2296.57;0
409;10;4;Colonie orque;Orques;0;0;12;2;15;1;0.71;0;1.00;0;14;0;10;5;16;0;0;0.00;293;72;20;-2858.83;0
409;10;5;Colonie humaine;Humains;0;0;33;2;20;2;0.73;5;1.00;0;15;0;13;7;3;0;0;0.00;834;179;20;-2646.22;1
409;10;6;Colonie naine;Nains;0;0;22;3;13;1;0.69;5;1.00;0;14;0;0;6;3;0;0;0.00;149;104;20;-1918.93;0
409;11;1;Première colonie;Humains;0;0;19;2;4;1;0.68;7;1.00;0;15;0;0;5;7;0;0;0.00;17;95;20;-1881.99;0
409;11;2;Colonie naine;Nains;0;0;32;4;15;1;0.68;3;1.00;10;15;0;14;5;4;0;0;0.00;1202;156;20;-2398.95;0
409;11;3;Colonie elfe;Elfes;0;0;30;5;23;2;0.68;5;1.00;0;15;0;0;7;6;0;0;0.00;195;162;20;-2427.60;0
409;11;4;Colonie orque;Orques;0;0;17;1;15;1;0.72;0;1.00;0;15;0;10;5;16;0;0;0.00;173;89;20;-3169.00;0
409;11;5;Colonie humaine;Humains;0;0;31;2;21;2;0.72;3;1.00;0;16;0;13;7;6;0;0;0.00;635;170;20;-3006.86;1
409;11;6;Colonie naine;Nains;0;0;22;3;13;1;0.66;6;1.00;0;15;0;0;6;3;0;0;0.00;52;104;20;-2034.49;0
409;12;1;Première colonie;Humains;0;0;19;2;4;1;0.67;5;1.00;0;15;0;0;5;7;0;0;0.00;17;79;20;-2018.66;0
409;12;2;Colonie naine;Nains;0;0;34;3;18;2;0.70;1;1.00;10;15;0;17;6;4;0;0;0.00;1175;173;20;-2608.94;0
409;12;3;Colonie elfe;Elfes;0;0;29;5;23;2;0.68;4;1.00;0;15;0;0;7;8;0;0;0.00;279;138;20;-2727.25;0
409;12;4;Colonie orque;Orques;0;0;17;1;15;1;0.73;0;1.00;0;15;0;10;5;17;0;0;0.00;222;102;20;-3397.02;0
409;12;5;Colonie humaine;Humains;0;0;29;3;22;2;0.71;3;1.00;0;16;0;13;7;11;0;0;0.00;635;174;20;-3184.12;1
409;12;6;Colonie naine;Nains;0;0;23;2;13;1;0.67;6;1.00;0;15;0;0;6;3;0;0;0.00;27;136;20;-2323.99;0
409;13;1;Première colonie;Humains;0;0;15;0;4;1;0.68;3;1.00;0;16;0;0;5;12;0;0;0.00;17;50;20;-2125.21;0
409;13;2;Colonie naine;Nains;0;0;36;3;18;2;0.72;3;1.00;10;16;0;17;7;4;0;0;0.00;1539;164;20;-2873.64;0
409;13;3;Colonie elfe;Elfes;0;0;30;6;22;2;0.68;9;1.00;0;16;0;0;7;9;0;0;0.00;290;177;20;-2933.38;0
409;13;4;Colonie orque;Orques;0;0;17;2;15;1;0.74;0;1.00;0;16;0;12;5;19;0;0;0.00;218;111;20;-3440.86;0
409;13;5;Colonie humaine;Humains;0;0;30;4;22;2;0.72;4;1.00;0;17;0;14;7;14;0;0;0.00;149;169;20;-3632.96;1
409;13;6;Colonie naine;Nains;0;0;22;2;13;1;0.71;5;1.00;0;16;0;0;6;4;0;0;0.00;15;139;20;-2406.79;0
409;14;1;Première colonie;Humains;0;0;12;0;4;1;0.69;0;1.00;0;16;0;0;5;15;0;0;0.00;17;68;20;-2200.71;0
409;14;2;Colonie naine;Nains;0;0;37;4;19;2;0.71;4;1.00;10;17;0;18;7;4;0;0;0.00;1017;169;20;-3107.47;0
409;14;3;Colonie elfe;Elfes;0;0;29;6;21;2;0.67;10;1.00;0;16;0;0;7;10;0;0;0.00;379;130;20;-3178.58;0
409;14;4;Colonie orque;Orques;0;0;16;1;15;1;0.72;0;1.00;0;16;0;17;5;20;0;0;0.00;182;92;20;-3719.45;0
409;14;5;Colonie humaine;Humains;0;0;29;6;22;2;0.72;5;1.00;0;17;0;14;7;19;0;0;0.00;604;154;20;-3991.91;1
409;14;6;Colonie naine;Nains;0;0;22;4;13;1;0.67;6;1.00;0;16;0;0;6;6;0;0;0.00;19;157;20;-2552.63;0
409;15;1;Première colonie;Humains;0;0;14;1;4;1;0.66;2;1.00;0;17;0;0;5;16;0;0;0.00;17;46;20;-2603.95;0
409;15;2;Colonie naine;Nains;0;0;37;3;21;2;0.69;5;1.00;10;18;0;19;7;5;0;0;0.00;1291;145;20;-3375.66;0
409;15;3;Colonie elfe;Elfes;0;0;28;4;21;2;0.68;10;1.00;0;17;0;0;7;11;0;0;0.00;207;123;20;-3554.44;0
409;15;4;Colonie orque;Orques;0;0;14;1;15;1;0.80;0;1.00;0;17;0;17;5;23;0;0;0.00;378;122;20;-4160.55;0
409;15;5;Colonie humaine;Humains;0;0;31;7;22;2;0.73;7;1.00;0;18;0;16;8;20;0;0;0.00;251;167;20;-4369.06;1
409;15;6;Colonie naine;Nains;0;0;21;4;13;1;0.72;5;1.00;0;17;0;0;6;7;0;0;0.00;19;118;20;-2736.02;0
409;16;1;Première colonie;Humains;0;0;16;2;4;1;0.67;3;1.00;0;17;0;0;5;16;0;0;0.00;33;54;20;-2755.56;0
409;16;2;Colonie naine;Nains;0;0;36;3;22;2;0.65;4;1.00;10;18;0;18;9;6;0;0;0.00;1324;219;20;-3525.05;0
409;16;3;Colonie elfe;Elfes;0;0;28;4;21;2;0.69;11;1.00;0;18;0;0;7;11;0;0;0.00;269;147;20;-3785.16;0
409;16;4;Colonie orque;Orques;0;0;21;2;15;1;0.75;1;1.00;0;17;0;17;5;23;0;0;0.00;269;122;20;-4369.55;0
409;16;5;Colonie humaine;Humains;0;0;30;5;22;2;0.73;6;1.00;0;18;0;18;8;21;0;0;0.00;271;130;20;-4768.21;1
409;16;6;Colonie naine;Nains;0;0;21;3;13;1;0.73;5;1.00;0;17;0;0;6;7;0;0;0.00;66;115;20;-2817.33;0
409;17;1;Première colonie;Humains;0;0;14;2;4;1;0.64;2;1.00;0;18;0;0;5;18;0;0;0.00;33;73;20;-2922.77;0
409;17;2;Colonie naine;Nains;0;0;34;2;24;2;0.68;2;1.00;10;19;0;20;9;10;0;0;0.00;710;172;20;-3863.50;0
409;17;3;Colonie elfe;Elfes;0;0;28;4;21;2;0.69;10;1.00;0;18;0;0;7;11;0;0;0.00;147;136;20;-3929.05;0
409;17;4;Colonie orque;Orques;0;0;22;3;15;1;0.69;1;1.00;0;18;0;17;5;27;0;0;0.00;498;97;20;-4678.97;0
409;17;5;Colonie humaine;Humains;0;0;32;5;22;2;0.72;8;1.00;0;19;0;22;8;21;0;0;0.00;767;206;20;-5033.02;1
409;17;6;Colonie naine;Nains;0;0;20;3;13;1;0.71;4;1.00;0;18;0;0;6;8;0;0;0.00;17;122;20;-3018.07;0
409;18;1;Première colonie;Humains;0;0;17;2;4;1;0.65;5;1.00;0;18;0;0;5;18;0;0;0.00;47;72;20;-2992.74;0
409;18;2;Colonie naine;Nains;0;0;36;2;24;2;0.68;4;1.00;10;19;0;20;9;11;0;0;0.00;858;202;20;-3956.50;0
409;18;3;Colonie elfe;Elfes;0;0;28;4;21;2;0.69;10;1.00;0;19;0;0;7;11;0;0;0.00;53;160;20;-4304.73;0
409;18;4;Colonie orque;Orques;0;0;23;5;15;1;0.71;3;1.00;0;19;0;17;5;29;0;0;0.00;464;106;20;-5084.03;0
409;18;5;Colonie humaine;Humains;0;0;32;2;22;2;0.72;8;1.00;0;19;0;22;8;21;0;0;0.00;601;185;20;-5333.77;1
409;18;6;Colonie naine;Nains;0;0;19;2;12;1;0.70;6;1.00;0;18;0;0;6;9;0;0;0.00;2;119;20;-3111.78;0
409;19;1;Première colonie;Humains;0;0;17;1;4;1;0.66;4;1.00;0;19;0;0;5;18;0;0;0.00;2;69;20;-3199.89;0
409;19;2;Colonie naine;Nains;0;0;37;4;25;2;0.70;5;1.00;10;19;0;20;9;13;0;0;0.00;960;188;20;-4042.49;0
409;19;3;Colonie elfe;Elfes;0;0;28;3;21;2;0.69;11;1.00;0;19;0;0;7;11;0;0;0.00;126;173;20;-4571.36;0
409;19;4;Colonie orque;Orques;0;0;26;5;15;1;0.68;6;1.00;0;19;0;19;5;30;0;0;0.00;510;146;20;-5296.94;0
409;19;5;Colonie humaine;Humains;0;0;32;2;22;2;0.70;8;1.00;0;19;0;23;8;21;0;0;0.00;476;225;20;-5644.27;1
409;19;6;Colonie naine;Nains;0;0;19;2;11;1;0.68;5;1.00;0;19;0;0;6;9;0;0;0.00;58;93;20;-3349.26;0
409;20;1;Première colonie;Humains;0;0;17;1;4;1;0.68;5;1.00;0;19;0;0;5;18;0;0;0.00;2;86;20;-3393.18;0
409;20;2;Colonie naine;Nains;0;0;35;4;25;2;0.69;5;1.00;10;19;0;20;9;16;0;0;0.00;1025;181;20;-4281.21;0
409;20;3;Colonie elfe;Elfes;0;0;28;3;21;2;0.69;10;1.00;0;19;0;0;7;11;0;0;0.00;644;136;20;-4500.85;0
409;20;4;Colonie orque;Orques;0;0;25;3;15;1;0.66;5;1.00;0;19;0;19;5;32;0;0;0.00;78;115;20;-5458.08;0
409;20;5;Colonie humaine;Humains;0;0;31;0;22;2;0.74;7;1.00;0;19;0;23;8;22;0;0;0.00;330;197;20;-5911.56;1
409;20;6;Colonie naine;Nains;0;0;18;0;11;1;0.73;5;1.00;0;19;0;0;6;10;0;0;0.00;24;90;20;-3576.67;0
409;21;1;Première colonie;Humains;0;0;15;0;4;1;0.68;1;1.00;0;19;0;0;5;20;0;0;0.00;2;49;20;-3495.02;0
409;21;2;Colonie naine;Nains;0;0;35;5;25;2;0.67;5;1.00;10;19;0;20;9;17;0;0;0.00;1270;125;20;-4504.43;0
409;21;3;Colonie elfe;Elfes;0;0;28;2;21;2;0.71;10;1.00;0;19;0;0;7;11;0;0;0.00;559;160;20;-4577.71;0
409;21;4;Colonie orque;Orques;0;0;24;1;15;1;0.73;4;1.00;0;19;0;20;5;34;0;0;0.00;184;126;20;-5763.22;0
409;21;5;Colonie humaine;Humains;0;0;29;0;22;2;0.74;5;1.00;0;19;0;24;8;24;0;0;0.00;64;239;20;-6218.50;1
409;21;6;Colonie naine;Nains;0;0;18;0;11;1;0.75;5;1.00;0;19;0;0;6;10;0;0;0.00;10;112;20;-3783.20;0
409;22;1;Première colonie;Humains;0;0;13;0;4;1;0.69;1;1.00;0;19;0;0;5;23;0;0;0.00;2;61;20;-3709.55;0
409;22;2;Colonie naine;Nains;0;0;35;5;25;2;0.66;5;1.00;10;19;0;20;9;17;0;0;0.00;1354;126;20;-4611.60;0
409;22;3;Colonie elfe;Elfes;0;0;28;2;20;2;0.68;14;1.00;0;19;0;0;7;11;0;0;0.00;573;131;20;-4953.42;0
409;22;4;Colonie orque;Orques;0;0;22;0;15;1;0.75;2;1.00;0;19;0;23;5;38;0;0;0.00;65;124;20;-5786.34;0
409;22;5;Colonie humaine;Humains;0;0;25;1;22;2;0.71;1;1.00;0;19;0;25;8;29;0;0;0.00;64;160;20;-6529.38;1
409;22;6;Colonie naine;Nains;0;0;17;0;11;1;0.65;4;1.00;0;19;0;0;6;11;0;0;0.00;10;90;20;-3882.21;0
409;23;1;Première colonie;Humains;0;0;13;0;4;1;0.68;1;1.00;0;19;0;0;5;24;0;0;0.00;2;75;20;-3877.86;0
409;23;2;Colonie naine;Nains;0;0;35;4;25;2;0.70;5;1.00;10;19;0;20;9;20;0;0;0.00;1309;166;20;-4611.60;0
409;23;3;Colonie elfe;Elfes;0;0;27;2;20;2;0.68;13;1.00;0;19;0;0;7;12;0;0;0.00;449;152;20;-5152.98;0
409;23;4;Colonie orque;Orques;0;0;24;1;15;1;0.68;4;1.00;0;19;0;24;5;40;1;0;9.00;245;121;20;-6187.74;0
409;23;5;Colonie humaine;Humains;0;0;26;2;22;2;0.69;2;1.00;0;19;0;25;8;33;0;0;0.00;64;136;20;-6833.86;1
409;23;6;Colonie naine;Nains;0;0;16;1;11;1;0.64;4;1.00;0;19;0;0;6;14;0;1;21.00;8;109;20;-4139.20;0
409;24;1;Première colonie;Humains;0;0;12;0;4;1;0.64;0;1.00;0;19;0;0;5;26;0;0;0.00;2;54;20;-4228.80;0
409;24;2;Colonie naine;Nains;0;0;34;5;25;2;0.66;5;1.00;10;19;0;20;9;22;0;0;0.00;1285;161;20;-4844.98;0
409;24;3;Colonie elfe;Elfes;0;0;28;2;20;2;0.73;16;1.00;10;19;0;0;7;12;0;0;0.00;430;164;20;-5504.46;0
409;24;4;Colonie orque;Orques;0;0;23;3;15;1;0.71;3;1.00;0;19;0;25;6;47;0;0;0.00;137;117;20;-6456.61;0
409;24;5;Colonie humaine;Humains;0;0;26;5;22;2;0.70;2;1.00;0;19;0;25;8;37;0;0;0.00;68;158;20;-6970.05;1
409;24;6;Colonie naine;Nains;0;0;14;1;11;1;0.72;2;1.00;0;19;0;0;6;18;0;0;0.00;63;77;20;-4235.19;0
409;25;1;Première colonie;Humains;0;0;14;0;4;1;0.73;2;1.00;0;19;0;0;5;27;0;0;0.00;20;71;20;-4545.69;0
409;25;2;Colonie naine;Nains;0;0;34;4;24;2;0.73;5;1.00;10;19;0;20;9;23;0;0;0.00;1325;165;20;-5236.88;0
409;25;3;Colonie elfe;Elfes;0;0;28;1;20;2;0.70;14;1.00;10;19;0;0;7;12;0;0;0.00;494;139;20;-5702.21;0
409;25;4;Colonie orque;Orques;0;0;26;3;15;1;0.71;6;1.00;0;19;0;25;6;47;0;0;0.00;95;117;20;-6742.04;0
409;25;5;Colonie humaine;Humains;0;0;28;7;22;2;0.72;4;1.00;0;19;0;25;8;38;0;0;0.00;44;169;20;-7309.58;1
409;25;6;Colonie naine;Nains;0;0;14;1;12;1;0.73;2;1.00;0;19;0;0;6;21;0;0;0.00;3;75;20;-4333.56;0
409;26;1;Première colonie;Humains;0;0;13;0;4;1;0.66;1;1.00;0;19;0;0;5;29;0;0;0.00;2;58;20;-4767.64;0
409;26;2;Colonie naine;Nains;0;0;33;4;17;1;0.69;5;1.00;10;19;0;20;9;25;0;0;0.00;1420;192;20;-5737.58;1
409;26;3;Colonie elfe;Elfes;0;0;28;1;20;2;0.70;12;1.00;10;19;0;0;7;12;0;0;0.00;312;140;20;-5905.66;0
409;26;4;Colonie orque;Orques;0;0;26;2;15;1;0.68;6;1.00;0;19;0;25;7;49;0;0;0.00;133;142;20;-7020.30;0
409;26;5;Colonie humaine;Humains;0;0;29;6;22;2;0.69;4;1.00;0;19;0;25;8;40;0;0;0.00;44;200;20;-7616.67;1
409;26;6;Colonie naine;Nains;0;0;16;3;12;1;0.69;4;1.00;0;19;0;0;6;21;0;0;0.00;69;92;20;-4508.09;0
409;27;1;Première colonie;Humains;0;0;15;1;4;1;0.63;3;1.00;0;19;0;0;5;29;0;0;0.00;2;56;20;-4983.45;0
409;27;2;Colonie naine;Nains;0;0;33;3;17;1;0.71;5;1.00;10;19;0;20;9;25;0;0;0.00;1670;139;20;-5886.74;1
409;27;3;Colonie elfe;Elfes;0;0;28;1;20;2;0.69;14;1.00;10;19;0;0;7;12;0;0;0.00;27;151;20;-6181.35;0
409;27;4;Colonie orque;Orques;0;0;26;2;15;1;0.72;6;1.00;0;19;0;25;8;50;0;0;0.00;143;123;20;-7111.38;0
409;27;5;Colonie humaine;Humains;0;0;29;3;22;2;0.74;5;1.00;0;19;0;25;8;40;0;0;0.00;44;170;20;-7912.66;1
409;27;6;Colonie naine;Nains;0;0;15;4;12;1;0.63;3;1.00;0;19;0;0;6;23;0;0;0.00;108;66;20;-4611.13;0
409;28;1;Première colonie;Humains;0;0;16;1;4;1;0.70;4;1.00;0;19;0;0;5;29;0;0;0.00;18;73;20;-5183.94;0
409;28;2;Colonie naine;Nains;0;0;33;3;16;1;0.68;5;1.00;10;19;0;20;9;27;0;0;0.00;1733;128;20;-6212.10;1
409;28;3;Colonie elfe;Elfes;0;0;28;2;20;2;0.70;16;1.00;10;19;0;0;7;13;0;0;0.00;21;148;20;-6371.25;0
409;28;4;Colonie orque;Orques;0;0;26;2;15;1;0.70;6;1.00;0;19;0;25;8;51;0;0;0.00;53;91;20;-7478.82;0
409;28;5;Colonie humaine;Humains;0;0;31;3;22;2;0.69;7;1.00;0;19;0;26;8;41;0;0;0.00;44;189;20;-8246.01;1
409;28;6;Colonie naine;Nains;0;0;16;5;12;1;0.64;4;1.00;0;19;0;0;6;24;0;0;0.00;145;78;20;-4703.66;0
409;29;1;Première colonie;Humains;0;0;14;1;4;1;0.67;2;1.00;0;19;0;0;5;31;0;0;0.00;18;66;20;-5442.59;0
409;29;2;Colonie naine;Nains;0;0;32;3;16;1;0.72;4;1.00;20;19;0;21;9;28;0;0;0.00;1816;167;20;-6573.27;1
409;29;3;Colonie elfe;Elfes;0;0;28;2;20;2;0.68;14;1.00;10;19;0;0;7;13;0;0;0.00;20;140;20;-6528.57;0
409;29;4;Colonie orque;Orques;0;0;23;0;15;1;0.70;3;1.00;0;19;0;26;8;54;0;0;0.00;51;83;20;-7674.16;0
409;29;5;Colonie humaine;Humains;0;0;31;4;22;2;0.68;7;1.00;0;19;0;27;8;42;0;0;0.00;44;154;20;-8555.59;1
409;29;6;Colonie naine;Nains;0;0;17;4;12;1;0.69;5;1.00;0;19;0;0;6;24;0;0;0.00;11;62;20;-4800.22;0
409;30;1;Première colonie;Humains;0;0;13;0;4;1;0.71;1;1.00;0;19;0;0;5;33;0;0;0.00;18;44;20;-5442.59;0
409;30;2;Colonie naine;Nains;0;0;33;4;16;1;0.70;5;1.00;20;19;0;21;9;28;0;0;0.00;1808;172;20;-6795.36;1
409;30;3;Colonie elfe;Elfes;0;0;26;2;20;2;0.67;12;1.00;10;19;0;0;7;15;0;0;0.00;15;140;20;-6717.17;0
409;30;4;Colonie orque;Orques;0;0;15;0;15;1;0.68;0;1.00;0;19;0;26;8;62;0;0;0.00;131;88;20;-7944.21;0
409;30;5;Colonie humaine;Humains;0;0;31;4;22;2;0.71;7;1.00;0;19;0;27;9;42;0;0;0.00;29;171;20;-8699.47;1
409;30;6;Colonie naine;Nains;0;0;17;4;12;1;0.68;5;1.00;0;19;0;0;6;24;0;0;0.00;10;83;20;-4925.70;0
409;31;1;Première colonie;Humains;0;0;13;0;4;1;0.59;1;1.00;0;19;0;0;5;34;0;0;0.00;18;65;20;-5717.00;0
409;31;2;Colonie naine;Nains;0;0;33;2;16;1;0.70;5;1.00;20;19;0;21;9;29;0;0;0.00;1688;163;20;-7111.78;1
409;31;3;Colonie elfe;Elfes;0;0;26;2;20;2;0.68;13;1.00;10;19;0;0;7;15;0;0;0.00;15;140;20;-6893.99;0
409;31;4;Colonie orque;Orques;0;0;12;0;15;1;0.82;0;1.00;0;19;0;26;8;66;0;0;0.00;251;116;20;-8137.81;0
409;31;5;Colonie humaine;Humains;0;0;31;1;22;2;0.68;7;1.00;0;19;0;27;9;42;0;0;0.00;29;208;20;-8922.64;1
409;31;6;Colonie naine;Nains;0;0;18;5;12;1;0.64;6;1.00;0;19;0;0;6;24;0;0;0.00;10;83;20;-5092.84;0
409;32;1;Première colonie;Humains;0;0;13;0;4;1;0.69;1;1.00;0;19;0;0;5;34;0;0;0.00;18;54;20;-6000.71;0
409;32;2;Colonie naine;Nains;0;0;32;2;16;1;0.73;4;1.00;20;19;0;21;9;30;0;0;0.00;1848;153;20;-7401.27;1
409;32;3;Colonie elfe;Elfes;0;0;26;2;20;2;0.66;14;1.00;10;19;0;0;7;15;0;0;0.00;15;152;20;-7125.47;0
409;32;4;Colonie orque;Orques;0;0;19;3;15;1;0.74;0;1.00;0;19;0;26;8;68;0;0;0.00;115;113;20;-8458.94;0
409;32;5;Colonie humaine;Humains;0;0;28;1;22;2;0.75;4;1.00;0;19;0;28;9;47;0;0;0.00;36;215;20;-9228.79;1
409;32;6;Colonie naine;Nains;0;0;18;3;12;1;0.68;6;1.00;0;19;0;0;6;24;0;0;0.00;14;79;20;-5214.90;0
409;33;1;Première colonie;Humains;0;0;13;1;4;1;0.70;1;1.00;0;19;0;0;5;35;0;0;0.00;18;52;20;-6000.71;0
409;33;2;Colonie naine;Nains;0;0;34;3;24;2;0.69;2;1.00;20;19;0;21;9;31;0;0;0.00;1752;163;20;-7619.97;1
409;33;3;Colonie elfe;Elfes;0;0;25;2;20;2;0.67;12;1.00;10;19;0;0;7;16;0;0;0.00;93;127;20;-7152.09;0
409;33;4;Colonie orque;Orques;0;0;21;5;15;1;0.71;1;1.00;0;19;0;26;8;69;0;0;0.00;111;127;20;-8619.51;0
409;33;5;Colonie humaine;Humains;0;0;28;3;22;2;0.70;4;1.00;0;19;0;28;9;49;0;0;0.00;36;159;20;-9578.50;1
409;33;6;Colonie naine;Nains;0;0;18;2;12;1;0.71;5;1.00;0;19;0;0;6;24;0;0;0.00;15;105;20;-5374.44;0
409;34;1;Première colonie;Humains;0;0;14;0;4;1;0.66;1;1.00;0;19;0;0;5;38;0;0;0.00;18;77;20;-6390.42;0
409;34;2;Colonie naine;Nains;0;0;33;4;24;2;0.68;1;1.00;20;19;0;21;9;34;0;0;0.00;1794;150;20;-7732.51;1
409;34;3;Colonie elfe;Elfes;0;0;24;2;20;2;0.70;11;1.00;10;19;0;0;7;17;0;0;0.00;43;116;20;-7507.35;0
409;34;4;Colonie orque;Orques;0;0;23;3;15;1;0.69;3;1.00;0;19;0;26;8;69;0;0;0.00;145;132;20;-9088.42;0
409;34;5;Colonie humaine;Humains;0;0;30;3;22;2;0.70;6;1.00;0;19;0;28;9;49;0;0;0.00;36;199;20;-9695.86;1
409;34;6;Colonie naine;Nains;0;0;18;1;12;1;0.66;5;1.00;0;19;0;0;6;24;0;0;0.00;2;85;20;-5549.96;0
409;35;1;Première colonie;Humains;0;0;14;0;4;1;0.76;2;1.00;0;19;0;0;5;39;0;0;0.00;14;62;20;-6449.70;0
409;35;2;Colonie naine;Nains;0;0;35;5;25;2;0.66;3;1.00;20;19;0;21;9;34;0;0;0.00;1842;170;20;-7891.90;1
409;35;3;Colonie elfe;Elfes;0;0;23;2;20;2;0.63;12;1.00;10;19;0;0;7;18;0;0;0.00;128;112;20;-7759.80;0
409;35;4;Colonie orque;Orques;0;0;25;0;15;1;0.73;4;1.00;0;19;0;27;8;70;0;0;0.00;2;145;20;-9182.64;0
409;35;5;Colonie humaine;Humains;0;0;27;3;22;2;0.69;2;1.00;0;19;0;28;9;54;0;0;0.00;16;198;20;-9865.85;1
409;35;6;Colonie naine;Nains;0;0;19;2;12;1;0.70;7;1.00;0;19;0;0;6;24;0;0;0.00;0;112;20;-5748.86;0
409;36;1;Première colonie;Humains;0;0;11;0;4;1;0.72;0;1.00;0;19;0;0;5;43;0;0;0.00;0;60;20;-6662.37;0
409;36;2;Colonie naine;Nains;0;0;33;4;25;2;0.74;1;1.00;20;19;0;21;9;36;0;0;0.00;1865;191;20;-7975.49;1
409;36;3;Colonie elfe;Elfes;0;0;22;1;20;2;0.67;11;1.00;10;19;0;0;7;19;0;0;0.00;136;119;20;-7883.11;0
409;36;4;Colonie orque;Orques;0;0;25;2;15;1;0.69;5;1.00;0;19;0;27;8;72;0;0;0.00;61;169;20;-9388.00;0
409;36;5;Colonie humaine;Humains;0;0;29;5;22;2;0.71;5;1.00;0;19;0;28;9;57;0;0;0.00;16;199;20;-10118.31;1
409;36;6;Colonie naine;Nains;0;0;19;2;12;1;0.69;6;1.00;0;19;0;0;6;24;0;0;0.00;0;105;20;-5949.37;0
409;37;1;Première colonie;Humains;0;0;14;2;4;1;0.67;2;1.00;0;19;0;0;5;44;0;0;0.00;0;66;20;-6969.61;0
409;37;2;Colonie naine;Nains;0;0;32;5;24;2;0.66;4;1.00;20;19;0;21;9;39;0;0;0.00;1889;163;20;-8082.40;1
409;37;3;Colonie elfe;Elfes;0;0;20;1;20;2;0.66;10;1.00;10;19;0;0;7;21;0;0;0.00;61;101;20;-8010.63;0
409;37;4;Colonie orque;Orques;0;0;24;3;15;1;0.69;4;1.00;0;19;0;27;8;75;0;0;0.00;127;115;20;-9628.29;0
409;37;5;Colonie humaine;Humains;0;0;31;7;22;2;0.67;7;1.00;0;19;0;28;9;58;0;0;0.00;16;151;20;-10431.35;1
409;37;6;Colonie naine;Nains;0;0;18;1;12;1;0.69;6;1.00;0;19;0;0;6;25;0;0;0.00;0;119;20;-6021.03;0
409;38;1;Première colonie;Humains;0;0;15;3;4;1;0.67;3;1.00;0;19;0;0;5;44;0;0;0.00;0;83;20;-7048.42;0
409;38;2;Colonie naine;Nains;0;0;30;5;24;2;0.72;2;1.00;20;19;0;21;9;42;0;0;0.00;1951;148;20;-8175.53;1
409;38;3;Colonie elfe;Elfes;0;0;17;1;20;2;0.72;7;1.00;10;19;0;0;7;24;0;0;0.00;49;92;20;-8180.05;0
409;38;4;Colonie orque;Orques;0;0;23;1;15;1;0.68;3;1.00;0;19;0;27;8;79;0;0;0.00;68;137;20;-9823.09;0
409;38;5;Colonie humaine;Humains;0;0;29;6;22;2;0.71;5;1.00;0;19;0;28;9;60;0;0;0.00;43;172;20;-10723.28;1
409;38;6;Colonie naine;Nains;0;0;18;1;12;1;0.67;6;1.00;0;19;0;0;6;25;0;0;0.00;2;123;20;-6207.94;0
409;39;1;Première colonie;Humains;0;0;15;3;4;1;0.71;3;1.00;0;19;0;0;5;44;0;0;0.00;0;83;20;-7397.73;0
409;39;2;Colonie naine;Nains;0;0;32;6;24;2;0.69;4;1.00;20;19;0;21;9;42;0;0;0.00;1951;162;20;-8354.31;1
409;39;3;Colonie elfe;Elfes;0;0;16;1;19;2;0.65;10;1.00;10;19;0;0;7;25;0;0;0.00;0;72;20;-8344.00;0
409;39;4;Colonie orque;Orques;0;0;22;1;15;1;0.68;2;1.00;0;19;0;27;8;82;0;0;0.00;2;117;20;-9874.03;0
409;39;5;Colonie humaine;Humains;0;0;29;3;22;2;0.68;5;1.00;0;19;0;28;9;61;0;0;0.00;23;167;20;-11053.38;1
409;39;6;Colonie naine;Nains;0;0;17;1;12;1;0.71;5;1.00;0;19;0;0;6;26;0;0;0.00;2;105;20;-6338.47;0
409;40;1;Première colonie;Humains;0;0;15;1;4;1;0.68;3;1.00;0;19;0;0;5;45;0;0;0.00;0;51;20;-7572.49;0
409;40;2;Colonie naine;Nains;0;0;32;4;24;2;0.69;5;1.00;30;19;0;21;9;42;0;0;0.00;1977;157;20;-8560.01;1
409;40;3;Colonie elfe;Elfes;0;0;15;0;19;2;0.72;8;1.00;10;19;0;0;7;26;0;0;0.00;1;75;20;-8494.92;0
409;40;4;Colonie orque;Orques;0;0;24;2;15;1;0.66;4;1.00;0;19;0;27;8;85;0;0;0.00;60;120;20;-10131.99;0
409;40;5;Colonie humaine;Humains;0;0;29;1;22;2;0.71;5;1.00;0;19;0;28;9;61;0;0;0.00;33;164;20;-11298.68;1
409;40;6;Colonie naine;Nains;0;0;17;1;12;1;0.70;5;1.00;0;19;0;0;6;26;0;0;0.00;2;113;20;-6487.24;0
409;41;1;Première colonie;Humains;0;0;15;2;4;1;0.65;3;1.00;0;19;0;0;5;47;0;0;0.00;0;91;20;-7836.75;0
409;41;2;Colonie naine;Nains;0;0;32;4;25;2;0.68;5;1.00;30;19;0;21;9;43;0;0;0.00;2017;151;20;-8644.60;1
409;41;3;Colonie elfe;Elfes;0;0;15;0;19;2;0.64;8;1.00;10;19;0;0;7;26;0;0;0.00;1;75;20;-8658.85;0
409;41;4;Colonie orque;Orques;0;0;24;3;15;1;0.70;4;1.00;0;19;0;27;8;88;0;0;0.00;20;147;20;-10330.09;0
409;41;5;Colonie humaine;Humains;0;0;29;1;22;2;0.71;5;1.00;0;19;0;28;9;61;0;0;0.00;33;179;20;-11443.95;1
409;41;6;Colonie naine;Nains;0;0;19;0;12;1;0.69;6;1.00;0;19;0;0;6;26;0;0;0.00;6;107;20;-6731.55;0
409;42;1;Première colonie;Humains;0;0;16;2;4;1;0.70;3;1.00;0;19;0;0;5;49;0;0;0.00;0;78;20;-8097.66;0
409;42;2;Colonie naine;Nains;0;0;32;5;25;2;0.66;5;1.00;30;19;0;21;9;45;0;0;0.00;1872;162;20;-8821.80;1
409;42;3;Colonie elfe;Elfes;1;0;5;0;19;2;0.77;0;0.39;10;19;0;0;7;34;0;0;47.00;92;40;20;-8837.62;0
409;42;4;Colonie orque;Orques;1;0;26;3;15;1;0.72;6;1.00;20;19;0;27;8;89;0;0;0.00;38;160;20;-10606.66;0
409;42;5;Colonie humaine;Humains;0;0;29;2;22;2;0.69;5;1.00;0;19;0;28;9;63;0;0;0.00;33;195;20;-11683.09;1
409;42;6;Colonie naine;Nains;0;0;17;0;11;1;0.69;5;1.00;0;19;0;0;6;28;0;0;0.00;6;107;20;-6810.46;0
409;43;1;Première colonie;Humains;0;0;17;2;4;1;0.68;5;1.00;0;19;0;0;5;49;0;0;0.00;0;89;20;-8202.53;0
409;43;2;Colonie naine;Nains;0;0;30;4;25;2;0.69;4;1.00;30;19;0;21;9;48;0;0;0.00;1815;129;20;-8920.19;1
409;43;3;Colonie elfe;Elfes;1;0;6;0;19;2;0.65;1;0.52;10;19;0;0;7;35;0;0;7.00;92;45;20;-8837.62;0
409;43;4;Colonie orque;Orques;1;0;24;2;15;1;0.72;4;1.00;20;19;0;27;8;91;0;0;0.00;103;119;20;-10606.66;0
409;43;5;Colonie humaine;Humains;0;0;26;2;22;2;0.69;2;1.00;0;19;0;28;9;67;0;0;0.00;33;152;20;-11982.56;1
409;43;6;Colonie naine;Nains;0;0;17;0;10;1;0.69;5;1.00;0;19;0;0;6;28;0;0;0.00;6;123;20;-6965.66;0
409;44;1;Première colonie;Humains;0;0;18;1;4;1;0.72;6;1.00;0;19;0;0;5;50;0;0;0.00;0;99;20;-8537.33;0
409;44;2;Colonie naine;Nains;0;0;30;5;25;2;0.68;4;1.00;30;19;0;21;9;49;0;0;0.00;1852;128;20;-9104.99;1
409;44;3;Colonie elfe;Elfes;1;0;10;0;19;2;0.63;5;1.00;10;19;0;0;7;35;0;0;0.00;2;63;20;-8837.62;0
409;44;4;Colonie orque;Orques;1;0;25;1;15;1;0.73;5;0.90;20;19;0;27;8;92;0;0;0.00;138;173;20;-10753.16;0
409;44;5;Colonie humaine;Humains;0;0;26;3;22;2;0.69;2;1.00;0;19;0;28;9;70;0;0;0.00;21;171;20;-12322.31;1
409;44;6;Colonie naine;Nains;0;0;16;0;10;1;0.66;4;1.00;0;19;0;0;6;29;0;0;0.00;6;57;20;-7133.18;0
409;45;1;Première colonie;Humains;0;0;19;2;4;1;0.71;6;1.00;0;19;0;0;5;51;0;0;0.00;0;98;20;-8702.59;0
409;45;2;Colonie naine;Nains;0;0;28;3;25;2;0.68;2;1.00;30;19;0;21;9;51;0;0;0.00;1966;136;20;-9287.44;1
409;45;3;Colonie elfe;Elfes;1;0;11;1;19;2;0.65;4;1.00;10;19;0;0;7;35;0;0;0.00;2;67;20;-9174.52;0
409;45;4;Colonie orque;Orques;1;0;21;1;15;1;0.70;1;0.73;20;19;0;28;8;98;0;0;0.00;23;109;20;-11053.23;0
409;45;5;Colonie humaine;Humains;0;0;27;3;22;2;0.72;3;1.00;0;19;0;28;9;72;0;0;0.00;25;161;20;-12620.52;1
409;45;6;Colonie naine;Nains;0;0;17;1;10;1;0.68;4;1.00;0;19;0;0;6;31;0;0;0.00;10;84;20;-7243.52;0
409;46;1;Première colonie;Humains;0;0;17;2;4;1;0.65;5;1.00;0;19;0;0;5;53;0;0;0.00;0;94;20;-8861.90;0
409;46;2;Colonie naine;Nains;0;0;30;3;25;2;0.66;4;1.00;30;19;0;21;9;51;0;0;0.00;1909;110;20;-9367.81;1
409;46;3;Colonie elfe;Elfes;1;0;11;1;19;2;0.63;6;1.00;10;19;0;0;7;35;0;0;0.00;17;57;20;-9411.47;0
409;46;4;Colonie orque;Orques;1;0;24;2;15;1;0.68;4;0.74;20;19;0;28;8;99;0;0;0.00;2;108;20;-11279.66;0
409;46;5;Colonie humaine;Humains;0;0;27;3;22;2;0.72;3;1.00;0;19;0;28;9;73;0;0;0.00;25;148;20;-12781.88;1
409;46;6;Colonie naine;Nains;0;0;17;1;10;1;0.70;5;1.00;0;19;0;0;6;31;0;0;0.00;3;110;20;-7315.18;0
409;47;1;Première colonie;Humains;0;0;15;2;4;1;0.66;3;1.00;0;19;0;0;5;56;0;0;0.00;0;89;20;-9149.25;0
409;47;2;Colonie naine;Nains;0;0;31;2;25;2;0.68;5;1.00;30;19;0;21;9;51;0;0;0.00;1909;153;20;-9606.00;1
409;47;3;Colonie elfe;Elfes;1;0;11;1;19;2;0.61;6;1.00;10;19;0;0;7;35;0;0;0.00;32;73;20;-9617.03;0
409;47;4;Colonie orque;Orques;1;0;21;2;15;1;0.69;1;0.73;20;19;0;28;8;103;0;0;0.00;36;121;20;-11622.24;0
409;47;5;Colonie humaine;Humains;0;0;28;4;22;2;0.72;4;1.00;0;19;0;28;9;76;0;0;0.00;30;182;20;-13075.55;1
409;47;6;Colonie naine;Nains;0;0;18;1;10;1;0.66;5;1.00;0;19;0;0;6;32;0;0;0.00;3;108;20;-7479.12;0
409;48;1;Première colonie;Humains;0;0;15;2;3;1;0.62;6;1.00;0;19;0;0;5;57;0;0;0.00;0;64;20;-9149.25;0
409;48;2;Colonie naine;Nains;0;0;31;1;25;2;0.69;5;1.00;30;19;0;21;9;51;0;0;0.00;1909;137;20;-9712.49;1
409;48;3;Colonie elfe;Elfes;1;0;10;1;19;2;0.67;3;1.00;10;19;0;0;7;36;0;0;0.00;4;59;20;-9634.21;0
409;48;4;Colonie orque;Orques;1;0;25;4;15;1;0.65;5;0.77;20;19;0;28;8;105;0;0;0.00;64;109;20;-11786.38;0
409;48;5;Colonie humaine;Humains;0;0;30;3;22;2;0.70;6;1.00;0;19;0;28;9;76;0;0;0.00;30;171;20;-13340.97;1
409;48;6;Colonie naine;Nains;0;0;17;1;10;1;0.70;4;1.00;0;19;0;0;6;33;0;0;0.00;3;102;20;-7559.43;0
409;49;1;Première colonie;Humains;0;0;15;2;3;1;0.67;7;1.00;0;19;0;0;5;57;0;0;0.00;0;78;20;-9517.31;0
409;49;2;Colonie naine;Nains;0;0;31;2;25;2;0.69;6;1.00;30;19;0;21;9;52;0;0;0.00;1912;133;20;-9712.49;1
409;49;3;Colonie elfe;Elfes;1;0;9;1;19;2;0.71;3;1.00;10;19;0;0;7;37;0;0;0.00;4;46;20;-9976.61;0
409;49;4;Colonie orque;Orques;1;0;24;3;15;1;0.71;4;0.79;20;19;0;28;8;108;0;0;0.00;29;129;20;-12046.44;0
409;49;5;Colonie humaine;Humains;0;0;29;3;22;2;0.69;5;1.00;0;19;0;28;9;79;0;0;0.00;30;204;20;-13639.51;1
409;49;6;Colonie naine;Nains;0;0;17;1;9;1;0.69;7;1.00;0;19;0;0;6;33;0;0;0.00;3;109;20;-7763.22;0
409;50;1;Première colonie;Humains;0;0;14;1;3;1;0.60;5;1.00;0;19;0;0;5;58;0;0;0.00;0;57;20;-9616.93;0
409;50;2;Colonie naine;Nains;0;0;30;1;25;2;0.71;5;1.00;30;19;0;21;9;53;0;0;0.00;1851;159;20;-9838.75;1
409;50;3;Colonie elfe;Elfes;1;0;10;1;19;2;0.63;3;1.00;10;19;0;0;7;37;0;0;0.00;3;57;20;-10217.13;0
409;50;4;Colonie orque;Orques;1;0;23;2;15;1;0.70;3;0.75;20;19;0;28;8;110;0;0;0.00;137;118;20;-12206.21;0
409;50;5;Colonie humaine;Humains;0;0;30;3;22;2;0.71;5;1.00;0;19;0;28;9;80;0;0;0.00;30;187;20;-13817.10;1
409;50;6;Colonie naine;Nains;0;0;15;1;9;1;0.66;7;1.00;0;19;0;0;6;35;0;0;0.00;3;105;20;-7917.78;0
409;51;1;Première colonie;Humains;0;0;14;1;3;1;0.66;6;1.00;0;19;0;0;5;59;0;0;0.00;20;91;20;-9906.56;0
409;51;2;Colonie naine;Nains;0;0;28;1;25;2;0.66;3;1.00;30;19;0;21;9;56;0;0;0.00;1804;114;20;-9966.40;1
409;51;3;Colonie elfe;Elfes;1;0;9;1;19;2;0.64;4;1.00;10;19;0;0;7;38;0;0;0.00;4;52;20;-10299.31;0
409;51;4;Colonie orque;Orques;1;0;20;2;15;1;0.69;0;0.76;20;19;0;28;8;114;0;0;0.00;184;105;20;-12549.79;0
409;51;5;Colonie humaine;Humains;0;0;28;2;22;2;0.66;4;1.00;0;19;0;28;9;82;0;0;0.00;30;170;20;-14093.51;1
409;51;6;Colonie naine;Nains;0;0;14;0;9;1;0.72;6;1.00;0;19;0;0;6;36;0;0;0.00;17;79;20;-8028.65;0
409;52;1;Première colonie;Humains;0;0;13;1;3;1;0.66;5;1.00;0;19;0;0;5;60;0;0;0.00;1;60;20;-10114.47;0
409;52;2;Colonie naine;Nains;0;0;29;4;25;2;0.67;4;1.00;30;19;0;21;9;58;0;0;0.00;1804;137;20;-10077.69;1
409;52;3;Colonie elfe;Elfes;1;0;11;2;19;2;0.60;6;1.00;10;19;0;0;7;38;0;0;0.00;35;59;20;-10531.46;0
409;52;4;Colonie orque;Orques;1;0;23;2;15;1;0.67;3;0.75;20;19;0;28;8;116;0;0;0.00;234;118;20;-12855.91;0
409;52;5;Colonie humaine;Humains;0;0;30;3;22;2;0.68;6;1.00;0;19;0;28;9;82;0;0;0.00;36;162;20;-14521.70;1
409;52;6;Colonie naine;Nains;0;0;14;0;8;1;0.74;6;1.00;0;19;0;0;6;36;0;0;0.00;17;69;20;-8100.50;0
409;53;1;Première colonie;Humains;0;0;13;2;3;1;0.69;4;1.00;0;19;0;0;5;61;0;0;0.00;1;68;20;-10168.85;0
409;53;2;Colonie naine;Nains;0;0;29;5;25;2;0.68;4;1.00;30;19;0;21;9;60;0;0;0.00;1720;126;20;-10325.07;1
409;53;3;Colonie elfe;Elfes;1;0;11;2;19;2;0.63;5;1.00;10;19;0;0;7;38;0;0;0.00;51;50;20;-10628.56;0
409;53;4;Colonie orque;Orques;1;0;23;2;15;1;0.70;3;0.76;20;19;0;28;8;118;0;0;0.00;321;155;20;-12955.65;0
409;53;5;Colonie humaine;Humains;0;0;30;1;22;2;0.69;6;1.00;0;19;0;28;9;82;0;0;0.00;48;192;20;-14810.03;1
409;53;6;Colonie naine;Nains;0;0;15;0;8;1;0.66;7;1.00;0;19;0;0;6;37;0;0;0.00;1;82;20;-8249.60;0
409;54;1;Première colonie;Humains;0;0;13;2;3;1;0.61;5;1.00;0;19;0;0;5;63;0;0;0.00;1;65;20;-10403.37;0
409;54;2;Colonie naine;Nains;0;0;30;6;26;3;0.67;2;1.00;30;19;0;21;9;61;0;0;0.00;1789;137;20;-10538.08;1
409;54;3;Colonie elfe;Elfes;1;0;11;2;19;2;0.63;5;1.00;10;19;0;0;7;38;0;0;0.00;13;52;20;-10958.63;0
409;54;4;Colonie orque;Orques;1;0;22;2;15;1;0.70;2;0.77;20;19;0;28;8;120;0;0;0.00;153;127;20;-13186.30;0
409;54;5;Colonie humaine;Humains;0;0;29;3;22;2;0.71;5;1.00;0;19;0;28;9;85;0;0;0.00;48;168;20;-15126.10;1
409;54;6;Colonie naine;Nains;0;0;14;0;8;1;0.70;6;1.00;0;19;0;0;6;38;0;0;0.00;1;79;20;-8290.68;0
409;55;1;Première colonie;Humains;0;0;14;2;2;1;0.65;10;1.00;0;19;0;0;5;64;0;0;0.00;1;73;20;-10568.25;0
409;55;2;Colonie naine;Nains;0;0;32;7;26;3;0.69;4;1.00;30;19;0;21;9;61;0;0;0.00;1808;206;20;-10602.71;1
409;55;3;Colonie elfe;Elfes;1;0;12;3;19;2;0.60;6;1.00;10;19;0;0;7;38;0;0;0.00;8;47;20;-11190.47;0
409;55;4;Colonie orque;Orques;1;0;21;2;15;1;0.68;1;0.77;20;19;0;28;8;123;0;0;0.00;112;116;20;-13296.23;0
409;55;5;Colonie humaine;Humains;0;0;26;2;22;2;0.71;2;1.00;0;19;0;28;9;88;0;0;0.00;48;138;20;-15553.22;1
409;55;6;Colonie naine;Nains;0;0;13;0;7;1;0.74;5;1.00;0;19;0;0;6;39;0;0;0.00;1;87;20;-8524.74;0
409;56;1;Première colonie;Humains;0;0;14;1;2;1;0.60;8;1.00;0;19;0;0;5;64;0;0;0.00;21;59;20;-10927.33;0
409;56;2;Colonie naine;Nains;0;0;32;7;26;3;0.69;4;1.00;30;19;0;21;9;61;0;0;0.00;1966;161;20;-10860.96;1
409;56;3;Colonie elfe;Elfes;1;0;12;3;19;2;0.62;7;1.00;10;19;0;0;7;38;0;0;0.00;8;78;20;-11316.71;0
409;56;4;Colonie orque;Orques;1;0;21;1;15;1;0.72;1;0.77;20;19;0;28;8;126;0;0;0.00;61;108;20;-13571.31;0
409;56;5;Colonie humaine;Humains;0;0;25;4;22;2;0.70;1;1.00;0;19;0;28;9;92;0;0;0.00;48;140;20;-15725.53;1
409;56;6;Colonie naine;Nains;0;0;13;0;7;1;0.71;5;1.00;0;19;0;0;6;39;0;0;0.00;12;74;20;-8697.40;0
409;57;1;Première colonie;Humains;0;0;14;2;2;1;0.63;10;1.00;10;19;0;0;5;66;0;0;0.00;21;67;20;-11179.86;0
409;57;2;Colonie naine;Nains;0;0;33;7;25;3;0.67;5;1.00;30;19;0;21;9;62;0;0;0.00;2008;154;20;-11073.79;1
409;57;3;Colonie elfe;Elfes;1;0;12;2;19;2;0.63;7;1.00;10;19;0;0;7;38;0;0;0.00;8;67;20;-11634.02;0
409;57;4;Colonie orque;Orques;1;0;22;1;15;1;0.69;2;0.77;20;19;0;28;8;127;0;0;0.00;18;135;20;-13620.70;0
409;57;5;Colonie humaine;Humains;0;0;22;2;22;2;0.71;0;1.00;0;19;0;28;9;95;0;0;0.00;48;182;20;-15986.10;1
409;57;6;Colonie naine;Nains;0;0;12;0;6;1;0.67;8;1.00;0;19;0;0;6;40;0;0;0.00;23;67;20;-8739.42;0
409;58;1;Première colonie;Humains;0;0;14;2;1;1;0.66;10;1.00;10;19;0;0;5;66;0;0;0.00;41;52;20;-11215.34;0
409;58;2;Colonie naine;Nains;0;0;34;5;25;3;0.69;6;1.00;30;19;0;21;9;62;0;0;0.00;1951;183;20;-11257.20;1
409;58;3;Colonie elfe;Elfes;1;0;11;2;19;2;0.66;5;1.00;10;19;0;0;7;39;0;0;0.00;8;56;20;-11672.48;0
409;58;4;Colonie orque;Orques;1;0;24;2;15;1;0.71;4;0.76;20;19;0;28;8;127;0;0;0.00;99;126;20;-13841.16;0
409;58;5;Colonie humaine;Humains;0;0;22;3;22;2;0.74;0;1.00;0;19;0;28;9;96;0;0;0.00;28;236;20;-16152.94;1
409;58;6;Colonie naine;Nains;0;0;12;0;6;1;0.64;8;1.00;0;19;0;0;6;40;0;0;0.00;3;75;20;-8968.06;0
409;59;1;Première colonie;Humains;0;0;14;2;2;1;0.58;10;1.00;10;19;0;0;5;66;0;0;0.00;21;62;20;-11336.74;0
409;59;2;Colonie naine;Nains;0;0;33;5;25;3;0.68;5;1.00;30;19;0;21;9;64;0;0;0.00;2117;168;20;-11492.52;1
409;59;3;Colonie elfe;Elfes;1;0;11;2;19;2;0.66;6;1.00;10;19;0;0;7;39;0;0;0.00;15;66;20;-11994.81;0
409;59;4;Colonie orque;Orques;1;0;20;2;15;1;0.74;0;0.73;20;19;0;28;8;133;0;0;0.00;16;109;20;-13978.27;0
409;59;5;Colonie humaine;Humains;0;0;27;2;22;2;0.72;3;1.00;0;19;0;28;9;96;0;0;0.00;3;181;20;-16411.58;1
409;59;6;Colonie naine;Nains;0;0;11;0;5;1;0.66;7;1.00;0;19;0;0;6;41;0;0;0.00;3;77;20;-9010.28;0
409;60;1;Première colonie;Humains;0;0;14;0;1;1;0.59;12;1.00;10;19;0;0;5;66;0;0;0.00;21;65;20;-11398.56;0
409;60;2;Colonie naine;Nains;0;0;33;4;25;3;0.71;5;1.00;30;19;0;21;10;64;0;0;0.00;2033;174;20;-11670.74;1
409;60;3;Colonie elfe;Elfes;1;0;11;3;19;2;0.69;5;1.00;10;19;0;0;7;40;0;0;0.00;3;47;20;-12072.66;0
409;60;4;Colonie orque;Orques;1;0;21;3;15;1;0.72;1;0.73;20;19;0;28;8;137;0;0;0.00;89;134;20;-14204.03;0
409;60;5;Colonie humaine;Humains;0;0;26;3;22;2;0.70;2;1.00;0;19;0;28;9;99;0;0;0.00;8;149;20;-16860.27;1
409;60;6;Colonie naine;Nains;0;0;11;0;5;1;0.68;7;1.00;0;19;0;0;6;41;0;0;0.00;7;78;20;-9198.30;0
409;61;1;Première colonie;Humains;0;0;11;0;1;1;0.60;11;1.00;10;19;0;0;5;69;0;0;0.00;21;62;20;-11635.23;0
409;61;2;Colonie naine;Nains;0;0;33;2;25;3;0.69;5;1.00;40;19;0;21;10;64;0;0;0.00;2145;209;20;-11929.90;1
409;61;3;Colonie elfe;Elfes;1;0;11;3;19;2;0.60;6;1.00;10;19;0;0;7;40;0;0;0.00;3;61;20;-12443.88;0
409;61;4;Colonie orque;Orques;1;0;24;5;15;1;0.67;4;0.73;20;19;0;28;8;138;0;0;0.00;44;134;20;-14326.81;0
409;61;5;Colonie humaine;Humains;0;0;27;5;22;2;0.72;3;1.00;0;19;0;28;9;102;0;0;0.00;8;172;20;-17298.55;1
409;61;6;Colonie naine;Nains;0;0;11;0;5;1;0.65;7;1.00;0;19;0;0;6;41;0;0;0.00;7;73;20;-9365.53;0
409;62;1;Première colonie;Humains;0;0;11;1;1;1;0.60;11;1.00;10;19;0;0;5;70;0;0;0.00;21;64;20;-11635.23;0
409;62;2;Colonie naine;Nains;0;0;31;2;25;3;0.69;4;1.00;40;19;0;21;10;66;0;0;0.00;2011;169;20;-12152.07;1
409;62;3;Colonie elfe;Elfes;1;0;11;3;19;2;0.68;5;1.00;10;19;0;0;7;40;0;0;0.00;78;64;20;-12565.10;0
409;62;4;Colonie orque;Orques;1;0;23;4;15;1;0.67;3;0.69;20;19;0;28;8;140;0;0;0.00;75;144;20;-14559.60;0
409;62;5;Colonie humaine;Humains;0;0;29;6;22;2;0.70;5;1.00;0;19;0;28;9;102;0;0;0.00;13;235;20;-17750.22;1
409;62;6;Colonie naine;Nains;0;0;10;0;5;1;0.70;6;1.00;0;19;0;0;6;42;0;0;0.00;7;63;20;-9408.94;0
409;63;1;Première colonie;Humains;0;0;11;1;1;1;0.58;11;1.00;10;19;0;0;5;70;0;0;0.00;17;54;20;-11635.23;0
409;63;2;Colonie naine;Nains;0;0;32;2;25;3;0.69;5;1.00;40;19;0;21;10;67;0;0;0.00;2040;162;20;-12322.79;1
409;63;3;Colonie elfe;Elfes;1;0;11;3;19;2;0.62;5;1.00;10;19;0;0;7;40;0;0;0.00;2;37;20;-12804.43;0
409;63;4;Colonie orque;Orques;1;0;24;2;15;1;0.68;3;0.69;20;19;0;28;8;141;0;0;0.00;140;134;20;-14784.88;0
409;63;5;Colonie humaine;Humains;0;0;30;6;22;2;0.69;6;1.00;0;19;0;28;9;102;0;0;0.00;13;148;20;-18180.59;1
409;63;6;Colonie naine;Nains;0;0;10;0;5;1;0.68;4;1.00;0;19;0;0;6;42;0;0;0.00;7;47;20;-9552.72;0
409;64;1;Première colonie;Humains;0;0;10;0;1;1;0.59;10;1.00;10;19;0;0;5;71;0;0;0.00;26;55;20;-11635.23;0
409;64;2;Colonie naine;Nains;0;0;31;1;26;4;0.69;0;1.00;40;19;0;21;10;69;0;0;0.00;2074;146;20;-12517.65;1
409;64;3;Colonie elfe;Elfes;1;0;11;2;19;2;0.62;5;1.00;10;19;0;0;7;40;0;0;0.00;14;46;20;-13021.29;0
409;64;4;Colonie orque;Orques;1;0;25;0;15;1;0.70;5;0.68;20;19;0;28;8;143;0;0;0.00;85;126;20;-15024.27;0
409;64;5;Colonie humaine;Humains;0;0;30;5;22;2;0.67;6;1.00;0;19;0;28;9;104;0;0;0.00;13;179;20;-18483.21;1
409;64;6;Colonie naine;Nains;0;0;11;0;5;1;0.67;7;1.00;0;19;0;0;6;43;0;0;0.00;7;55;20;-9662.96;0
409;65;1;Première colonie;Humains;0;0;7;0;1;1;0.52;7;1.00;10;19;0;0;5;74;0;0;0.00;18;24;20;-11635.23;0
409;65;2;Colonie naine;Nains;0;0;33;3;26;4;0.70;1;1.00;40;19;0;21;10;70;0;0;0.00;2074;173;20;-12591.56;1
409;65;3;Colonie elfe;Elfes;1;0;11;2;19;2;0.66;5;1.00;10;19;0;0;7;40;0;0;0.00;14;57;20;-13401.17;0
409;65;4;Colonie orque;Orques;1;0;24;0;15;1;0.71;4;0.70;20;19;0;28;8;147;0;0;0.00;85;107;20;-15226.21;0
409;65;5;Colonie humaine;Humains;0;0;27;4;22;2;0.69;3;1.00;0;19;0;28;9;108;0;0;0.00;13;128;20;-18944.56;1
409;65;6;Colonie naine;Nains;0;0;9;0;5;1;0.70;5;1.00;0;19;0;0;6;45;0;0;0.00;26;52;20;-9791.41;0
409;66;1;Première colonie;Humains;0;0;7;1;1;1;0.58;5;1.00;10;19;0;0;5;75;0;0;0.00;17;19;20;-11778.47;0
409;66;2;Colonie naine;Nains;0;0;33;3;26;4;0.70;1;1.00;40;19;0;21;10;71;0;0;0.00;2074;204;20;-12790.61;1
409;66;3;Colonie elfe;Elfes;1;0;11;2;19;2;0.66;5;1.00;10;19;0;0;7;40;0;0;0.00;1;60;20;-13464.13;0
409;66;4;Colonie orque;Orques;1;0;23;3;15;1;0.66;3;0.74;20;19;0;28;8;151;0;0;0.00;114;147;20;-15324.97;0
409;66;5;Colonie humaine;Humains;0;0;28;3;22;2;0.70;4;1.00;0;19;0;28;9;108;0;0;0.00;13;178;20;-19077.91;1
409;66;6;Colonie naine;Nains;0;0;8;0;5;1;0.67;4;1.00;0;19;0;0;6;46;0;0;0.00;41;52;20;-9855.91;0
409;67;1;Première colonie;Humains;0;0;6;1;1;1;0.61;4;1.00;10;19;0;0;5;76;0;0;0.00;37;47;20;-11979.00;0
409;67;2;Colonie naine;Nains;0;0;34;4;26;4;0.71;3;1.00;40;19;0;21;10;73;0;0;0.00;2014;142;20;-13040.53;1
409;67;3;Colonie elfe;Elfes;1;0;11;1;19;2;0.63;6;1.00;10;19;0;0;7;40;0;0;0.00;1;68;20;-13779.59;0
409;67;4;Colonie orque;Orques;1;0;25;8;15;1;0.68;5;0.69;20;19;0;28;8;154;0;0;0.00;201;132;20;-15492.50;0
409;67;5;Colonie humaine;Humains;0;0;29;2;22;2;0.72;5;1.00;0;19;0;28;9;108;0;0;0.00;13;197;20;-19416.28;1
409;67;6;Colonie naine;Nains;0;0;7;0;5;1;0.65;3;1.00;0;19;0;0;6;47;0;0;0.00;41;19;20;-9931.67;0
409;68;1;Première colonie;Humains;0;0;7;1;1;1;0.62;7;1.00;10;19;0;0;5;76;0;0;0.00;16;38;20;-12172.01;0
409;68;2;Colonie naine;Nains;0;0;34;5;26;4;0.66;3;1.00;40;19;0;21;10;75;0;0;0.00;1945;189;20;-13227.30;1
409;68;3;Colonie elfe;Elfes;1;0;10;1;19;2;0.65;4;1.00;10;19;0;0;7;41;0;0;0.00;4;49;20;-13973.65;0
409;68;4;Colonie orque;Orques;1;0;26;5;15;1;0.67;6;0.73;20;19;0;28;8;155;0;0;0.00;278;138;20;-15679.62;0
409;68;5;Colonie humaine;Humains;0;0;29;3;22;2;0.69;5;1.00;0;19;0;28;9;110;0;0;0.00;13;172;20;-19726.84;1
409;68;6;Colonie naine;Nains;0;0;7;0;5;1;0.65;3;1.00;0;19;0;0;6;47;0;0;0.00;24;44;20;-10109.25;0
409;69;1;Première colonie;Humains;0;0;8;1;1;1;0.58;8;1.00;10;19;0;0;5;76;0;0;0.00;32;48;20;-12172.01;0
409;69;2;Colonie naine;Nains;0;0;36;7;26;4;0.70;5;1.00;40;19;0;21;10;75;0;0;0.00;1855;183;20;-13227.30;1
409;69;3;Colonie elfe;Elfes;1;0;10;1;19;2;0.62;5;1.00;10;19;0;0;7;41;0;0;0.00;17;46;20;-14021.34;0
409;69;4;Colonie orque;Orques;1;0;23;2;15;1;0.66;3;0.72;20;19;0;28;8;158;0;0;0.00;221;108;20;-16029.76;0
409;69;5;Colonie humaine;Humains;0;0;30;6;22;2;0.69;6;1.00;0;19;0;28;9;112;0;0;0.00;13;149;20;-20040.64;1
409;69;6;Colonie naine;Nains;0;0;9;0;5;1;0.68;4;1.00;0;19;0;0;6;47;0;0;0.00;24;49;20;-10165.04;0
409;70;1;Première colonie;Humains;0;0;8;1;1;1;0.55;8;1.00;10;19;0;0;5;76;0;0;0.00;1;39;20;-12172.01;0
409;70;2;Colonie naine;Nains;0;0;35;7;26;4;0.69;4;1.00;40;19;0;21;10;77;0;0;0.00;1596;178;20;-13492.64;1
409;70;3;Colonie elfe;Elfes;1;0;10;1;19;2;0.67;4;1.00;10;19;0;0;7;41;0;0;0.00;276;52;20;-14080.89;0
409;70;4;Colonie orque;Orques;1;0;26;2;15;1;0.68;6;0.69;20;19;0;28;8;160;0;0;0.00;73;86;20;-16322.20;0
409;70;5;Colonie humaine;Humains;0;0;29;5;22;2;0.74;5;1.00;0;19;0;28;9;115;0;0;0.00;13;191;20;-20323.33;1
409;70;6;Colonie naine;Nains;0;0;8;0;5;1;0.68;2;1.00;0;19;0;0;6;48;0;0;0.00;17;54;20;-10402.05;0
409;71;1;Première colonie;Humains;0;0;6;1;1;1;0.59;6;1.00;10;19;0;0;5;78;0;0;0.00;17;36;20;-12172.01;0
409;71;2;Colonie naine;Nains;0;0;33;6;26;4;0.70;4;1.00;40;19;0;21;10;81;0;0;0.00;1509;189;20;-13787.32;1
409;71;3;Colonie elfe;Elfes;1;0;11;1;19;2;0.67;5;1.00;10;19;0;0;7;42;0;0;0.00;361;55;20;-14351.16;0
409;71;4;Colonie orque;Orques;1;0;24;1;15;1;0.69;4;0.71;20;19;0;28;8;163;0;0;0.00;209;130;20;-16522.81;0
409;71;5;Colonie humaine;Humains;0;0;29;5;22;2;0.68;5;1.00;0;19;0;28;9;117;0;0;0.00;13;197;20;-20604.32;1
409;71;6;Colonie naine;Nains;0;0;10;0;5;1;0.60;6;1.00;0;19;0;0;6;48;0;0;0.00;19;50;20;-10572.36;0
409;72;1;Première colonie;Humains;0;0;6;0;1;1;0.63;6;1.00;10;19;0;0;5;78;0;0;0.00;17;37;20;-12172.01;0
409;72;2;Colonie naine;Nains;0;0;34;8;26;4;0.70;5;1.00;40;19;0;21;10;82;0;0;0.00;1597;188;20;-13867.71;1
409;72;3;Colonie elfe;Elfes;1;0;11;0;19;2;0.58;5;1.00;10;19;0;0;7;42;0;0;0.00;271;59;20;-14537.51;0
409;72;4;Colonie orque;Orques;1;0;24;1;15;1;0.68;4;0.68;20;19;0;28;8;165;0;0;0.00;387;143;20;-16678.34;0
409;72;5;Colonie humaine;Humains;0;0;30;3;22;2;0.70;6;1.00;0;19;0;28;9;119;0;0;0.00;13;205;20;-20899.96;1
409;72;6;Colonie naine;Nains;0;0;9;0;5;1;0.68;5;1.00;0;19;0;0;6;49;0;0;0.00;30;59;20;-10760.04;0
409;73;1;Première colonie;Humains;0;0;4;0;1;1;0.61;4;1.00;10;19;0;0;5;80;0;0;0.00;111;27;20;-12172.01;0
409;73;2;Colonie naine;Nains;0;0;35;8;26;4;0.67;6;1.00;40;19;0;22;10;82;0;0;0.00;1811;121;20;-14032.61;1
409;73;3;Colonie elfe;Elfes;1;0;10;0;19;2;0.74;5;1.00;10;19;0;0;7;43;0;0;0.00;271;45;20;-14653.71;0
409;73;4;Colonie orque;Orques;1;0;23;5;15;1;0.68;3;0.70;20;19;0;28;8;170;0;0;0.00;70;121;20;-16984.56;0
409;73;5;Colonie humaine;Humains;0;0;32;5;22;2;0.70;8;1.00;0;19;0;28;9;119;0;0;0.00;13;181;20;-21003.40;1
409;73;6;Colonie naine;Nains;0;0;9;0;5;1;0.69;3;1.00;0;19;0;0;6;49;0;0;0.00;17;40;20;-10925.83;0
409;74;1;Première colonie;Humains;0;0;4;0;1;1;0.52;4;1.00;10;19;0;0;5;80;0;0;0.00;111;32;20;-12172.01;0
409;74;2;Colonie naine;Nains;0;0;36;8;27;4;0.70;6;1.00;40;19;0;22;10;82;0;0;0.00;1651;182;20;-14149.19;1
409;74;3;Colonie elfe;Elfes;1;0;10;0;19;2;0.66;5;1.00;10;19;0;0;7;43;0;0;0.00;189;41;20;-14760.74;0
409;74;4;Colonie orque;Orques;1;0;28;9;15;1;0.69;8;0.68;20;19;0;28;8;171;0;0;0.00;211;160;20;-17255.89;0
409;74;5;Colonie humaine;Humains;0;0;33;5;22;2;0.71;9;1.00;0;19;0;28;9;120;0;0;0.00;13;201;20;-21291.43;1
409;74;6;Colonie naine;Nains;0;0;9;0;5;1;0.69;5;1.00;0;19;0;0;6;49;0;0;0.00;17;52;20;-11070.16;0
409;75;1;Première colonie;Humains;0;0;5;0;1;1;0.65;5;1.00;10;19;0;0;5;81;0;0;0.00;131;29;20;-12286.19;0
409;75;2;Colonie naine;Nains;0;0;35;6;27;4;0.65;7;1.00;40;19;0;22;11;83;0;0;0.00;1790;180;20;-14354.10;1
409;75;3;Colonie elfe;Elfes;1;0;10;0;19;2;0.62;5;1.00;10;19;0;0;7;43;0;0;0.00;209;42;20;-14810.31;0
409;75;4;Colonie orque;Orques;1;0;29;6;16;2;0.65;5;0.69;20;19;0;28;8;171;0;0;0.00;138;129;20;-17387.79;0
409;75;5;Colonie humaine;Humains;0;0;35;6;22;2;0.70;11;1.00;0;19;0;28;9;120;0;0;0.00;13;202;20;-21425.07;1
409;75;6;Colonie naine;Nains;0;0;9;0;5;1;0.71;3;1.00;0;19;0;0;6;50;0;0;0.00;17;53;20;-11343.11;0
409;76;1;Première colonie;Humains;0;0;5;0;1;1;0.58;5;1.00;10;19;0;0;5;81;0;0;0.00;133;15;20;-12286.19;0
409;76;2;Colonie naine;Nains;0;0;34;4;27;4;0.69;5;1.00;40;19;0;22;11;84;0;0;0.00;1790;170;20;-14354.10;1
409;76;3;Colonie elfe;Elfes;1;0;10;0;19;2;0.66;5;1.00;10;19;0;0;7;43;0;0;0.00;209;41;20;-14850.47;0
409;76;4;Colonie orque;Orques;1;0;28;1;17;2;0.68;4;0.71;20;19;0;28;9;172;0;0;0.00;136;147;20;-17606.58;0
409;76;5;Colonie humaine;Humains;0;0;35;7;22;2;0.75;11;1.00;0;19;0;28;9;123;0;0;0.00;13;195;20;-21803.22;1
409;76;6;Colonie naine;Nains;0;0;10;0;4;1;0.68;6;1.00;0;19;0;0;6;50;0;0;0.00;17;68;20;-11420.66;0
409;77;1;Première colonie;Humains;0;0;5;0;1;1;0.56;5;1.00;10;19;0;0;5;81;0;0;0.00;133;18;20;-12286.19;0
409;77;2;Colonie naine;Nains;0;0;33;3;27;4;0.70;5;1.00;50;19;0;22;11;85;0;0;0.00;1748;160;20;-14625.93;1
409;77;3;Colonie elfe;Elfes;1;0;10;0;19;2;0.65;5;1.00;10;19;0;0;7;43;0;0;0.00;194;48;20;-15046.27;0
409;77;4;Colonie orque;Orques;1;0;28;2;20;2;0.70;4;0.74;20;19;0;28;9;174;0;0;0.00;151;155;20;-17794.18;0
409;77;5;Colonie humaine;Humains;0;0;35;6;22;2;0.67;11;1.00;0;19;0;28;9;124;0;0;0.00;13;179;20;-21961.94;1
409;77;6;Colonie naine;Nains;0;0;8;0;4;1;0.70;4;1.00;0;19;0;0;6;52;0;0;0.00;31;38;20;-11571.22;0
409;78;1;Première colonie;Humains;0;0;5;0;1;1;0.65;5;1.00;10;19;0;0;5;82;0;0;0.00;133;37;20;-12286.19;0
409;78;2;Colonie naine;Nains;0;0;32;4;27;4;0.68;4;1.00;50;19;0;22;11;88;0;0;0.00;1737;176;20;-14801.38;1
409;78;3;Colonie elfe;Elfes;1;0;9;0;19;2;0.66;4;1.00;10;19;0;0;7;44;0;0;0.00;196;52;20;-15226.38;0
409;78;4;Colonie orque;Orques;1;0;27;4;22;2;0.68;4;0.70;20;19;0;28;9;178;0;0;0.00;204;109;20;-18158.82;0
409;78;5;Colonie humaine;Humains;0;0;35;5;22;2;0.71;11;1.00;0;19;0;28;9;125;0;0;0.00;18;217;20;-22265.78;1
409;78;6;Colonie naine;Nains;0;0;9;0;4;1;0.69;4;1.00;0;19;0;0;6;52;0;0;0.00;5;47;20;-11736.77;0
409;79;1;Première colonie;Humains;0;0;5;0;1;1;0.61;5;1.00;10;19;0;0;5;82;0;0;0.00;133;31;20;-12286.19;0
409;79;2;Colonie naine;Nains;0;0;34;3;27;4;0.68;9;1.00;50;19;0;22;11;88;0;0;0.00;1793;183;20;-14878.81;1
409;79;3;Colonie elfe;Elfes;1;0;9;0;19;2;0.60;4;1.00;10;19;0;0;7;45;0;0;0.00;77;36;20;-15402.45;0
409;79;4;Colonie orque;Orques;1;0;27;4;22;2;0.70;5;0.72;20;19;0;28;9;183;0;0;0.00;184;124;20;-18477.67;0
409;79;5;Colonie humaine;Humains;0;0;35;3;22;2;0.69;11;1.00;0;19;0;28;9;126;0;0;0.00;18;222;20;-22543.07;1
409;79;6;Colonie naine;Nains;0;0;10;0;4;1;0.70;6;1.00;0;19;0;0;6;52;0;0;0.00;21;61;20;-11914.17;0
409;80;1;Première colonie;Humains;0;0;6;1;1;1;0.58;6;1.00;10;19;0;0;5;82;0;0;0.00;133;26;20;-12286.19;0
409;80;2;Colonie naine;Nains;0;0;35;3;27;4;0.66;11;1.00;50;19;0;22;11;88;0;0;0.00;1772;178;20;-15166.56;1
409;80;3;Colonie elfe;Elfes;1;0;9;0;19;2;0.64;4;1.00;10;19;0;0;7;45;0;0;0.00;128;57;20;-15503.09;0
409;80;4;Colonie orque;Orques;1;0;29;3;22;2;0.69;7;0.71;20;19;0;28;9;185;0;0;0.00;262;187;20;-18706.08;0
409;80;5;Colonie humaine;Humains;0;0;30;2;22;2;0.68;6;1.00;0;19;0;28;9;131;0;0;0.00;3;153;20;-22968.08;1
409;80;6;Colonie naine;Nains;0;0;10;0;4;1;0.66;6;1.00;0;19;0;0;6;52;0;0;0.00;21;54;20;-12150.62;0
409;81;1;Première colonie;Humains;0;0;5;1;1;1;0.58;5;1.00;10;19;0;0;5;83;0;0;0.00;62;22;20;-12286.19;0
409;81;2;Colonie naine;Nains;0;0;35;3;27;4;0.63;11;1.00;50;19;0;22;11;88;0;0;0.00;1797;178;20;-15200.36;1
409;81;3;Colonie elfe;Elfes;1;0;11;1;19;2;0.64;5;1.00;10;19;0;0;7;45;0;0;0.00;143;52;20;-15613.05;0
409;81;4;Colonie orque;Orques;1;0;26;1;22;2;0.69;6;0.74;20;19;0;28;9;188;0;0;0.00;282;135;20;-18953.00;0
409;81;5;Colonie humaine;Humains;0;0;29;2;22;2;0.69;5;1.00;0;19;0;28;9;133;0;0;0.00;3;157;20;-23410.48;1
409;81;6;Colonie naine;Nains;0;0;10;0;4;1;0.71;6;1.00;0;19;0;0;6;52;0;0;0.00;21;65;20;-12185.81;0
409;82;1;Première colonie;Humains;0;0;5;1;1;1;0.55;5;1.00;10;19;0;0;5;83;0;0;0.00;103;21;20;-12286.19;0
409;82;2;Colonie naine;Nains;0;0;34;3;28;4;0.71;10;1.00;50;19;0;22;11;89;0;0;0.00;1769;196;20;-15318.67;1
409;82;3;Colonie elfe;Elfes;1;0;11;1;19;2;0.64;4;1.00;10;19;0;0;7;45;0;0;0.00;77;48;20;-15715.56;0
409;82;4;Colonie orque;Orques;1;0;30;4;24;3;0.73;4;0.73;20;19;0;28;9;189;0;0;0.00;338;150;20;-19106.95;0
409;82;5;Colonie humaine;Humains;0;0;30;4;22;2;0.68;6;1.00;0;19;0;28;9;135;0;0;0.00;8;160;20;-23872.18;1
409;82;6;Colonie naine;Nains;0;0;10;0;4;1;0.67;5;1.00;0;19;0;0;6;52;0;0;0.00;21;43;20;-12339.83;0
409;83;1;Première colonie;Humains;0;0;5;0;1;1;0.62;5;1.00;10;19;0;0;5;84;0;0;0.00;103;32;20;-12286.19;0
409;83;2;Colonie naine;Nains;0;0;32;3;28;4;0.67;10;1.00;50;19;0;22;11;91;0;0;0.00;1752;181;20;-15486.71;1
409;83;3;Colonie elfe;Elfes;1;0;13;1;19;2;0.63;8;1.00;10;19;0;0;7;45;0;0;0.00;64;73;20;-16057.29;0
409;83;4;Colonie orque;Orques;1;0;31;4;24;3;0.65;6;0.70;20;19;0;28;10;190;0;0;0.00;393;220;20;-19338.00;0
409;83;5;Colonie humaine;Humains;0;0;30;5;22;2;0.67;6;1.00;0;19;0;28;9;136;0;0;0.00;8;148;20;-24331.43;1
409;83;6;Colonie naine;Nains;0;0;8;0;4;1;0.71;4;1.00;0;19;0;0;6;54;0;0;0.00;34;55;20;-12547.42;0
409;84;1;Première colonie;Humains;0;0;5;0;1;1;0.65;5;1.00;10;19;0;0;5;84;0;0;0.00;103;32;20;-12286.19;0
409;84;2;Colonie naine;Nains;0;0;32;2;28;4;0.70;9;1.00;50;19;0;22;11;92;0;0;0.00;1632;175;20;-15669.78;1
409;84;3;Colonie elfe;Elfes;1;0;13;1;19;2;0.63;7;1.00;10;19;0;0;7;45;0;0;0.00;62;55;20;-16126.46;0
409;84;4;Colonie orque;Orques;1;0;30;1;25;3;0.72;5;0.77;20;19;0;28;10;191;0;0;0.00;485;172;20;-19519.22;0
409;84;5;Colonie humaine;Humains;0;0;29;5;22;2;0.66;5;1.00;0;19;0;28;9;138;0;0;0.00;8;169;20;-24672.83;1
409;84;6;Colonie naine;Nains;0;0;8;0;4;1;0.69;4;1.00;0;19;0;0;6;54;0;0;0.00;34;49;20;-12689.75;0
409;85;1;Première colonie;Humains;0;0;3;0;1;1;0.61;3;1.00;10;19;0;0;5;86;0;0;0.00;100;32;20;-12286.19;0
409;85;2;Colonie naine;Nains;0;0;31;3;28;4;0.69;9;1.00;50;19;0;22;11;94;0;0;0.00;1617;187;20;-15897.82;1
409;85;3;Colonie elfe;Elfes;1;0;12;1;19;2;0.64;8;1.00;10;19;0;0;7;46;0;0;0.00;19;67;20;-16249.89;0
409;85;4;Colonie orque;Orques;1;0;24;0;26;3;0.73;0;0.77;20;19;0;28;10;197;0;0;0.00;531;100;20;-19717.18;0
409;85;5;Colonie humaine;Humains;0;0;30;4;22;2;0.71;6;1.00;0;19;0;28;9;139;0;0;0.00;8;190;20;-25072.98;1
409;85;6;Colonie naine;Nains;0;0;8;0;4;1;0.66;4;1.00;0;19;0;0;6;54;0;0;0.00;34;57;20;-12892.42;0
409;86;1;Première colonie;Humains;0;0;5;0;1;1;0.60;5;1.00;10;19;0;0;5;86;0;0;0.00;100;29;20;-12286.19;0
409;86;2;Colonie naine;Nains;0;0;29;2;28;4;0.68;7;1.00;50;19;0;22;11;96;0;0;0.00;1677;178;20;-15963.78;1
409;86;3;Colonie elfe;Elfes;1;0;12;1;19;2;0.65;6;1.00;10;19;0;0;7;46;0;0;0.00;19;54;20;-16597.99;0
409;86;4;Colonie orque;Orques;1;0;19;1;26;3;0.72;0;0.80;20;19;0;28;10;204;0;0;0.00;498;102;20;-19970.15;0
409;86;5;Colonie humaine;Humains;0;0;29;4;22;2;0.71;5;1.00;0;19;0;28;9;141;0;0;0.00;8;172;20;-25529.29;1
409;86;6;Colonie naine;Nains;0;0;9;0;4;1;0.68;5;1.00;0;19;0;0;6;54;0;0;0.00;34;55;20;-12961.89;0
409;87;1;Première colonie;Humains;0;0;5;0;1;1;0.54;5;1.00;10;19;0;0;5;86;0;0;0.00;160;20;20;-12286.19;0
409;87;2;Colonie naine;Nains;0;0;28;2;28;4;0.71;6;1.00;50;19;0;22;11;97;0;0;0.00;1617;156;20;-16158.15;1
409;87;3;Colonie elfe;Elfes;1;0;12;1;18;2;0.64;6;1.00;10;19;0;0;7;46;0;0;0.00;16;54;20;-16676.48;0
409;87;4;Colonie orque;Orques;1;0;21;2;26;3;0.71;0;0.77;20;19;0;28;10;206;0;0;0.00;489;123;20;-20134.94;0
409;87;5;Colonie humaine;Humains;0;0;29;5;22;2;0.64;5;1.00;0;19;0;28;9;143;0;0;0.00;8;162;20;-25996.42;1
409;87;6;Colonie naine;Nains;0;0;11;0;4;1;0.65;7;1.00;0;19;0;0;6;54;0;0;0.00;46;65;20;-13111.06;0
409;88;1;Première colonie;Humains;0;0;5;0;1;1;0.56;5;1.00;10;19;0;0;5;86;0;0;0.00;160;38;20;-12286.19;0
409;88;2;Colonie naine;Nains;0;0;27;2;28;4;0.69;5;1.00;50;19;0;23;11;98;0;0;0.00;1617;141;20;-16356.12;1
409;88;3;Colonie elfe;Elfes;1;0;10;2;18;2;0.59;4;1.00;10;19;0;0;7;49;0;0;0.00;105;51;20;-17035.29;0
409;88;4;Colonie orque;Orques;1;0;22;2;26;3;0.67;1;0.77;20;19;0;28;10;208;0;0;0.00;391;127;20;-20562.04;0
409;88;5;Colonie humaine;Humains;0;0;29;3;22;2;0.70;5;1.00;0;19;0;28;9;143;0;0;0.00;14;197;20;-26304.14;1
409;88;6;Colonie naine;Nains;0;0;11;0;4;1;0.70;5;1.00;0;19;0;0;6;54;0;0;0.00;2;66;20;-13286.08;0
409;89;1;Première colonie;Humains;0;0;4;0;1;1;0.41;4;1.00;10;19;0;0;5;87;0;0;0.00;160;22;20;-12286.19;0
409;89;2;Colonie naine;Nains;0;0;28;3;28;4;0.70;6;1.00;50;19;0;23;11;100;0;0;0.00;1663;142;20;-16568.75;1
409;89;3;Colonie elfe;Elfes;1;0;11;3;18;2;0.65;5;1.00;10;19;0;0;7;49;0;0;0.00;38;51;20;-17295.17;0
409;89;4;Colonie orque;Orques;1;0;25;5;26;3;0.70;4;0.80;20;19;0;28;10;210;0;0;0.00;342;124;20;-20924.23;0
409;89;5;Colonie humaine;Humains;0;0;28;4;22;2;0.68;4;1.00;0;19;0;28;9;146;0;0;0.00;14;175;20;-26596.02;1
409;89;6;Colonie naine;Nains;0;0;9;0;4;1;0.70;3;1.00;0;19;0;0;6;56;0;0;0.00;72;52;20;-13379.90;0
409;90;1;Première colonie;Humains;0;0;6;0;1;1;0.61;4;1.00;10;19;0;0;5;87;0;0;0.00;160;23;20;-12356.80;0
409;90;2;Colonie naine;Nains;0;0;28;3;28;4;0.67;6;1.00;50;19;0;23;11;101;0;0;0.00;1603;139;20;-16937.05;1
409;90;3;Colonie elfe;Elfes;1;0;11;3;18;2;0.63;7;1.00;10;19;0;0;7;49;0;0;0.00;66;59;20;-17511.30;0
409;90;4;Colonie orque;Orques;1;0;26;5;26;3;0.69;5;0.76;20;19;0;28;10;213;0;0;0.00;396;165;20;-21118.57;0
409;90;5;Colonie humaine;Humains;0;0;30;4;22;2;0.67;6;1.00;0;19;0;28;9;147;0;0;0.00;14;215;20;-26726.15;1
409;90;6;Colonie naine;Nains;0;0;9;0;4;1;0.68;5;1.00;0;19;0;0;6;56;0;0;0.00;51;63;20;-13590.20;0
409;91;1;Première colonie;Humains;0;0;8;1;0;1;0.68;6;1.00;10;19;0;0;5;87;0;0;0.00;215;32;20;-12504.15;0
409;91;2;Colonie naine;Nains;0;0;27;4;28;4;0.68;6;1.00;50;19;0;23;11;104;0;0;0.00;1630;160;20;-17126.04;1
409;91;3;Colonie elfe;Elfes;1;0;11;3;18;2;0.62;7;1.00;10;19;0;0;7;49;0;0;0.00;51;65;20;-17696.98;0
409;91;4;Colonie orque;Orques;1;0;24;4;26;3;0.69;3;0.76;20;19;0;28;10;216;0;0;0.00;299;142;20;-21160.05;0
409;91;5;Colonie humaine;Humains;0;0;31;5;22;2;0.68;7;1.00;0;19;0;28;9;147;0;0;0.00;14;181;20;-26897.37;1
409;91;6;Colonie naine;Nains;0;0;8;0;4;1;0.68;2;1.00;0;19;0;0;6;57;0;0;0.00;35;39;20;-13626.24;0
409;92;1;Première colonie;Humains;0;0;7;1;1;1;0.63;7;1.00;10;19;0;0;5;88;0;0;0.00;215;40;20;-12640.47;0
409;92;2;Colonie naine;Nains;0;0;27;4;28;4;0.69;6;1.00;50;19;0;23;11;104;0;0;0.00;1630;148;20;-17398.03;1
409;92;3;Colonie elfe;Elfes;1;0;11;3;18;2;0.61;5;1.00;10;19;0;0;7;49;0;0;0.00;20;42;20;-17797.44;0
409;92;4;Colonie orque;Orques;1;0;25;0;26;3;0.72;4;0.79;20;19;0;28;10;218;0;0;0.00;294;139;20;-21532.41;0
409;92;5;Colonie humaine;Humains;0;0;30;4;22;2;0.72;6;1.00;0;19;0;28;9;149;0;0;0.00;14;226;20;-27202.76;1
409;92;6;Colonie naine;Nains;0;0;8;0;4;1;0.68;3;1.00;0;19;0;0;6;59;0;0;0.00;35;37;20;-13911.03;0
409;93;1;Première colonie;Humains;0;0;6;1;1;1;0.54;6;1.00;10;19;0;0;5;89;0;0;0.00;223;26;20;-12640.47;0
409;93;2;Colonie naine;Nains;0;0;26;4;28;4;0.69;5;1.00;50;19;0;23;11;106;0;0;0.00;1674;143;20;-17477.97;1
409;93;3;Colonie elfe;Elfes;1;0;11;2;17;2;0.62;7;1.00;10;19;0;0;7;49;0;0;0.00;3;53;20;-18073.32;0
409;93;4;Colonie orque;Orques;1;0;25;2;26;3;0.67;4;0.74;20;19;0;28;10;221;0;0;0.00;312;123;20;-21655.73;0
409;93;5;Colonie humaine;Humains;0;0;29;3;22;2;0.74;5;1.00;0;19;0;28;9;151;0;0;0.00;14;189;20;-27523.15;1
409;93;6;Colonie naine;Nains;0;0;10;0;4;1;0.68;4;1.00;0;19;0;0;6;60;0;0;0.00;5;50;20;-14127.30;0
409;94;1;Première colonie;Humains;0;0;4;0;1;1;0.65;4;1.00;10;19;0;0;5;91;0;0;0.00;243;20;20;-12640.47;0
409;94;2;Colonie naine;Nains;0;0;26;5;28;4;0.69;5;1.00;50;19;0;23;11;108;0;0;0.00;1677;148;20;-17696.23;1
409;94;3;Colonie elfe;Elfes;1;0;11;2;17;2;0.71;5;1.00;10;19;0;0;7;49;0;0;0.00;3;41;20;-18249.04;0
409;94;4;Colonie orque;Orques;1;0;24;4;26;3;0.73;3;0.77;20;19;0;28;10;226;0;0;0.00;280;125;20;-21997.78;0
409;94;5;Colonie humaine;Humains;0;0;29;3;22;2;0.66;5;1.00;0;19;0;28;9;152;0;0;0.00;19;182;20;-27817.16;1
409;94;6;Colonie naine;Nains;0;0;8;0;4;1;0.69;4;1.00;0;19;0;0;6;62;0;0;0.00;4;53;20;-14281.17;0
409;95;1;Première colonie;Humains;0;0;3;0;1;1;0.54;3;1.00;10;19;0;0;5;92;0;0;0.00;243;21;20;-12640.47;0
409;95;2;Colonie naine;Nains;0;0;28;6;28;4;0.68;6;1.00;50;19;0;23;11;108;0;0;0.00;1683;169;20;-17992.10;1
409;95;3;Colonie elfe;Elfes;1;0;11;2;17;2;0.63;7;1.00;10;19;0;0;7;49;0;0;0.00;7;46;20;-18377.51;0
409;95;4;Colonie orque;Orques;1;0;25;5;26;3;0.69;5;0.76;20;19;0;28;10;229;0;0;0.00;280;140;20;-22054.89;0
409;95;5;Colonie humaine;Humains;0;0;29;3;22;2;0.70;5;1.00;0;19;0;28;9;155;0;0;0.00;19;181;20;-27921.53;1
409;95;6;Colonie naine;Nains;0;0;9;1;4;1;0.62;5;1.00;0;19;0;0;6;62;0;0;0.00;4;62;20;-14437.05;0
409;96;1;Première colonie;Humains;0;0;4;0;1;1;0.59;4;1.00;10;19;0;0;5;92;0;0;0.00;243;16;20;-12640.47;0
409;96;2;Colonie naine;Nains;0;0;28;5;28;4;0.67;7;1.00;50;19;0;23;11;108;0;0;0.00;1683;145;20;-18195.68;1
409;96;3;Colonie elfe;Elfes;1;0;11;2;17;2;0.69;7;1.00;10;19;0;0;7;49;0;0;0.00;11;48;20;-18555.65;0
409;96;4;Colonie orque;Orques;1;0;26;4;26;3;0.71;6;0.73;20;19;0;28;10;229;0;0;0.00;260;149;20;-22291.29;0
409;96;5;Colonie humaine;Humains;0;0;28;5;22;2;0.70;4;1.00;0;19;0;28;9;159;0;0;0.00;19;170;20;-28148.34;1
409;96;6;Colonie naine;Nains;0;0;9;1;4;1;0.72;5;1.00;0;19;0;0;6;62;0;0;0.00;4;56;20;-14603.01;0
409;97;1;Première colonie;Humains;0;0;4;0;1;1;0.63;4;1.00;10;19;0;0;5;92;0;0;0.00;283;42;20;-12640.47;0
409;97;2;Colonie naine;Nains;0;0;28;3;28;4;0.69;7;1.00;50;19;0;23;11;108;0;0;0.00;1623;186;20;-18352.80;1
409;97;3;Colonie elfe;Elfes;1;0;11;3;17;2;0.66;5;1.00;10;19;0;0;7;50;0;0;0.00;11;49;20;-18616.69;0
409;97;4;Colonie orque;Orques;1;0;27;2;26;3;0.72;7;0.73;20;19;0;28;10;229;0;0;0.00;269;198;20;-22461.64;0
409;97;5;Colonie humaine;Humains;0;0;31;7;22;2;0.68;7;1.00;0;19;0;28;9;160;0;0;0.00;19;247;20;-28393.42;1
409;97;6;Colonie naine;Nains;0;0;9;1;4;1;0.72;4;1.00;0;19;0;0;6;62;0;0;0.00;42;48;20;-14712.64;0
409;98;1;Première colonie;Humains;0;0;2;0;1;1;0.63;2;1.00;10;19;0;0;5;94;0;0;0.00;283;48;20;-12640.47;0
409;98;2;Colonie naine;Nains;0;0;27;3;28;4;0.68;5;1.00;60;19;0;23;11;109;0;0;0.00;1599;148;20;-18478.09;1
409;98;3;Colonie elfe;Elfes;1;0;11;3;17;2;0.65;7;1.00;10;19;0;0;7;50;0;0;0.00;0;47;20;-19031.82;0
409;98;4;Colonie orque;Orques;1;0;23;1;26;3;0.66;3;0.72;20;19;0;28;10;234;0;0;0.00;225;149;20;-22811.12;0
409;98;5;Colonie humaine;Humains;0;0;33;9;22;2;0.71;9;1.00;0;19;0;28;9;161;0;0;0.00;7;153;20;-28555.99;1
409;98;6;Colonie naine;Nains;0;0;12;2;4;1;0.64;8;1.00;0;19;0;0;6;62;0;0;0.00;11;70;20;-15017.21;0
409;99;1;Première colonie;Humains;0;0;3;1;1;1;0.56;3;1.00;10;19;0;0;5;94;0;0;0.00;255;31;20;-12640.47;0
409;99;2;Colonie naine;Nains;0;0;27;3;28;4;0.72;5;1.00;60;19;0;23;11;109;0;0;0.00;1581;155;20;-18565.45;1
409;99;3;Colonie elfe;Elfes;1;0;11;3;17;2;0.66;5;1.00;10;19;0;0;7;50;0;0;0.00;1;40;20;-19269.17;0
409;99;4;Colonie orque;Orques;1;0;26;3;26;3;0.68;6;0.73;20;19;0;28;10;235;0;0;0.00;252;151;20;-23005.12;0
409;99;5;Colonie humaine;Humains;0;0;34;7;22;2;0.70;10;1.00;0;19;0;28;9;161;0;0;0.00;7;196;20;-28963.29;1
409;99;6;Colonie naine;Nains;0;0;12;2;4;1;0.67;8;1.00;0;19;0;0;6;62;0;0;0.00;10;70;20;-15050.53;0
409;100;1;Première colonie;Humains;0;0;4;1;1;1;0.53;4;1.00;10;19;0;0;5;94;0;0;0.00;255;26;20;-12640.47;0
409;100;2;Colonie naine;Nains;0;0;27;2;28;4;0.68;5;1.00;60;19;0;23;11;109;0;0;0.00;1581;148;20;-18766.85;1
409;100;3;Colonie elfe;Elfes;1;0;10;2;17;2;0.65;6;1.00;10;19;0;0;7;51;0;0;0.00;19;45;20;-19462.42;0
409;100;4;Colonie orque;Orques;1;0;24;4;26;3;0.72;4;0.73;20;19;0;28;10;240;0;0;0.00;239;150;20;-23233.32;0
409;100;5;Colonie humaine;Humains;0;0;34;5;22;2;0.70;10;1.00;0;19;0;28;9;162;0;0;0.00;7;174;20;-29257.88;1
409;100;6;Colonie naine;Nains;0;0;11;2;4;1;0.64;7;1.00;0;19;0;0;6;63;0;0;0.00;10;69;20;-15203.60;0
410;1;1;Première colonie;Humains;0;0;14;2;8;1;0.66;0;1.00;0;5;0;0;3;0;0;0;0.00;350;61;8;-244.60;0
410;1;2;Colonie naine;Nains;0;0;12;1;7;1;0.71;0;1.00;0;5;0;0;3;1;0;0;0.00;340;80;7;-188.07;0
410;1;3;Colonie elfe;Elfes;0;0;14;0;7;1;0.69;0;1.00;0;7;0;0;3;0;0;0;0.00;278;44;2;-136.13;0
410;1;4;Colonie orque;Orques;0;0;14;0;7;1;0.69;0;1.00;0;5;0;0;3;0;0;0;0.00;593;88;6;-101.13;0
410;1;5;Colonie humaine;Humains;0;0;15;1;6;1;0.68;0;1.00;0;5;0;0;3;0;0;0;0.00;400;54;5;-99.52;0
410;1;6;Colonie naine;Nains;0;0;13;0;3;1;0.67;1;1.00;0;5;0;0;3;0;0;0;0.00;439;67;4;-96.67;0
410;2;1;Première colonie;Humains;0;0;15;4;9;1;0.66;0;1.00;0;6;0;0;3;1;0;0;0.00;457;60;12;-244.60;0
410;2;2;Colonie naine;Nains;0;0;15;3;11;1;0.67;0;1.00;0;6;0;0;3;1;0;0;0.00;242;79;10;-345.83;0
410;2;3;Colonie elfe;Elfes;0;0;17;1;9;1;0.66;1;1.00;0;8;0;0;4;0;0;0;0.00;296;47;5;-243.33;0
410;2;4;Colonie orque;Orques;0;0;15;1;11;1;0.61;0;1.00;0;6;0;0;3;0;0;0;0.00;703;7;10;-248.65;0
410;2;5;Colonie humaine;Humains;0;0;17;3;9;1;0.70;0;1.00;0;6;0;0;5;0;0;0;0.00;350;85;7;-131.26;0
410;2;6;Colonie naine;Nains;0;0;18;2;7;1;0.65;2;1.00;0;6;0;0;4;0;0;0;0.00;275;98;8;-247.73;0
410;3;1;Première colonie;Humains;0;0;17;6;10;1;0.68;1;1.00;0;7;0;0;4;1;0;0;0.00;341;101;17;-440.10;0
410;3;2;Colonie naine;Nains;0;0;17;3;19;1;0.71;0;1.00;0;7;0;0;3;1;0;0;0.00;421;67;17;-651.38;0
410;3;3;Colonie elfe;Elfes;0;0;18;1;12;1;0.69;0;1.00;0;9;0;0;4;0;0;0;0.00;412;91;8;-550.39;0
410;3;4;Colonie orque;Orques;0;0;7;1;11;1;0.04;0;1.00;0;7;0;0;8;4;0;0;0.00;822;0;12;-248.65;1
410;3;5;Colonie humaine;Humains;0;0;17;3;12;1;0.59;0;1.00;0;7;0;0;6;1;0;0;0.00;239;6;12;-492.72;0
410;3;6;Colonie naine;Nains;0;0;19;3;11;1;0.68;0;1.00;0;7;0;0;5;0;0;0;0.00;80;87;14;-296.06;0
410;4;1;Première colonie;Humains;0;0;21;5;11;1;0.69;1;1.00;0;8;0;0;4;1;0;0;0.00;163;121;20;-738.44;0
410;4;2;Colonie naine;Nains;0;0;22;4;19;1;0.69;2;1.00;0;8;0;1;3;1;0;0;0.00;48;106;20;-822.47;0
410;4;3;Colonie elfe;Elfes;0;0;19;2;12;1;0.71;0;1.00;0;10;0;0;4;0;0;0;0.00;602;93;16;-797.85;0
410;4;4;Colonie orque;Orques;0;0;4;0;11;1;0.67;0;1.00;0;8;0;0;8;7;0;0;0.00;1097;24;16;-248.65;1
410;4;5;Colonie humaine;Humains;0;0;2;2;12;1;0.16;0;1.00;0;8;0;0;7;14;0;0;0.00;239;0;13;-492.72;1
410;4;6;Colonie naine;Nains;0;0;19;3;10;1;0.68;0;1.00;0;8;0;0;5;0;0;0;0.00;80;125;17;-451.09;0
410;5;1;Première colonie;Humains;0;0;22;4;12;1;0.69;1;1.00;0;10;0;0;4;1;0;0;0.00;146;130;20;-878.25;0
410;5;2;Colonie naine;Nains;0;0;23;5;19;1;0.69;3;1.00;0;10;0;3;3;1;0;0;0.00;128;98;20;-1134.74;0
410;5;3;Colonie elfe;Elfes;0;0;19;2;12;1;0.74;0;1.00;0;11;0;0;4;0;0;0;0.00;580;118;20;-1151.01;0
410;5;4;Colonie orque;Orques;0;0;3;0;12;1;0.66;0;1.00;0;9;0;0;8;8;0;0;0.00;1157;14;18;-248.65;1
410;5;5;Colonie humaine;Humains;0;0;1;1;12;1;0.11;0;1.00;0;8;0;0;7;15;0;0;0.00;239;0;13;-492.72;1
410;5;6;Colonie naine;Nains;0;0;21;3;11;1;0.61;0;1.00;0;10;0;0;5;1;0;0;0.00;21;87;20;-569.82;0
410;6;1;Première colonie;Humains;0;0;24;2;12;1;0.67;4;1.00;0;11;0;0;5;1;0;0;0.00;85;131;20;-1161.58;0
410;6;2;Colonie naine;Nains;0;0;24;6;21;1;0.70;0;1.00;0;11;0;3;3;1;0;0;0.00;6;123;20;-1400.23;0
410;6;3;Colonie elfe;Elfes;0;0;20;2;12;1;0.67;0;1.00;0;12;0;0;4;1;0;0;0.00;450;107;20;-1464.76;0
410;6;4;Colonie orque;Orques;0;0;5;0;12;1;0.66;0;1.00;0;9;0;0;8;8;0;0;0.00;1057;36;20;-248.65;1
410;6;5;Colonie humaine;Humains;0;0;1;0;12;1;0.46;0;1.00;0;10;0;0;7;15;0;0;0.00;479;3;19;-492.72;1
410;6;6;Colonie naine;Nains;0;0;24;6;11;1;0.67;0;1.00;0;11;0;0;5;1;0;0;0.00;68;115;20;-751.56;0
410;7;1;Première colonie;Humains;0;0;23;2;19;1;0.69;0;1.00;0;13;0;0;5;3;0;0;0.00;269;95;20;-1330.00;0
410;7;2;Colonie naine;Nains;0;0;26;6;25;1;0.70;0;1.00;0;12;0;3;4;1;0;0;0.00;18;114;20;-1548.10;0
410;7;3;Colonie elfe;Elfes;0;0;26;3;20;1;0.77;0;1.00;0;13;0;0;4;1;0;0;0.00;329;143;20;-1718.97;0
410;7;4;Colonie orque;Orques;0;0;9;2;13;1;0.68;0;1.00;0;11;0;0;8;8;0;0;0.00;795;43;20;-321.20;1
410;7;5;Colonie humaine;Humains;0;0;1;0;12;1;0.58;0;1.00;0;10;0;0;7;15;0;0;0.00;710;4;20;-492.72;1
410;7;6;Colonie naine;Nains;0;0;26;6;11;1;0.66;2;1.00;0;12;0;0;5;2;0;0;0.00;48;93;20;-988.18;0
410;8;1;Première colonie;Humains;0;0;24;2;22;1;0.75;0;1.00;0;13;0;0;6;3;0;0;0.00;243;126;20;-1490.60;0
410;8;2;Colonie naine;Nains;0;0;31;6;27;1;0.75;0;1.00;0;13;0;3;5;1;0;0;0.00;13;152;20;-1814.90;0
410;8;3;Colonie elfe;Elfes;0;0;27;4;21;1;0.74;0;1.00;0;13;0;2;5;1;0;0;0.00;232;152;20;-1938.14;0
410;8;4;Colonie orque;Orques;0;0;7;1;15;1;0.69;0;1.00;0;12;0;2;8;10;0;0;0.00;890;36;20;-535.57;1
410;8;5;Colonie humaine;Humains;0;0;1;0;12;1;0.62;0;1.00;0;11;0;0;7;15;0;0;0.00;710;6;20;-492.72;1
410;8;6;Colonie naine;Nains;0;0;27;6;14;1;0.64;0;1.00;0;13;0;0;5;2;0;0;0.00;18;143;20;-1265.61;0
410;9;1;Première colonie;Humains;0;0;24;2;24;1;0.73;0;1.00;0;14;0;0;6;4;0;0;0.00;39;108;20;-1629.22;0
410;9;2;Colonie naine;Nains;0;0;34;7;30;1;0.72;0;1.00;10;14;0;4;5;1;0;0;0.00;144;179;20;-1912.01;0
410;9;3;Colonie elfe;Elfes;0;0;33;6;22;1;0.74;5;1.00;0;14;0;4;5;1;0;0;0.00;81;184;20;-2404.48;0
410;9;4;Colonie orque;Orques;0;0;9;1;15;1;0.72;0;1.00;0;13;0;2;8;10;0;0;0.00;559;33;20;-708.49;1
410;9;5;Colonie humaine;Humains;0;0;1;0;12;1;0.64;0;1.00;0;12;0;0;7;15;0;0;0.00;857;20;20;-492.72;1
410;9;6;Colonie naine;Nains;0;0;29;5;15;1;0.69;1;1.00;0;13;0;0;5;2;0;0;0.00;78;150;20;-1425.35;0
410;10;1;Première colonie;Humains;0;0;26;1;27;1;0.72;0;1.00;0;15;1;0;6;6;0;0;0.00;42;122;20;-1900.61;0
410;10;2;Colonie naine;Nains;0;0;35;6;31;1;0.75;0;1.00;10;14;1;4;5;1;0;0;0.00;93;193;20;-2074.91;0
410;10;3;Colonie elfe;Elfes;0;0;33;6;22;1;0.73;5;1.00;0;14;0;4;5;1;0;0;0.00;382;194;20;-2662.95;0
410;10;4;Colonie orque;Orques;0;0;10;2;15;1;0.69;0;1.00;0;14;0;2;8;10;0;0;0.00;375;36;20;-1020.08;1
410;10;5;Colonie humaine;Humains;0;0;2;0;12;1;0.71;0;1.00;0;13;0;0;7;15;0;0;0.00;1057;14;20;-492.72;1
410;10;6;Colonie naine;Nains;0;0;31;5;15;1;0.64;3;1.00;0;14;0;0;5;2;0;0;0.00;13;140;20;-1702.85;0
410;11;1;Première colonie;Humains;0;0;23;0;27;1;0.74;0;1.00;0;16;1;0;6;9;0;0;0.00;46;112;20;-2118.28;0
410;11;2;Colonie naine;Nains;0;0;38;6;32;1;0.74;0;1.00;10;15;1;4;5;1;0;0;0.00;87;190;20;-2244.71;0
410;11;3;Colonie elfe;Elfes;0;0;34;7;22;1;0.75;6;1.00;0;15;0;5;6;1;0;0;0.00;295;197;20;-2915.02;0
410;11;4;Colonie orque;Orques;1;0;10;1;17;1;0.65;0;1.00;20;14;0;2;8;10;0;0;0.00;747;32;20;-1244.71;1
410;11;5;Colonie humaine;Humains;1;0;1;0;12;1;0.68;0;0.33;0;14;0;0;7;16;0;0;10.00;668;9;20;-492.72;1
410;11;6;Colonie naine;Nains;0;0;30;4;15;1;0.66;2;1.00;0;15;0;0;6;4;0;0;0.00;230;132;20;-1883.96;0
410;12;1;Première colonie;Humains;0;0;23;1;27;1;0.72;0;1.00;0;16;1;2;6;10;0;0;0.00;11;120;20;-2316.96;0
410;12;2;Colonie naine;Nains;0;0;42;5;32;1;0.72;2;1.00;10;16;1;4;6;1;0;0;0.00;2;251;20;-2473.02;0
410;12;3;Colonie elfe;Elfes;0;0;34;7;22;1;0.74;6;1.00;0;16;0;7;6;1;0;0;0.00;622;211;20;-3012.41;0
410;12;4;Colonie orque;Orques;1;0;11;1;17;1;0.63;0;1.00;20;15;0;2;8;10;0;0;0.00;657;34;20;-1255.73;1
410;12;5;Colonie humaine;Humains;1;0;3;0;12;1;0.63;0;0.38;0;14;0;0;7;16;0;0;0.00;656;22;20;-492.72;1
410;12;6;Colonie naine;Nains;0;0;31;2;15;1;0.66;3;1.00;0;16;0;0;6;4;0;0;0.00;32;141;20;-2156.57;0
410;13;1;Première colonie;Humains;0;0;22;3;27;1;0.74;0;1.00;0;17;1;2;6;14;0;0;0.00;50;116;20;-2492.26;0
410;13;2;Colonie naine;Nains;0;0;46;4;34;2;0.74;0;1.00;10;18;1;4;6;1;0;0;0.00;83;240;20;-2746.92;0
410;13;3;Colonie elfe;Elfes;0;0;35;8;26;1;0.75;0;1.00;0;17;0;11;6;1;0;0;0.00;623;204;20;-3253.88;0
410;13;4;Colonie orque;Orques;1;0;13;0;17;1;0.70;0;1.00;20;16;0;2;8;10;0;0;0.00;296;83;20;-1472.14;1
410;13;5;Colonie humaine;Humains;1;0;3;0;12;1;0.75;0;0.46;0;15;0;0;7;16;0;0;0.00;786;16;20;-492.72;1
410;13;6;Colonie naine;Nains;0;0;31;1;15;1;0.64;3;1.00;0;16;0;0;6;7;0;0;0.00;53;145;20;-2369.96;0
410;14;1;Première colonie;Humains;0;0;22;5;27;1;0.74;0;1.00;0;18;1;2;6;16;0;0;0.00;71;107;20;-2717.42;0
410;14;2;Colonie naine;Nains;0;0;47;4;36;2;0.73;0;1.00;10;19;1;4;7;3;0;0;0.00;208;275;20;-2984.51;0
410;14;3;Colonie elfe;Elfes;0;0;38;7;26;1;0.75;0;1.00;0;18;0;16;6;1;0;0;0.00;534;206;20;-3430.15;0
410;14;4;Colonie orque;Orques;1;0;11;0;17;1;0.64;0;1.00;20;17;0;4;8;14;0;0;0.00;222;33;20;-1714.20;1
410;14;5;Colonie humaine;Humains;1;0;3;0;13;1;0.70;0;0.53;0;17;0;0;7;16;0;0;0.00;906;16;20;-492.72;1
410;14;6;Colonie naine;Nains;0;0;30;1;15;1;0.65;2;1.00;0;18;0;0;6;10;0;0;0.00;58;161;20;-2583.19;0
410;15;1;Première colonie;Humains;0;0;26;4;28;1;0.74;0;1.00;0;19;1;3;6;16;0;0;0.00;9;100;20;-2834.82;0
410;15;2;Colonie naine;Nains;0;0;47;4;38;2;0.72;0;1.00;10;19;1;4;7;4;0;0;0.00;6;228;20;-3193.44;0
410;15;3;Colonie elfe;Elfes;0;0;39;7;26;1;0.75;0;1.00;0;19;0;16;6;1;0;0;0.00;766;180;20;-3515.88;0
410;15;4;Colonie orque;Orques;1;0;16;4;18;1;0.64;0;1.00;20;18;0;5;8;16;0;0;0.00;168;49;20;-1714.20;1
410;15;5;Colonie humaine;Humains;1;0;4;0;13;1;0.72;0;0.57;0;17;0;0;7;16;0;0;0.00;946;22;20;-492.72;1
410;15;6;Colonie naine;Nains;0;0;30;1;15;1;0.71;2;1.00;0;19;0;0;6;12;0;0;0.00;0;142;20;-2826.09;0
410;16;1;Première colonie;Humains;0;0;28;4;29;1;0.75;0;1.00;0;19;1;4;6;16;0;0;0.00;6;139;20;-3113.80;0
410;16;2;Colonie naine;Nains;0;0;48;5;39;2;0.74;0;1.00;10;19;1;4;7;4;0;0;0.00;130;263;20;-3320.39;0
410;16;3;Colonie elfe;Elfes;0;0;42;8;26;1;0.74;2;1.00;0;19;0;17;6;1;0;0;0.00;360;241;20;-3736.61;0
410;16;4;Colonie orque;Orques;1;0;16;3;18;1;0.70;0;1.00;20;19;0;7;8;16;0;0;0.00;90;56;20;-1912.36;1
410;16;5;Colonie humaine;Humains;1;0;5;0;14;1;0.68;0;0.64;0;18;0;0;7;16;0;0;0.00;1099;25;20;-492.72;1
410;16;6;Colonie naine;Nains;0;0;30;2;15;1;0.69;2;1.00;0;19;0;0;6;13;0;0;0.00;6;158;20;-2963.62;0
410;17;1;Première colonie;Humains;0;0;30;2;29;1;0.75;0;1.00;0;19;1;4;6;16;0;0;0.00;46;149;20;-3241.24;0
410;17;2;Colonie naine;Nains;0;0;47;4;40;2;0.74;0;1.00;10;19;1;4;7;5;0;0;0.00;400;247;20;-3559.58;0
410;17;3;Colonie elfe;Elfes;0;0;44;10;26;1;0.75;4;1.00;0;19;0;17;6;1;0;0;0.00;373;241;20;-3934.81;0
410;17;4;Colonie orque;Orques;1;0;18;0;19;1;0.56;2;1.00;20;19;0;7;8;16;0;0;0.00;136;27;20;-2052.20;1
410;17;5;Colonie humaine;Humains;1;0;7;0;14;1;0.65;0;0.69;0;19;0;0;7;16;0;0;0.00;935;7;20;-492.72;1
410;17;6;Colonie naine;Nains;0;0;30;2;15;1;0.68;2;1.00;0;19;0;0;6;15;0;0;0.00;9;165;20;-3226.32;0
410;18;1;Première colonie;Humains;0;0;29;2;29;1;0.73;0;1.00;0;19;1;4;6;17;0;0;0.00;60;156;20;-3446.03;0
410;18;2;Colonie naine;Nains;0;0;48;6;40;2;0.75;0;1.00;10;19;1;4;7;8;0;0;0.00;388;242;20;-3667.35;0
410;18;3;Colonie elfe;Elfes;0;0;48;11;29;2;0.76;0;1.00;0;19;0;17;7;1;0;0;0.00;346;246;20;-4086.59;0
410;18;4;Colonie orque;Orques;1;0;19;0;19;1;0.58;3;1.00;20;19;0;8;8;17;0;0;0.00;120;58;20;-2163.31;1
410;18;5;Colonie humaine;Humains;1;0;7;0;14;1;0.68;0;0.71;0;19;0;0;7;16;0;0;0.00;909;37;20;-778.67;1
410;18;6;Colonie naine;Nains;0;0;29;2;15;1;0.68;1;1.00;0;19;0;0;6;17;0;0;0.00;24;159;20;-3462.56;0
410;19;1;Première colonie;Humains;0;0;32;1;30;1;0.76;0;1.00;0;19;1;4;6;18;0;0;0.00;11;183;20;-3663.85;0
410;19;2;Colonie naine;Nains;0;0;50;6;40;2;0.73;0;1.00;10;19;1;4;7;8;0;0;0.00;516;283;20;-3822.50;0
410;19;3;Colonie elfe;Elfes;0;0;49;10;31;3;0.72;0;1.00;0;19;0;17;8;1;0;0;0.00;350;282;20;-4242.44;0
410;19;4;Colonie orque;Orques;1;0;17;1;19;1;0.63;1;1.00;20;19;0;8;9;20;0;0;0.00;155;58;20;-2311.83;1
410;19;5;Colonie humaine;Humains;1;0;8;1;14;1;0.74;0;0.78;0;19;0;0;7;17;0;0;0.00;864;56;20;-886.78;1
410;19;6;Colonie naine;Nains;0;0;30;2;16;2;0.70;0;1.00;0;19;0;0;6;20;0;0;0.00;61;171;20;-3518.93;0
410;20;1;Première colonie;Humains;0;0;33;1;30;1;0.73;0;1.00;0;19;1;7;7;19;0;0;0.00;52;235;20;-3838.40;0
410;20;2;Colonie naine;Nains;0;0;54;8;42;2;0.73;2;1.00;10;19;1;4;7;10;0;0;0.00;443;265;20;-4012.66;0
410;20;3;Colonie elfe;Elfes;0;0;53;9;36;3;0.73;1;1.00;0;19;0;17;9;1;0;0;0.00;277;291;20;-4242.44;0
410;20;4;Colonie orque;Orques;1;0;21;3;19;1;0.60;5;1.00;20;19;0;8;9;20;0;0;0.00;361;29;20;-2475.27;1
410;20;5;Colonie humaine;Humains;1;0;8;1;15;1;0.73;0;0.74;0;19;0;0;7;17;0;0;0.00;680;32;20;-1069.74;1
410;20;6;Colonie naine;Nains;0;0;32;3;17;3;0.67;0;1.00;0;19;0;0;7;21;0;0;0.00;29;164;20;-3704.84;0
410;21;1;Première colonie;Humains;0;0;35;1;30;1;0.76;0;1.00;0;19;1;15;7;21;0;0;0.00;16;191;20;-4025.50;0
410;21;2;Colonie naine;Nains;0;0;55;8;42;2;0.72;3;1.00;10;19;1;5;8;10;0;0;0.00;416;250;20;-4235.08;0
410;21;3;Colonie elfe;Elfes;0;0;56;7;40;3;0.74;4;1.00;0;19;0;17;9;1;0;0;0.00;315;264;20;-4427.65;0
410;21;4;Colonie orque;Orques;1;0;18;1;19;1;0.60;2;1.00;20;19;0;9;9;23;0;0;0.00;90;39;20;-2625.35;1
410;21;5;Colonie humaine;Humains;1;0;11;2;15;1;0.64;0;0.73;0;19;0;0;7;18;0;0;0.00;708;43;20;-1233.38;1
410;21;6;Colonie naine;Nains;0;0;34;4;18;3;0.70;0;1.00;0;19;0;0;7;21;0;0;0.00;150;197;20;-3773.53;0
410;22;1;Première colonie;Humains;0;0;33;0;32;1;0.75;0;1.00;0;19;1;15;7;24;0;0;0.00;383;189;20;-4141.57;0
410;22;2;Colonie naine;Nains;0;0;54;9;42;3;0.71;0;1.00;10;19;1;11;8;13;0;0;0.00;254;286;20;-4304.49;0
410;22;3;Colonie elfe;Elfes;0;0;57;8;41;3;0.75;5;1.00;0;19;0;24;10;1;0;0;0.00;182;271;20;-4547.40;0
410;22;4;Colonie orque;Orques;1;0;19;1;19;1;0.70;3;1.00;20;19;0;10;9;23;0;0;0.00;79;51;20;-2693.53;1
410;22;5;Colonie humaine;Humains;1;0;11;2;14;1;0.67;0;0.77;0;19;0;0;7;20;0;0;0.00;619;44;20;-1503.23;1
410;22;6;Colonie naine;Nains;0;0;38;5;18;3;0.67;1;1.00;0;19;0;0;7;22;0;0;0.00;132;208;20;-3909.32;0
410;23;1;Première colonie;Humains;0;0;34;2;32;1;0.73;0;1.00;0;19;1;16;7;28;0;0;0.00;208;181;20;-4334.69;0
410;23;2;Colonie naine;Nains;0;0;51;10;43;3;0.73;0;1.00;10;19;1;11;9;17;0;0;0.00;338;292;20;-4464.55;0
410;23;3;Colonie elfe;Elfes;0;0;57;7;43;3;0.75;5;1.00;0;19;0;24;10;1;0;0;0.00;276;258;20;-4745.00;0
410;23;4;Colonie orque;Orques;1;0;16;1;19;1;0.64;0;1.00;20;19;0;10;9;28;0;0;0.00;215;75;20;-2916.57;1
410;23;5;Colonie humaine;Humains;1;0;11;2;13;1;0.63;0;0.77;0;19;0;0;7;20;0;0;0.00;356;40;20;-1584.37;1
410;23;6;Colonie naine;Nains;0;0;41;7;18;3;0.67;4;1.00;0;19;0;0;7;23;0;0;0.00;214;238;20;-4172.03;0
410;24;1;Première colonie;Humains;0;0;36;4;32;1;0.72;0;1.00;0;19;1;17;7;30;0;0;0.00;31;211;20;-4567.58;0
410;24;2;Colonie naine;Nains;0;0;58;10;43;3;0.72;2;1.00;10;19;1;11;9;17;0;0;0.00;451;310;20;-4579.09;0
410;24;3;Colonie elfe;Elfes;0;0;57;7;44;3;0.75;5;1.00;0;19;0;24;10;1;0;0;0.00;365;306;20;-4892.97;0
410;24;4;Colonie orque;Orques;1;0;15;1;19;1;0.65;0;1.00;20;19;0;12;9;31;0;0;0.00;418;49;20;-3135.16;1
410;24;5;Colonie humaine;Humains;1;0;11;2;12;1;0.69;0;0.79;0;19;0;0;7;21;0;0;0.00;174;34;20;-1750.11;1
410;24;6;Colonie naine;Nains;0;0;39;8;18;3;0.67;2;1.00;0;19;0;0;7;26;0;0;0.00;141;223;20;-4348.53;0
410;25;1;Première colonie;Humains;0;0;39;7;32;1;0.73;3;1.00;0;19;1;21;7;31;0;0;0.00;62;218;20;-4772.02;0
410;25;2;Colonie naine;Nains;0;0;58;10;43;3;0.74;2;1.00;10;19;1;11;9;18;0;0;0.00;464;309;20;-4661.09;0
410;25;3;Colonie elfe;Elfes;0;0;57;6;45;3;0.78;5;1.00;0;19;0;24;10;1;0;0;0.00;520;322;20;-5081.39;0
410;25;4;Colonie orque;Orques;1;0;16;1;19;1;0.70;0;1.00;20;19;0;16;9;32;0;0;0.00;414;102;20;-3323.78;1
410;25;5;Colonie humaine;Humains;1;0;12;1;11;1;0.60;0;0.83;0;19;0;0;7;21;0;0;0.00;4;30;20;-1937.85;1
410;25;6;Colonie naine;Nains;0;0;40;8;18;3;0.67;3;1.00;0;19;0;0;7;26;0;0;0.00;193;227;20;-4642.86;0
410;26;1;Première colonie;Humains;0;0;38;6;32;1;0.73;2;1.00;0;19;1;22;7;33;0;0;0.00;93;193;20;-4903.61;0
410;26;2;Colonie naine;Nains;0;0;59;8;43;3;0.72;2;1.00;10;19;1;11;9;19;0;0;0.00;524;302;20;-4720.24;0
410;26;3;Colonie elfe;Elfes;0;0;56;6;45;3;0.74;5;1.00;0;19;0;24;10;2;0;0;0.00;418;277;20;-5173.58;0
410;26;4;Colonie orque;Orques;1;0;20;2;19;1;0.63;4;1.00;20;19;0;17;9;32;0;0;0.00;202;54;20;-3506.20;1
410;26;5;Colonie humaine;Humains;1;0;12;1;12;1;0.69;0;0.85;0;19;0;0;7;22;0;0;0.00;4;56;20;-2140.42;1
410;26;6;Colonie naine;Nains;0;0;39;7;20;3;0.66;3;1.00;0;19;0;0;8;27;0;0;0.00;199;249;20;-4825.56;0
410;27;1;Première colonie;Humains;0;0;38;5;32;1;0.73;2;1.00;0;19;1;22;7;35;0;0;0.00;54;260;20;-5028.00;0
410;27;2;Colonie naine;Nains;0;0;62;8;43;3;0.73;5;1.00;10;19;1;11;10;20;0;0;0.00;362;325;20;-4795.73;0
410;27;3;Colonie elfe;Elfes;0;0;56;6;45;3;0.71;5;1.00;0;19;0;26;10;2;0;0;0.00;705;307;20;-5197.26;0
410;27;4;Colonie orque;Orques;1;0;15;2;19;1;0.61;0;0.91;20;19;0;17;9;39;0;0;0.00;261;54;20;-3680.80;1
410;27;5;Colonie humaine;Humains;1;0;17;2;12;1;0.57;0;1.00;0;19;0;0;7;22;0;0;0.00;3;19;20;-2222.19;1
410;27;6;Colonie naine;Nains;0;0;39;8;19;3;0.67;4;1.00;0;19;0;0;8;29;0;0;0.00;68;245;20;-5045.21;0
410;28;1;Première colonie;Humains;0;0;40;4;32;1;0.73;4;1.00;0;19;1;24;7;37;0;0;0.00;0;217;20;-5190.82;0
410;28;2;Colonie naine;Nains;0;0;63;7;44;3;0.70;6;1.00;10;19;1;11;10;20;0;0;0.00;179;345;20;-4955.45;1
410;28;3;Colonie elfe;Elfes;0;0;55;4;45;3;0.74;5;1.00;0;19;0;26;10;3;0;0;0.00;681;283;20;-5288.74;0
410;28;4;Colonie orque;Orques;1;0;18;3;19;1;0.68;2;0.78;20;19;0;17;9;40;0;0;0.00;59;53;20;-3942.61;1
410;28;5;Colonie humaine;Humains;1;0;17;2;12;1;0.04;0;1.00;0;19;0;0;7;22;0;0;0.00;233;0;20;-2222.19;1
410;28;6;Colonie naine;Nains;0;0;36;6;19;3;0.64;3;1.00;0;19;0;0;8;32;0;0;0.00;259;242;20;-5199.74;0
410;29;1;Première colonie;Humains;0;0;38;3;32;1;0.73;2;1.00;0;19;1;24;7;41;0;0;0.00;3;197;20;-5352.23;0
410;29;2;Colonie naine;Nains;0;0;59;7;45;3;0.72;4;1.00;10;19;1;11;10;26;0;0;0.00;46;351;20;-5091.12;1
410;29;3;Colonie elfe;Elfes;0;0;54;2;45;3;0.72;5;1.00;0;19;0;26;10;4;0;0;0.00;930;280;20;-5428.09;0
410;29;4;Colonie orque;Orques;1;0;19;3;19;1;0.65;3;0.74;20;19;0;17;9;40;0;0;0.00;76;55;20;-4149.25;1
410;29;5;Colonie humaine;Humains;1;0;9;2;13;1;0.70;0;1.00;0;19;0;0;7;23;0;0;0.00;380;45;20;-2304.03;1
410;29;6;Colonie naine;Nains;0;0;35;4;19;3;0.69;3;1.00;0;19;0;0;8;33;0;0;0.00;88;242;20;-5436.85;0
410;30;1;Première colonie;Humains;0;0;36;2;32;1;0.72;0;1.00;0;19;1;25;7;43;0;0;0.00;57;196;20;-5402.48;0
410;30;2;Colonie naine;Nains;0;0;59;6;46;3;0.73;5;1.00;10;19;1;11;10;27;0;0;0.00;37;404;20;-5288.88;1
410;30;3;Colonie elfe;Elfes;0;0;54;2;45;3;0.72;6;1.00;0;19;0;26;10;5;0;0;0.00;730;327;20;-5515.04;0
410;30;4;Colonie orque;Orques;1;0;20;1;19;1;0.72;4;1.00;20;19;0;17;9;41;0;0;0.00;279;92;20;-4367.12;1
410;30;5;Colonie humaine;Humains;1;0;9;0;13;1;0.72;0;0.92;0;19;0;0;7;24;0;0;0.00;302;47;20;-2430.87;1
410;30;6;Colonie naine;Nains;0;0;33;3;19;3;0.66;5;1.00;0;19;0;0;8;35;0;0;0.00;98;227;20;-5603.71;0
410;31;1;Première colonie;Humains;0;0;33;0;32;1;0.74;0;1.00;0;19;1;25;7;46;0;0;0.00;8;186;20;-5621.88;0
410;31;2;Colonie naine;Nains;0;0;60;7;46;3;0.71;5;1.00;10;19;1;11;11;27;0;0;0.00;13;388;20;-5484.97;1
410;31;3;Colonie elfe;Elfes;0;0;53;2;45;3;0.71;5;1.00;0;19;0;26;10;6;0;0;0.00;620;305;20;-5670.36;0
410;31;4;Colonie orque;Orques;1;0;18;0;19;1;0.62;1;1.00;20;19;0;17;9;43;0;0;0.00;277;67;20;-4520.79;1
410;31;5;Colonie humaine;Humains;1;0;11;1;13;1;0.63;0;0.91;0;19;0;0;7;25;0;0;0.00;250;24;20;-2553.94;1
410;31;6;Colonie naine;Nains;0;0;34;3;19;3;0.69;6;1.00;0;19;0;0;8;35;0;0;0.00;234;228;20;-5707.02;0
410;32;1;Première colonie;Humains;0;0;37;0;32;1;0.73;1;1.00;0;19;1;26;7;47;0;0;0.00;4;204;20;-5794.28;0
410;32;2;Colonie naine;Nains;0;0;59;6;46;3;0.70;4;1.00;10;19;1;11;11;29;0;0;0.00;19;382;20;-5732.44;1
410;32;3;Colonie elfe;Elfes;0;0;51;2;45;3;0.72;4;1.00;0;19;0;26;10;8;0;0;0.00;470;251;20;-5923.39;0
410;32;4;Colonie orque;Orques;1;0;18;0;19;1;0.65;2;0.88;20;19;0;17;9;46;0;0;0.00;60;63;20;-4752.66;1
410;32;5;Colonie humaine;Humains;1;0;11;1;12;1;0.73;0;1.00;0;19;0;0;7;25;0;0;0.00;452;54;20;-2708.22;1
410;32;6;Colonie naine;Nains;0;0;30;2;19;3;0.66;3;1.00;0;19;0;0;8;40;0;0;0.00;403;180;20;-5830.63;0
410;33;1;Première colonie;Humains;0;0;31;0;32;1;0.74;0;1.00;0;19;1;26;7;53;0;0;0.00;74;178;20;-5946.75;0
410;33;2;Colonie naine;Nains;0;0;59;8;46;3;0.70;3;1.00;10;19;1;11;11;33;0;0;0.00;0;410;20;-5847.59;1
410;33;3;Colonie elfe;Elfes;0;0;51;2;45;3;0.73;4;1.00;0;19;0;26;10;9;0;0;0.00;163;279;20;-6096.11;0
410;33;4;Colonie orque;Orques;1;0;19;1;19;1;0.60;3;0.85;20;19;0;17;9;48;0;0;0.00;257;52;20;-4892.36;1
410;33;5;Colonie humaine;Humains;1;0;11;1;12;1;0.67;0;1.00;0;19;0;0;7;25;0;0;0.00;436;47;20;-2823.10;1
410;33;6;Colonie naine;Nains;0;0;29;2;19;3;0.65;2;1.00;0;19;0;0;8;42;0;0;0.00;385;171;20;-6045.42;0
410;34;1;Première colonie;Humains;0;0;33;4;32;1;0.72;0;1.00;0;19;1;27;7;56;0;0;0.00;60;179;20;-6113.74;0
410;34;2;Colonie naine;Nains;0;0;62;8;46;3;0.71;6;1.00;10;19;1;11;11;34;0;0;0.00;15;451;20;-5997.21;1
410;34;3;Colonie elfe;Elfes;0;0;53;3;45;3;0.74;6;1.00;0;19;0;26;10;9;0;0;0.00;45;318;20;-6323.17;0
410;34;4;Colonie orque;Orques;1;0;21;1;19;1;0.61;5;1.00;20;19;0;17;9;50;0;0;0.00;207;69;20;-5076.20;1
410;34;5;Colonie humaine;Humains;1;0;11;1;12;1;0.66;0;0.97;0;19;0;0;7;26;0;0;0.00;437;27;20;-2990.31;1
410;34;6;Colonie naine;Nains;0;0;30;3;19;3;0.67;3;1.00;0;19;0;0;8;43;0;0;0.00;684;136;20;-6178.27;0
410;35;1;Première colonie;Humains;0;0;30;5;34;2;0.73;0;1.00;0;19;1;27;7;60;0;0;0.00;18;184;20;-6257.17;0
410;35;2;Colonie naine;Nains;0;0;61;8;46;3;0.70;5;1.00;20;19;1;11;11;36;0;0;0.00;19;382;20;-6057.77;1
410;35;3;Colonie elfe;Elfes;0;0;50;4;45;3;0.73;3;1.00;0;19;0;26;10;13;0;0;0.00;31;338;20;-6486.08;0
410;35;4;Colonie orque;Orques;1;0;23;2;19;1;0.69;7;1.00;20;19;0;17;9;52;0;0;0.00;269;115;20;-5303.99;1
410;35;5;Colonie humaine;Humains;1;0;12;1;13;1;0.71;0;0.92;0;19;0;0;7;26;0;0;0.00;419;48;20;-3213.21;1
410;35;6;Colonie naine;Nains;0;0;31;3;19;3;0.67;4;1.00;0;19;0;0;8;44;0;0;0.00;715;188;20;-6370.41;0
410;36;1;Première colonie;Humains;0;0;32;8;34;2;0.77;0;1.00;0;19;1;27;8;62;0;0;0.00;88;170;20;-6478.03;0
410;36;2;Colonie naine;Nains;0;0;62;9;46;3;0.71;6;1.00;20;19;1;11;11;38;0;0;0.00;4;368;20;-6232.70;1
410;36;3;Colonie elfe;Elfes;0;0;52;5;46;3;0.72;5;1.00;0;19;0;26;10;13;0;0;0.00;58;319;20;-6532.26;0
410;36;4;Colonie orque;Orques;1;0;24;3;19;1;0.70;8;1.00;20;19;0;17;9;53;0;0;0.00;361;119;20;-5452.23;1
410;36;5;Colonie humaine;Humains;1;0;13;1;13;1;0.67;0;0.90;0;19;0;0;7;26;0;0;0.00;425;38;20;-3303.43;1
410;36;6;Colonie naine;Nains;0;0;32;3;19;3;0.68;5;1.00;0;19;0;0;8;44;0;0;0.00;480;163;20;-6454.38;0
410;37;1;Première colonie;Humains;0;0;35;6;35;2;0.74;0;1.00;0;19;1;27;8;63;0;0;0.00;69;165;20;-6714.67;0
410;37;2;Colonie naine;Nains;0;0;61;8;46;3;0.72;5;1.00;20;19;1;11;11;39;0;0;0.00;83;366;20;-6375.76;1
410;37;3;Colonie elfe;Elfes;0;0;52;5;46;3;0.73;5;1.00;0;19;0;26;10;13;0;0;0.00;58;313;20;-6621.85;0
410;37;4;Colonie orque;Orques;1;0;25;3;19;1;0.58;9;1.00;20;19;0;17;9;53;0;0;0.00;210;77;20;-5607.98;1
410;37;5;Colonie humaine;Humains;1;0;13;0;12;1;0.66;0;0.90;0;19;0;0;7;26;0;0;0.00;576;36;20;-3372.31;1
410;37;6;Colonie naine;Nains;0;0;32;2;19;3;0.68;5;1.00;0;19;0;0;8;44;0;0;0.00;384;173;20;-6679.82;0
410;38;1;Première colonie;Humains;0;0;37;6;35;2;0.75;0;1.00;0;19;1;27;8;65;0;0;0.00;41;194;20;-6867.08;0
410;38;2;Colonie naine;Nains;0;0;61;9;47;4;0.71;1;1.00;20;19;1;11;11;41;0;0;0.00;37;343;20;-6563.08;1
410;38;3;Colonie elfe;Elfes;0;0;52;5;46;3;0.74;5;1.00;0;19;0;27;10;14;0;0;0.00;61;339;20;-6696.06;0
410;38;4;Colonie orque;Orques;1;0;23;1;19;1;0.71;7;1.00;20;19;0;17;9;55;0;0;0.00;193;107;20;-5897.07;1
410;38;5;Colonie humaine;Humains;1;0;12;0;12;1;0.71;0;0.87;0;19;0;0;7;27;0;0;0.00;1018;42;20;-3360.08;1
410;38;6;Colonie naine;Nains;0;0;28;1;19;3;0.70;1;1.00;0;19;0;0;8;49;0;0;0.00;1;173;20;-6824.73;0
410;39;1;Première colonie;Humains;0;0;39;6;35;2;0.74;0;1.00;0;19;1;27;8;68;0;0;0.00;200;200;20;-6977.00;0
410;39;2;Colonie naine;Nains;0;0;61;8;47;4;0.72;2;1.00;20;19;1;11;11;43;0;0;0.00;8;381;20;-6645.47;1
410;39;3;Colonie elfe;Elfes;0;0;51;6;46;3;0.72;4;1.00;0;19;0;27;10;16;0;0;0.00;45;284;20;-6769.68;0
410;39;4;Colonie orque;Orques;1;0;15;0;19;1;0.67;0;1.00;20;19;0;17;10;64;0;0;0.00;228;65;20;-6055.01;1
410;39;5;Colonie humaine;Humains;1;0;11;0;12;1;0.70;0;0.90;0;19;0;0;7;29;0;0;0.00;854;60;20;-3505.49;1
410;39;6;Colonie naine;Nains;0;0;30;2;18;3;0.68;3;1.00;0;19;0;0;8;51;0;0;0.00;10;224;20;-6909.38;0
410;40;1;Première colonie;Humains;0;0;43;7;35;2;0.73;4;1.00;0;19;1;27;8;69;0;0;0.00;74;259;20;-7054.48;0
410;40;2;Colonie naine;Nains;0;0;62;7;50;4;0.72;3;1.00;20;19;1;11;12;43;0;0;0.00;51;391;20;-6773.74;1
410;40;3;Colonie elfe;Elfes;0;0;51;7;46;3;0.72;5;1.00;0;19;0;27;10;17;0;0;0.00;5;303;20;-6844.70;0
410;40;4;Colonie orque;Orques;1;0;19;2;19;1;0.68;3;0.93;20;19;0;17;10;66;0;0;0.00;302;75;20;-6354.52;1
410;40;5;Colonie humaine;Humains;1;0;12;2;12;1;0.70;0;1.00;0;19;0;0;7;30;0;0;0.00;833;58;20;-3742.18;1
410;40;6;Colonie naine;Nains;0;0;31;3;18;3;0.66;4;1.00;0;19;0;0;8;51;0;0;0.00;32;223;20;-7059.75;0
410;41;1;Première colonie;Humains;0;0;44;7;35;2;0.73;6;1.00;0;19;1;27;8;70;0;0;0.00;85;254;20;-7182.28;0
410;41;2;Colonie naine;Nains;0;0;64;8;53;4;0.72;5;1.00;20;19;1;11;12;43;0;0;0.00;30;450;20;-6947.91;1
410;41;3;Colonie elfe;Elfes;0;0;52;7;46;3;0.73;6;1.00;0;19;0;27;10;18;0;0;0.00;107;305;20;-6994.74;0
410;41;4;Colonie orque;Orques;1;0;17;3;19;1;0.68;1;0.85;20;19;0;18;10;71;0;0;0.00;323;63;20;-6612.25;1
410;41;5;Colonie humaine;Humains;1;0;11;2;12;1;0.61;0;1.00;0;19;0;0;7;31;0;0;0.00;732;44;20;-3924.49;1
410;41;6;Colonie naine;Nains;0;0;28;4;18;3;0.65;3;1.00;10;19;0;0;8;55;0;0;0.00;94;161;20;-7201.20;0
410;42;1;Première colonie;Humains;0;0;44;4;35;2;0.70;6;1.00;0;19;1;27;8;70;0;0;0.00;96;262;20;-7322.65;0
410;42;2;Colonie naine;Nains;0;0;64;6;54;4;0.76;5;1.00;20;19;1;11;12;44;0;0;0.00;6;376;20;-6970.54;1
410;42;3;Colonie elfe;Elfes;0;0;51;6;46;3;0.75;5;1.00;0;19;0;27;10;19;0;0;0.00;128;320;20;-7042.45;0
410;42;4;Colonie orque;Orques;1;0;19;4;19;1;0.67;3;0.79;20;19;0;18;10;71;0;0;0.00;417;57;20;-6813.61;1
410;42;5;Colonie humaine;Humains;1;0;11;3;11;1;0.66;0;1.00;0;19;0;0;7;32;0;0;0.00;555;54;20;-4125.11;1
410;42;6;Colonie naine;Nains;0;0;31;4;18;3;0.68;6;1.00;10;19;0;0;8;56;0;0;0.00;60;211;20;-7296.25;0
410;43;1;Première colonie;Humains;0;0;42;2;35;2;0.71;5;1.00;0;19;1;28;8;74;0;0;0.00;45;302;20;-7414.54;0
410;43;2;Colonie naine;Nains;0;0;63;6;54;4;0.72;4;1.00;20;19;1;11;12;45;0;0;0.00;104;397;20;-7153.94;1
410;43;3;Colonie elfe;Elfes;0;0;49;6;46;3;0.74;4;1.00;10;19;0;27;10;21;0;0;0.00;142;305;20;-7245.88;0
410;43;4;Colonie orque;Orques;1;0;20;2;19;1;0.71;4;0.84;20;19;0;18;10;72;0;0;0.00;389;74;20;-7111.55;1
410;43;5;Colonie humaine;Humains;1;0;11;2;11;1;0.64;0;1.00;0;19;0;0;7;33;0;0;0.00;510;57;20;-4171.88;1
410;43;6;Colonie naine;Nains;0;0;30;4;18;3;0.67;5;1.00;10;19;0;0;8;57;0;0;0.00;123;190;20;-7339.24;0
410;44;1;Première colonie;Humains;0;0;43;2;37;3;0.74;3;1.00;0;19;1;28;8;76;0;0;0.00;12;257;20;-7522.12;0
410;44;2;Colonie naine;Nains;0;0;60;4;54;4;0.72;2;1.00;20;19;1;11;13;48;0;0;0.00;15;294;20;-7257.81;1
410;44;3;Colonie elfe;Elfes;0;0;50;7;46;3;0.73;5;1.00;10;19;0;27;10;21;0;0;0.00;238;307;20;-7428.36;0
410;44;4;Colonie orque;Orques;1;0;21;1;19;1;0.66;4;0.76;20;19;0;18;10;73;0;0;0.00;359;93;20;-7329.60;1
410;44;5;Colonie humaine;Humains;1;0;11;3;12;1;0.68;0;1.00;0;19;0;0;7;34;0;0;0.00;476;58;20;-4171.88;1
410;44;6;Colonie naine;Nains;0;0;30;5;17;3;0.66;5;1.00;10;19;0;0;8;59;0;0;0.00;123;207;20;-7380.90;0
410;45;1;Première colonie;Humains;0;0;43;4;37;3;0.70;2;1.00;0;19;1;28;10;79;0;0;0.00;32;249;20;-7692.63;0
410;45;2;Colonie naine;Nains;0;0;60;4;55;4;0.68;4;1.00;30;19;1;5;14;50;0;0;0.00;33;199;20;-7360.52;1
410;45;3;Colonie elfe;Elfes;0;0;50;7;46;3;0.73;5;1.00;10;19;0;27;10;22;0;0;0.00;129;305;20;-7617.93;0
410;45;4;Colonie orque;Orques;1;0;20;1;19;1;0.64;4;0.75;20;19;0;18;10;75;0;0;0.00;460;80;20;-7582.34;1
410;45;5;Colonie humaine;Humains;1;0;11;3;12;1;0.67;0;1.00;0;19;0;0;7;35;0;0;0.00;228;67;20;-4171.88;1
410;45;6;Colonie naine;Nains;0;0;30;3;17;3;0.65;5;1.00;10;19;0;0;8;59;0;0;0.00;116;198;20;-7380.90;0
410;46;1;Première colonie;Humains;0;0;45;6;39;3;0.71;3;1.00;0;19;1;28;10;81;0;0;0.00;128;232;20;-7896.92;0
410;46;2;Colonie naine;Nains;0;0;55;4;55;4;0.70;0;1.00;30;19;1;6;14;55;0;0;0.00;89;203;20;-7453.16;1
410;46;3;Colonie elfe;Elfes;0;0;48;5;46;3;0.72;3;1.00;10;19;0;27;10;24;0;0;0.00;421;257;20;-7865.97;0
410;46;4;Colonie orque;Orques;1;0;22;2;19;1;0.64;6;0.73;20;19;0;20;10;75;0;0;0.00;366;67;20;-7703.15;1
410;46;5;Colonie humaine;Humains;1;0;12;2;12;1;0.65;0;1.00;0;19;0;0;7;35;0;0;0.00;17;51;20;-4174.71;1
410;46;6;Colonie naine;Nains;0;0;29;3;17;3;0.67;5;1.00;10;19;0;0;8;61;0;0;0.00;35;191;20;-7487.16;0
410;47;1;Première colonie;Humains;0;0;42;7;40;3;0.70;0;1.00;0;19;1;28;11;87;0;0;0.00;71;227;20;-8021.36;0
410;47;2;Colonie naine;Nains;0;0;53;3;56;4;0.69;0;1.00;30;19;1;5;14;58;0;0;0.00;86;190;20;-7486.90;1
410;47;3;Colonie elfe;Elfes;0;0;50;4;46;3;0.75;5;1.00;10;19;0;28;10;24;0;0;0.00;397;322;20;-8037.10;0
410;47;4;Colonie orque;Orques;1;0;21;2;19;1;0.70;5;0.76;20;19;0;23;10;76;0;0;0.00;249;91;20;-7851.98;1
410;47;5;Colonie humaine;Humains;1;0;12;1;12;1;0.69;0;1.00;0;19;0;0;7;36;0;0;0.00;6;36;20;-4303.65;1
410;47;6;Colonie naine;Nains;0;0;30;4;18;4;0.67;2;1.00;10;19;0;0;8;61;0;0;0.00;83;167;20;-7575.86;0
410;48;1;Première colonie;Humains;0;0;42;8;40;3;0.72;0;1.00;0;19;1;28;11;90;0;0;0.00;189;249;20;-8173.56;0
410;48;2;Colonie naine;Nains;0;0;51;4;56;4;0.67;0;1.00;30;19;1;5;14;61;0;0;0.00;73;173;20;-7494.98;1
410;48;3;Colonie elfe;Elfes;0;0;49;3;46;3;0.73;4;1.00;10;19;0;28;10;25;0;0;0.00;313;326;20;-8215.05;0
410;48;4;Colonie orque;Orques;1;0;15;0;19;1;0.73;0;0.79;20;19;0;25;10;83;0;0;0.00;322;121;20;-8016.73;1
410;48;5;Colonie humaine;Humains;1;0;11;0;12;1;0.57;0;1.00;0;19;0;0;7;38;0;0;0.00;8;52;20;-4480.06;1
410;48;6;Colonie naine;Nains;0;0;33;3;18;4;0.68;3;1.00;10;19;0;0;8;62;0;0;0.00;23;201;20;-7714.31;0
410;49;1;Première colonie;Humains;0;0;41;6;40;3;0.71;0;1.00;0;19;1;28;11;95;0;0;0.00;22;226;20;-8312.54;0
410;49;2;Colonie naine;Nains;0;0;50;4;56;4;0.68;0;1.00;30;19;1;5;14;62;0;0;0.00;27;144;20;-7494.98;1
410;49;3;Colonie elfe;Elfes;0;0;48;3;46;3;0.73;4;1.00;10;19;0;28;10;26;0;0;0.00;187;292;20;-8464.83;0
410;49;4;Colonie orque;Orques;1;0;20;3;19;1;0.72;4;0.82;20;19;0;25;10;84;0;0;0.00;277;106;20;-8232.80;1
410;49;5;Colonie humaine;Humains;1;0;15;1;12;1;0.68;0;1.00;0;19;0;0;7;38;0;0;0.00;8;33;20;-4665.22;1
410;49;6;Colonie naine;Nains;0;0;32;3;18;4;0.67;4;1.00;10;19;0;0;8;63;0;0;0.00;350;161;20;-7801.94;0
410;50;1;Première colonie;Humains;0;0;42;5;41;3;0.70;1;1.00;0;19;1;28;11;96;0;0;0.00;43;251;20;-8412.62;0
410;50;2;Colonie naine;Nains;0;0;48;5;56;4;0.70;0;1.00;30;19;1;6;14;65;0;0;0.00;15;252;20;-7542.83;1
410;50;3;Colonie elfe;Elfes;0;0;49;3;46;3;0.73;5;1.00;10;19;0;28;10;27;0;0;0.00;70;296;20;-8699.15;0
410;50;4;Colonie orque;Orques;1;0;20;3;19;1;0.72;4;0.83;20;19;0;25;10;86;0;0;0.00;456;120;20;-8390.04;1
410;50;5;Colonie humaine;Humains;1;0;17;2;12;1;0.71;1;1.00;0;19;0;0;7;38;0;0;0.00;18;50;20;-4822.34;1
410;50;6;Colonie naine;Nains;0;0;33;3;18;4;0.67;5;1.00;10;19;0;0;8;63;0;0;0.00;322;176;20;-7965.72;0
410;51;1;Première colonie;Humains;0;0;46;3;41;3;0.71;5;1.00;0;19;1;28;11;97;0;0;0.00;14;305;20;-8589.43;0
410;51;2;Colonie naine;Nains;0;0;46;3;56;4;0.73;0;1.00;30;19;1;6;14;67;0;0;0.00;23;249;20;-7582.23;1
410;51;3;Colonie elfe;Elfes;0;0;50;3;46;3;0.73;6;1.00;10;19;0;28;10;27;0;0;0.00;7;317;20;-8927.88;0
410;51;4;Colonie orque;Orques;1;0;21;2;19;1;0.72;5;0.81;20;19;0;26;10;88;0;0;0.00;622;106;20;-8608.72;1
410;51;5;Colonie humaine;Humains;1;0;17;2;13;1;0.62;0;1.00;0;19;0;0;7;39;0;0;0.00;30;46;20;-4983.53;1
410;51;6;Colonie naine;Nains;0;0;31;3;18;4;0.65;3;1.00;10;19;0;0;8;65;0;0;0.00;297;160;20;-8081.23;0
410;52;1;Première colonie;Humains;0;0;47;3;41;3;0.72;6;1.00;0;19;1;28;11;98;0;0;0.00;14;279;20;-8686.15;0
410;52;2;Colonie naine;Nains;0;0;47;3;56;4;0.73;0;1.00;30;19;1;11;14;67;0;0;0.00;12;332;20;-7638.66;1
410;52;3;Colonie elfe;Elfes;0;0;49;2;47;4;0.71;1;1.00;10;19;0;28;10;30;0;0;0.00;42;258;20;-8984.53;0
410;52;4;Colonie orque;Orques;1;0;20;1;19;1;0.72;4;0.82;20;19;0;26;10;89;0;0;0.00;642;106;20;-8662.22;1
410;52;5;Colonie humaine;Humains;1;0;22;3;13;1;0.61;1;1.00;0;19;0;0;7;39;0;0;0.00;9;24;20;-5049.87;1
410;52;6;Colonie naine;Nains;0;0;30;2;18;4;0.69;2;1.00;10;19;0;0;8;66;0;0;0.00;297;198;20;-8153.06;0
410;53;1;Première colonie;Humains;0;0;47;3;42;3;0.72;7;1.00;0;19;1;28;11;99;0;0;0.00;11;308;20;-8800.17;1
410;53;2;Colonie naine;Nains;0;0;47;4;56;4;0.73;0;1.00;30;19;1;11;14;70;0;0;0.00;19;328;20;-7733.89;1
410;53;3;Colonie elfe;Elfes;0;0;50;3;47;4;0.73;2;1.00;10;19;0;28;11;30;0;0;0.00;7;313;20;-9162.36;0
410;53;4;Colonie orque;Orques;1;0;20;1;19;1;0.70;4;1.00;20;19;0;26;10;92;0;0;0.00;729;99;20;-8866.31;1
410;53;5;Colonie humaine;Humains;1;0;0;0;13;1;0.00;0;0.98;0;19;0;0;8;54;0;0;0.00;18;0;20;-5162.60;1
410;53;6;Colonie naine;Nains;0;0;33;2;19;4;0.68;5;1.00;10;19;0;0;9;67;0;0;0.00;180;157;20;-8373.42;0
410;54;1;Première colonie;Humains;0;0;45;3;43;3;0.72;6;1.00;0;19;1;28;11;104;0;0;0.00;11;323;20;-8871.81;1
410;54;2;Colonie naine;Nains;0;0;50;4;56;4;0.72;0;1.00;40;19;1;11;14;73;0;0;0.00;29;360;20;-7886.32;1
410;54;3;Colonie elfe;Elfes;0;0;50;3;47;4;0.74;2;1.00;10;19;0;28;11;31;0;0;0.00;3;266;20;-9257.06;0
410;54;4;Colonie orque;Orques;0;0;21;2;19;1;0.73;5;1.00;20;19;0;26;10;94;0;0;0.00;576;103;20;-8980.73;1
410;54;5;Colonie humaine;Humains;0;0;0;0;13;1;0.00;0;1.00;0;19;0;0;8;54;0;0;0.00;18;0;20;-5162.60;1
410;54;6;Colonie naine;Nains;0;0;32;2;19;4;0.65;5;1.00;10;19;0;0;9;68;0;0;0.00;240;205;20;-8415.07;0
410;55;1;Première colonie;Humains;0;0;44;3;43;3;0.70;5;1.00;0;19;1;28;11;106;0;0;0.00;14;321;20;-8982.40;1
410;55;2;Colonie naine;Nains;0;0;51;4;56;4;0.74;0;1.00;40;19;1;11;14;75;0;0;0.00;21;381;20;-8029.43;1
410;55;3;Colonie elfe;Elfes;0;0;51;4;47;4;0.74;3;1.00;10;19;0;28;11;32;0;0;0.00;92;278;20;-9400.99;0
410;55;4;Colonie orque;Orques;0;0;20;1;19;1;0.73;4;1.00;20;19;0;26;10;96;0;0;0.00;533;109;20;-9224.99;1
410;55;5;Colonie humaine;Humains;0;0;0;0;13;1;0.00;0;1.00;0;19;0;0;8;54;0;0;0.00;18;0;20;-5162.60;1
410;55;6;Colonie naine;Nains;0;0;31;2;19;4;0.68;4;1.00;10;19;0;0;9;69;0;0;0.00;321;164;20;-8538.07;0
410;56;1;Première colonie;Humains;0;0;44;3;44;3;0.71;5;1.00;0;19;1;28;11;108;0;0;0.00;18;277;20;-9096.76;1
410;56;2;Colonie naine;Nains;0;0;54;5;56;4;0.71;3;1.00;40;19;1;11;14;76;0;0;0.00;30;385;20;-8123.39;1
410;56;3;Colonie elfe;Elfes;0;0;51;4;47;4;0.74;3;1.00;10;19;0;28;11;34;0;0;0.00;3;245;20;-9515.39;0
410;56;4;Colonie orque;Orques;0;0;19;1;19;1;0.73;3;1.00;20;19;0;26;10;98;0;0;0.00;621;91;20;-9308.95;1
410;56;5;Colonie humaine;Humains;0;0;0;0;13;1;0.00;0;1.00;0;19;0;0;8;54;0;0;0.00;18;0;20;-5162.60;1
410;56;6;Colonie naine;Nains;0;0;29;1;18;4;0.68;5;1.00;10;19;0;0;9;71;0;0;0.00;189;142;20;-8694.16;0
410;57;1;Première colonie;Humains;0;0;42;3;44;3;0.71;4;1.00;0;19;1;28;11;111;0;0;0.00;58;294;20;-9237.04;1
410;57;2;Colonie naine;Nains;0;0;54;5;56;4;0.69;3;1.00;40;19;1;10;14;76;0;0;0.00;64;205;20;-8194.05;1
410;57;3;Colonie elfe;Elfes;0;0;51;5;47;4;0.73;3;1.00;10;19;0;28;11;36;0;0;0.00;105;280;20;-9586.36;0
410;57;4;Colonie orque;Orques;0;0;17;0;19;1;0.72;1;1.00;20;19;0;26;10;101;0;0;0.00;486;83;20;-9537.84;1
410;57;5;Colonie humaine;Humains;0;0;0;0;13;1;0.00;0;1.00;0;19;0;0;8;54;0;0;0.00;18;0;20;-5162.60;1
410;57;6;Colonie naine;Nains;0;0;28;1;18;4;0.65;6;1.00;10;19;0;0;9;74;0;0;0.00;184;135;20;-8767.92;0
410;58;1;Première colonie;Humains;0;0;40;4;44;3;0.71;2;1.00;0;19;1;28;11;115;0;0;0.00;9;297;20;-9337.19;1
410;58;2;Colonie naine;Nains;0;0;55;7;56;4;0.68;4;1.00;40;19;1;5;14;77;0;0;0.00;37;170;20;-8227.89;1
410;58;3;Colonie elfe;Elfes;0;0;53;5;47;4;0.72;5;1.00;10;19;0;28;11;36;0;0;0.00;103;301;20;-9683.69;0
410;58;4;Colonie orque;Orques;0;0;19;2;19;1;0.70;3;1.00;20;19;0;26;10;103;0;0;0.00;695;104;20;-9664.12;1
410;58;5;Colonie humaine;Humains;0;0;0;0;13;1;0.00;0;1.00;0;19;0;0;8;54;0;0;0.00;18;0;20;-5162.60;1
410;58;6;Colonie naine;Nains;0;0;25;1;18;4;0.68;4;1.00;10;19;0;0;9;77;0;0;0.00;27;132;20;-8984.52;0
410;59;1;Première colonie;Humains;0;0;37;4;44;3;0.74;0;1.00;0;19;1;28;11;120;0;0;0.00;12;197;20;-9371.67;1
410;59;2;Colonie naine;Nains;0;0;55;6;57;4;0.66;4;1.00;40;19;1;5;14;78;0;0;0.00;95;185;20;-8227.89;1
410;59;3;Colonie elfe;Elfes;0;0;52;5;47;4;0.72;4;1.00;10;19;0;28;11;37;0;0;0.00;80;304;20;-9762.94;0
410;59;4;Colonie orque;Orques;0;0;18;2;19;1;0.72;2;1.00;20;19;0;26;10;106;0;0;0.00;627;120;20;-9861.95;1
410;59;5;Colonie humaine;Humains;0;0;0;0;13;1;0.00;0;1.00;0;19;0;0;8;54;0;0;0.00;18;0;20;-5162.60;1
410;59;6;Colonie naine;Nains;0;0;25;2;18;4;0.67;4;1.00;10;19;0;0;9;80;0;0;0.00;52;135;20;-9083.00;0
410;60;1;Première colonie;Humains;0;0;39;3;44;3;0.72;1;1.00;0;19;1;28;11;125;0;0;0.00;7;261;20;-9522.84;1
410;60;2;Colonie naine;Nains;0;0;52;5;57;4;0.69;1;1.00;40;19;1;5;14;81;0;0;0.00;71;116;20;-8227.89;1
410;60;3;Colonie elfe;Elfes;0;0;52;5;47;4;0.72;4;1.00;10;19;0;28;11;37;0;0;0.00;163;280;20;-9838.16;0
410;60;4;Colonie orque;Orques;0;0;19;1;19;1;0.75;2;1.00;20;19;0;26;10;107;0;0;0.00;558;86;20;-9924.48;1
410;60;5;Colonie humaine;Humains;0;0;0;0;13;1;0.00;0;1.00;0;19;0;0;8;54;0;0;0.00;18;0;20;-5162.60;1
410;60;6;Colonie naine;Nains;0;0;25;4;18;4;0.69;4;1.00;10;19;0;0;9;82;0;0;0.00;14;152;20;-9184.39;0
410;61;1;Première colonie;Humains;0;0;45;5;44;3;0.72;7;1.00;0;19;1;28;11;126;0;0;0.00;7;254;20;-9610.78;1
410;61;2;Colonie naine;Nains;0;0;34;4;58;4;0.73;0;1.00;40;19;1;6;14;84;0;0;0.00;65;272;20;-8252.44;1
410;61;3;Colonie elfe;Elfes;0;0;50;7;47;4;0.73;3;1.00;10;19;0;28;11;41;0;0;0.00;89;264;20;-9974.60;0
410;61;4;Colonie orque;Orques;0;0;21;0;19;1;0.68;4;1.00;20;19;0;26;10;107;0;0;0.00;550;119;20;-10198.59;1
410;61;5;Colonie humaine;Humains;0;0;0;0;13;1;0.00;0;1.00;0;19;0;0;8;54;0;0;0.00;18;0;20;-5162.60;1
410;61;6;Colonie naine;Nains;0;0;26;4;18;4;0.63;5;1.00;10;19;0;0;9;83;0;0;0.00;128;164;20;-9343.10;0
410;62;1;Première colonie;Humains;0;0;44;5;44;3;0.71;6;1.00;0;19;1;28;11;128;0;0;0.00;14;229;20;-9756.77;1
410;62;2;Colonie naine;Nains;0;0;34;4;58;4;0.74;0;1.00;40;19;1;11;14;86;0;0;0.00;12;265;20;-8365.13;1
410;62;3;Colonie elfe;Elfes;0;0;51;8;47;4;0.73;4;1.00;10;19;0;28;11;42;0;0;0.00;43;293;20;-10025.45;0
410;62;4;Colonie orque;Orques;0;0;16;0;19;1;0.74;0;1.00;20;19;0;27;10;113;0;0;0.00;642;88;20;-10370.84;1
410;62;5;Colonie humaine;Humains;0;0;0;0;13;1;0.00;0;1.00;0;19;0;0;8;54;0;0;0.00;18;0;20;-5162.60;1
410;62;6;Colonie naine;Nains;0;0;26;4;17;4;0.64;9;1.00;10;19;0;0;9;83;0;0;0.00;7;169;20;-9483.16;0
410;63;1;Première colonie;Humains;0;0;43;6;44;3;0.71;5;1.00;0;19;1;28;11;130;0;0;0.00;24;285;20;-9856.86;1
410;63;2;Colonie naine;Nains;0;0;35;4;58;4;0.73;0;1.00;40;19;1;11;14;86;0;0;0.00;30;293;20;-8463.36;1
410;63;3;Colonie elfe;Elfes;0;0;52;9;47;4;0.74;5;1.00;10;19;0;28;11;43;0;0;0.00;39;322;20;-10122.07;0
410;63;4;Colonie orque;Orques;0;0;18;1;19;1;0.72;2;1.00;20;19;0;28;10;114;0;0;0.00;693;88;20;-10502.63;1
410;63;5;Colonie humaine;Humains;0;0;0;0;13;1;0.00;0;1.00;0;19;0;0;8;54;0;0;0.00;18;0;20;-5162.60;1
410;63;6;Colonie naine;Nains;0;0;26;5;17;4;0.65;9;1.00;10;19;0;0;9;84;0;0;0.00;7;146;20;-9615.76;0
410;64;1;Première colonie;Humains;0;0;41;4;44;3;0.73;3;1.00;0;19;1;28;11;134;0;0;0.00;11;263;20;-9929.46;1
410;64;2;Colonie naine;Nains;0;0;41;3;58;4;0.73;0;1.00;40;19;1;11;14;86;0;0;0.00;40;289;20;-8575.46;1
410;64;3;Colonie elfe;Elfes;0;0;54;11;47;4;0.74;6;1.00;10;19;0;28;11;44;0;0;0.00;45;343;20;-10250.19;0
410;64;4;Colonie orque;Orques;0;0;18;1;19;1;0.76;2;1.00;20;19;0;28;10;116;0;0;0.00;602;128;20;-10604.08;1
410;64;5;Colonie humaine;Humains;0;0;0;0;13;1;0.00;0;1.00;0;19;0;0;8;54;0;0;0.00;18;0;20;-5162.60;1
410;64;6;Colonie naine;Nains;0;0;24;5;17;4;0.66;8;1.00;10;19;0;0;9;86;0;0;0.00;51;129;20;-9755.18;0
410;65;1;Première colonie;Humains;0;0;42;3;44;3;0.73;5;1.00;0;19;1;28;11;136;0;0;0.00;15;232;20;-9929.46;1
410;65;2;Colonie naine;Nains;0;0;40;4;58;4;0.75;0;1.00;40;19;1;11;14;88;0;0;0.00;9;270;20;-8695.18;1
410;65;3;Colonie elfe;Elfes;0;0;52;10;47;4;0.72;4;1.00;10;19;0;28;11;46;0;0;0.00;47;332;20;-10354.90;0
410;65;4;Colonie orque;Orques;0;0;17;0;19;1;0.76;1;1.00;20;19;0;28;10;118;0;0;0.00;537;129;20;-10647.41;1
410;65;5;Colonie humaine;Humains;0;0;0;0;13;1;0.00;0;1.00;0;19;0;0;8;54;0;0;0.00;18;0;20;-5162.60;1
410;65;6;Colonie naine;Nains;0;0;23;3;17;4;0.66;7;1.00;10;19;0;0;9;87;0;0;0.00;93;130;20;-9823.67;0
410;66;1;Première colonie;Humains;0;0;38;3;44;3;0.74;2;1.00;0;19;1;28;11;141;0;0;0.00;15;267;20;-10067.04;1
410;66;2;Colonie naine;Nains;0;0;42;4;58;4;0.73;0;1.00;40;19;1;11;14;88;0;0;0.00;9;276;20;-8757.23;1
410;66;3;Colonie elfe;Elfes;0;0;54;12;47;4;0.74;6;1.00;10;19;0;28;11;46;0;0;0.00;51;298;20;-10526.84;0
410;66;4;Colonie orque;Orques;0;0;13;0;19;1;0.75;0;1.00;20;19;0;28;10;123;0;0;0.00;490;201;20;-10734.08;1
410;66;5;Colonie humaine;Humains;0;0;0;0;13;1;0.00;0;1.00;0;19;0;0;8;54;0;0;0.00;18;0;20;-5162.60;1
410;66;6;Colonie naine;Nains;0;0;20;1;17;4;0.68;4;1.00;10;19;0;0;9;90;0;0;0.00;153;128;20;-9939.07;0
410;67;1;Première colonie;Humains;0;0;38;1;44;3;0.73;2;1.00;0;19;1;28;11;142;0;0;0.00;13;210;20;-10166.39;1
410;67;2;Colonie naine;Nains;0;0;41;4;58;4;0.74;0;1.00;40;19;1;11;14;91;0;0;0.00;9;266;20;-8802.40;1
410;67;3;Colonie elfe;Elfes;0;0;55;12;47;4;0.73;7;1.00;10;19;0;28;11;46;0;0;0.00;42;313;20;-10560.92;0
410;67;4;Colonie orque;Orques;0;0;14;0;19;1;0.77;0;1.00;20;19;0;28;10;123;0;0;0.00;590;176;20;-10983.93;1
410;67;5;Colonie humaine;Humains;0;0;0;0;13;1;0.00;0;1.00;0;19;0;0;8;54;0;0;0.00;18;0;20;-5162.60;1
410;67;6;Colonie naine;Nains;0;0;21;1;17;4;0.70;5;1.00;10;19;0;0;9;90;0;0;0.00;74;128;20;-9970.40;0
410;68;1;Première colonie;Humains;0;0;37;3;44;3;0.74;1;1.00;0;19;1;28;11;146;0;0;0.00;9;218;20;-10261.61;1
410;68;2;Colonie naine;Nains;0;0;44;6;58;4;0.72;0;1.00;40;19;1;11;14;92;0;0;0.00;11;283;20;-8848.00;1
410;68;3;Colonie elfe;Elfes;0;0;56;12;47;4;0.73;8;1.00;10;19;0;28;11;46;0;0;0.00;3;331;20;-10655.97;0
410;68;4;Colonie orque;Orques;0;0;15;0;19;1;0.80;0;1.00;20;19;0;28;10;126;0;0;0.00;497;259;20;-11121.61;1
410;68;5;Colonie humaine;Humains;0;0;0;0;13;1;0.00;0;1.00;0;19;0;0;8;54;0;0;0.00;18;0;20;-5162.60;1
410;68;6;Colonie naine;Nains;0;0;19;1;17;4;0.69;3;1.00;10;19;0;0;9;92;0;0;0.00;17;107;20;-10073.07;0
410;69;1;Première colonie;Humains;0;0;38;3;44;3;0.73;2;1.00;0;19;1;28;11;150;0;0;0.00;30;214;20;-10376.13;1
410;69;2;Colonie naine;Nains;0;0;44;6;58;4;0.72;0;1.00;40;19;1;11;14;95;0;0;0.00;23;304;20;-8867.06;1
410;69;3;Colonie elfe;Elfes;0;0;55;11;47;4;0.73;7;1.00;10;19;0;28;11;47;0;0;0.00;7;327;20;-10655.97;0
410;69;4;Colonie orque;Orques;0;0;14;0;19;1;0.74;0;1.00;20;19;0;28;10;128;0;0;0.00;538;254;20;-11210.04;1
410;69;5;Colonie humaine;Humains;0;0;0;0;13;1;0.00;0;1.00;0;19;0;0;8;54;0;0;0.00;18;0;20;-5162.60;1
410;69;6;Colonie naine;Nains;0;0;19;0;17;4;0.71;3;1.00;10;19;0;0;9;94;0;0;0.00;3;120;20;-10119.62;0
410;70;1;Première colonie;Humains;0;0;40;4;44;3;0.73;4;1.00;0;19;1;28;11;151;0;0;0.00;9;225;20;-10519.50;1
410;70;2;Colonie naine;Nains;0;0;47;5;58;4;0.73;0;1.00;40;19;1;11;14;96;0;0;0.00;19;324;20;-8976.80;1
410;70;3;Colonie elfe;Elfes;0;0;56;12;47;4;0.73;9;1.00;10;19;0;28;11;48;0;0;0.00;12;328;20;-10775.68;0
410;70;4;Colonie orque;Orques;0;0;17;0;19;1;0.70;1;1.00;20;19;0;28;10;130;0;0;0.00;500;140;20;-11457.97;1
410;70;5;Colonie humaine;Humains;0;0;0;0;13;1;0.00;0;1.00;0;19;0;0;8;54;0;0;0.00;18;0;20;-5162.60;1
410;70;6;Colonie naine;Nains;0;0;19;1;17;4;0.68;3;1.00;10;19;0;0;9;95;0;0;0.00;33;108;20;-10258.02;0
410;71;1;Première colonie;Humains;0;0;39;2;44;3;0.71;3;1.00;0;19;1;28;11;154;0;0;0.00;6;245;20;-10533.02;1
410;71;2;Colonie naine;Nains;0;0;54;7;58;4;0.71;6;1.00;40;19;1;11;14;96;0;0;0.00;45;240;20;-9048.35;1
410;71;3;Colonie elfe;Elfes;0;0;56;12;47;4;0.74;9;1.00;10;19;0;28;11;48;0;0;0.00;49;329;20;-10821.19;0
410;71;4;Colonie orque;Orques;0;0;20;3;19;1;0.70;4;1.00;20;19;0;28;10;133;0;0;0.00;389;143;20;-11553.22;1
410;71;5;Colonie humaine;Humains;0;0;0;0;13;1;0.00;0;1.00;0;19;0;0;8;54;0;0;0.00;18;0;20;-5162.60;1
410;71;6;Colonie naine;Nains;0;0;21;1;17;4;0.67;5;1.00;10;19;0;0;9;95;0;0;0.00;85;121;20;-10319.07;0
410;72;1;Première colonie;Humains;0;0;38;2;44;3;0.71;2;1.00;0;19;1;28;11;157;0;0;0.00;44;243;20;-10685.32;1
410;72;2;Colonie naine;Nains;0;0;52;7;58;4;0.67;4;1.00;40;19;1;5;14;98;0;0;0.00;10;96;20;-9169.70;1
410;72;3;Colonie elfe;Elfes;0;0;56;12;47;4;0.75;9;1.00;10;19;0;28;11;48;0;0;0.00;70;297;20;-10888.81;0
410;72;4;Colonie orque;Orques;0;0;20;3;19;1;0.69;3;1.00;20;19;0;28;10;134;0;0;0.00;321;94;20;-11854.30;1
410;72;5;Colonie humaine;Humains;0;0;0;0;13;1;0.00;0;1.00;0;19;0;0;8;54;0;0;0.00;18;0;20;-5162.60;1
410;72;6;Colonie naine;Nains;0;0;21;1;17;4;0.70;5;1.00;20;19;0;0;9;95;0;0;0.00;138;126;20;-10350.53;0
410;73;1;Première colonie;Humains;0;0;40;2;44;3;0.73;4;1.00;0;19;1;28;11;159;0;0;0.00;14;256;20;-10746.38;1
410;73;2;Colonie naine;Nains;0;0;51;7;58;4;0.64;3;1.00;40;19;1;5;14;99;0;0;0.00;10;87;20;-9205.99;1
410;73;3;Colonie elfe;Elfes;0;0;57;11;47;4;0.72;10;1.00;10;19;0;28;11;48;0;0;0.00;55;342;20;-11107.18;0
410;73;4;Colonie orque;Orques;0;0;21;4;19;1;0.71;4;1.00;20;19;0;28;10;137;0;0;0.00;371;125;20;-11864.41;1
410;73;5;Colonie humaine;Humains;0;0;0;0;13;1;0.00;0;1.00;0;19;0;0;8;54;0;0;0.00;18;0;20;-5162.60;1
410;73;6;Colonie naine;Nains;0;0;22;2;17;4;0.69;6;1.00;20;19;0;0;9;95;0;0;0.00;138;113;20;-10392.45;0
410;74;1;Première colonie;Humains;0;0;41;3;44;3;0.72;5;1.00;0;19;1;28;11;162;0;0;0.00;14;270;20;-10842.91;1
410;74;2;Colonie naine;Nains;0;0;51;3;58;4;0.69;3;1.00;40;19;1;5;14;99;0;0;0.00;49;108;20;-9263.82;1
410;74;3;Colonie elfe;Elfes;0;0;56;10;47;4;0.72;10;1.00;10;19;0;28;11;49;0;0;0.00;21;332;20;-11201.63;0
410;74;4;Colonie orque;Orques;0;0;21;3;19;1;0.71;5;1.00;20;19;0;28;10;138;0;0;0.00;333;109;20;-12073.67;1
410;74;5;Colonie humaine;Humains;0;0;0;0;13;1;0.00;0;1.00;0;19;0;0;8;54;0;0;0.00;18;0;20;-5162.60;1
410;74;6;Colonie naine;Nains;0;0;21;2;17;4;0.69;5;1.00;20;19;0;0;9;96;0;0;0.00;148;118;20;-10462.72;0
410;75;1;Première colonie;Humains;0;0;38;2;44;3;0.72;2;1.00;0;19;1;28;11;165;0;0;0.00;10;218;20;-10997.13;1
410;75;2;Colonie naine;Nains;0;0;41;3;58;4;0.70;0;1.00;40;19;1;1;14;103;0;0;0.00;14;245;20;-9263.82;1
410;75;3;Colonie elfe;Elfes;0;0;57;9;47;4;0.73;11;1.00;10;19;0;28;11;49;0;0;0.00;60;346;20;-11312.34;0
410;75;4;Colonie orque;Orques;0;0;18;1;19;1;0.75;2;1.00;20;19;0;28;10;141;0;0;0.00;423;96;20;-12166.65;1
410;75;5;Colonie humaine;Humains;0;0;0;0;13;1;0.00;0;1.00;0;19;0;0;8;54;0;0;0.00;18;0;20;-5162.60;1
410;75;6;Colonie naine;Nains;0;0;22;3;17;4;0.66;6;1.00;20;19;0;0;9;97;0;0;0.00;63;110;20;-10617.68;0
410;76;1;Première colonie;Humains;0;0;39;3;44;3;0.71;3;1.00;0;19;1;28;11;168;0;0;0.00;67;263;20;-11035.10;1
410;76;2;Colonie naine;Nains;0;0;41;4;58;4;0.69;0;1.00;40;19;1;1;14;104;0;0;0.00;9;202;20;-9278.55;1
410;76;3;Colonie elfe;Elfes;0;0;57;8;47;4;0.74;11;1.00;10;19;0;28;11;49;0;0;0.00;83;334;20;-11479.19;0
410;76;4;Colonie orque;Orques;0;0;17;0;19;1;0.74;1;1.00;20;19;0;28;10;143;0;0;0.00;350;107;20;-12263.98;1
410;76;5;Colonie humaine;Humains;0;0;0;0;13;1;0.00;0;1.00;0;19;0;0;8;54;0;0;0.00;18;0;20;-5162.60;1
410;76;6;Colonie naine;Nains;0;0;21;2;17;4;0.68;5;1.00;20;19;0;0;9;98;0;0;0.00;16;114;20;-10698.99;0
410;77;1;Première colonie;Humains;0;0;38;3;44;3;0.71;2;1.00;0;19;1;28;11;171;0;0;0.00;14;271;20;-11088.66;1
410;77;2;Colonie naine;Nains;0;0;41;1;58;4;0.65;0;1.00;40;19;1;1;14;107;0;0;0.00;10;148;20;-9313.78;1
410;77;3;Colonie elfe;Elfes;0;0;57;8;47;4;0.72;11;1.00;10;19;0;28;11;49;0;0;0.00;57;355;20;-11662.77;0
410;77;4;Colonie orque;Orques;0;0;18;1;19;1;0.65;2;1.00;20;19;0;28;10;145;0;0;0.00;453;101;20;-12526.12;1
410;77;5;Colonie humaine;Humains;0;0;0;0;13;1;0.00;0;1.00;0;19;0;0;8;54;0;0;0.00;18;0;20;-5162.60;1
410;77;6;Colonie naine;Nains;0;0;20;2;17;4;0.70;4;1.00;20;19;0;0;9;99;0;0;0.00;4;134;20;-10736.88;0
410;78;1;Première colonie;Humains;0;0;39;4;44;3;0.72;3;1.00;0;19;1;28;11;172;0;0;0.00;66;226;20;-11129.79;1
410;78;2;Colonie naine;Nains;0;0;42;2;58;4;0.71;0;1.00;40;19;1;1;14;109;0;0;0.00;23;174;20;-9357.29;1
410;78;3;Colonie elfe;Elfes;0;0;56;6;47;4;0.75;11;1.00;10;19;0;28;11;50;0;0;0.00;16;347;20;-11834.07;0
410;78;4;Colonie orque;Orques;0;0;16;2;19;1;0.71;0;1.00;20;19;0;28;10;150;0;0;0.00;304;198;20;-12631.93;1
410;78;5;Colonie humaine;Humains;0;0;0;0;13;1;0.00;0;1.00;0;19;0;0;8;54;0;0;0.00;18;0;20;-5162.60;1
410;78;6;Colonie naine;Nains;0;0;19;4;17;4;0.62;3;1.00;20;19;0;0;9;103;0;0;0.00;4;121;20;-10897.67;0
410;79;1;Première colonie;Humains;0;0;39;4;44;3;0.72;3;1.00;0;19;1;28;11;174;0;0;0.00;29;229;20;-11239.75;1
410;79;2;Colonie naine;Nains;0;0;43;3;58;4;0.68;0;1.00;40;19;1;1;14;109;0;0;0.00;14;140;20;-9449.62;1
410;79;3;Colonie elfe;Elfes;0;0;56;5;47;4;0.71;11;1.00;10;19;0;28;11;50;0;0;0.00;34;311;20;-11996.80;0
410;79;4;Colonie orque;Orques;0;0;20;3;19;1;0.69;4;1.00;20;19;0;28;10;150;0;0;0.00;371;147;20;-12811.15;1
410;79;5;Colonie humaine;Humains;0;0;0;0;13;1;0.00;0;1.00;0;19;0;0;8;54;0;0;0.00;18;0;20;-5162.60;1
410;79;6;Colonie naine;Nains;0;0;21;3;17;4;0.69;4;1.00;20;19;0;0;9;103;0;0;0.00;4;118;20;-10939.42;0
410;80;1;Première colonie;Humains;0;0;38;3;44;3;0.73;2;1.00;0;19;1;28;11;177;0;0;0.00;11;219;20;-11279.15;1
410;80;2;Colonie naine;Nains;0;0;45;4;58;4;0.69;0;1.00;40;19;1;1;14;109;0;0;0.00;19;125;20;-9449.62;1
410;80;3;Colonie elfe;Elfes;0;0;54;4;47;4;0.73;9;1.00;10;19;0;28;11;52;0;0;0.00;83;340;20;-12129.79;0
410;80;4;Colonie orque;Orques;0;0;20;3;19;1;0.70;4;1.00;20;19;0;28;10;151;0;0;0.00;288;101;20;-12921.17;1
410;80;5;Colonie humaine;Humains;0;0;0;0;13;1;0.00;0;1.00;0;19;0;0;8;54;0;0;0.00;18;0;20;-5162.60;1
410;80;6;Colonie naine;Nains;0;0;21;3;17;4;0.67;5;1.00;20;19;0;0;9;103;0;0;0.00;45;112;20;-11101.47;0
410;81;1;Première colonie;Humains;0;0;38;4;44;3;0.73;2;1.00;0;19;1;28;11;181;0;0;0.00;11;256;20;-11389.29;1
410;81;2;Colonie naine;Nains;0;0;45;4;58;4;0.68;0;1.00;40;19;1;1;14;109;0;0;0.00;19;105;20;-9495.79;1
410;81;3;Colonie elfe;Elfes;0;0;53;4;47;4;0.71;8;1.00;10;19;0;28;11;53;0;0;0.00;2;332;20;-12271.36;0
410;81;4;Colonie orque;Orques;0;0;22;1;19;1;0.75;6;1.00;20;19;0;28;10;151;0;0;0.00;282;104;20;-13143.38;1
410;81;5;Colonie humaine;Humains;0;0;0;0;13;1;0.00;0;1.00;0;19;0;0;8;54;0;0;0.00;18;0;20;-5162.60;1
410;81;6;Colonie naine;Nains;0;0;22;3;17;4;0.69;6;1.00;20;19;0;0;9;103;0;0;0.00;9;125;20;-11280.53;0
410;82;1;Première colonie;Humains;0;0;34;3;44;3;0.70;0;1.00;0;19;1;28;11;187;0;0;0.00;7;189;20;-11509.26;1
410;82;2;Colonie naine;Nains;0;0;46;4;58;4;0.66;0;1.00;40;19;1;1;14;109;0;0;0.00;15;103;20;-9549.90;1
410;82;3;Colonie elfe;Elfes;0;0;53;2;47;4;0.76;8;1.00;10;19;0;28;11;53;0;0;0.00;76;324;20;-12346.60;0
410;82;4;Colonie orque;Orques;0;0;23;1;19;1;0.71;7;1.00;20;19;0;28;10;151;0;0;0.00;264;99;20;-13362.00;1
410;82;5;Colonie humaine;Humains;0;0;0;0;13;1;0.00;0;1.00;0;19;0;0;8;54;0;0;0.00;18;0;20;-5162.60;1
410;82;6;Colonie naine;Nains;0;0;22;3;17;4;0.68;6;1.00;20;19;0;0;9;103;0;0;0.00;13;127;20;-11308.72;0
410;83;1;Première colonie;Humains;0;0;33;3;44;3;0.72;0;1.00;0;19;1;28;11;191;0;0;0.00;12;220;20;-11634.72;1
410;83;2;Colonie naine;Nains;0;0;44;4;58;4;0.69;0;1.00;40;19;1;1;14;111;0;0;0.00;15;95;20;-9549.90;1
410;83;3;Colonie elfe;Elfes;0;0;51;2;47;4;0.72;6;1.00;10;19;0;28;11;55;0;0;0.00;60;323;20;-12471.72;0
410;83;4;Colonie orque;Orques;0;0;19;0;19;1;0.73;3;1.00;20;19;0;28;10;155;0;0;0.00;255;85;20;-13425.15;1
410;83;5;Colonie humaine;Humains;0;0;0;0;13;1;0.00;0;1.00;0;19;0;0;8;54;0;0;0.00;18;0;20;-5162.60;1
410;83;6;Colonie naine;Nains;0;0;20;3;17;4;0.65;4;1.00;20;19;0;0;9;105;0;0;0.00;13;115;20;-11336.02;0
410;84;1;Première colonie;Humains;0;0;31;1;44;3;0.75;0;1.00;0;19;1;28;11;194;0;0;0.00;12;164;20;-11713.23;1
410;84;2;Colonie naine;Nains;0;0;43;3;58;4;0.67;0;1.00;40;19;1;1;14;112;0;0;0.00;15;122;20;-9549.90;1
410;84;3;Colonie elfe;Elfes;0;0;52;3;47;4;0.72;7;1.00;10;19;0;28;11;55;0;0;0.00;61;324;20;-12627.55;0
410;84;4;Colonie orque;Orques;0;0;18;0;19;1;0.72;2;1.00;20;19;0;28;10;158;0;0;0.00;260;111;20;-13676.72;1
410;84;5;Colonie humaine;Humains;0;0;0;0;13;1;0.00;0;1.00;0;19;0;0;8;54;0;0;0.00;18;0;20;-5162.60;1
410;84;6;Colonie naine;Nains;0;0;19;0;17;4;0.72;2;1.00;20;19;0;0;9;106;0;0;0.00;13;106;20;-11409.96;0
410;85;1;Première colonie;Humains;0;0;35;0;44;3;0.72;0;1.00;0;19;1;28;11;196;0;0;0.00;22;173;20;-11794.90;1
410;85;2;Colonie naine;Nains;0;0;42;2;58;4;0.68;0;1.00;40;19;1;1;14;113;0;0;0.00;58;109;20;-9549.90;1
410;85;3;Colonie elfe;Elfes;0;0;51;2;47;4;0.72;7;1.00;10;19;0;28;11;56;0;0;0.00;1;329;20;-12739.33;0
410;85;4;Colonie orque;Orques;0;0;15;0;19;1;0.71;0;1.00;20;19;0;28;10;162;0;0;0.00;270;93;20;-13860.51;1
410;85;5;Colonie humaine;Humains;0;0;0;0;13;1;0.00;0;1.00;0;19;0;0;8;54;0;0;0.00;18;0;20;-5162.60;1
410;85;6;Colonie naine;Nains;0;0;20;0;17;4;0.71;4;1.00;20;19;0;0;9;107;0;0;0.00;25;105;20;-11505.63;0
410;86;1;Première colonie;Humains;0;0;38;1;44;3;0.70;2;1.00;0;19;1;28;11;197;0;0;0.00;9;183;20;-11944.18;1
410;86;2;Colonie naine;Nains;0;0;39;2;58;4;0.68;0;1.00;40;19;1;1;14;117;0;0;0.00;10;215;20;-9563.87;1
410;86;3;Colonie elfe;Elfes;0;0;50;2;47;4;0.72;6;1.00;10;19;0;28;11;57;0;0;0.00;1;336;20;-12840.80;0
410;86;4;Colonie orque;Orques;0;0;15;1;19;1;0.67;0;1.00;20;19;0;28;10;165;0;0;0.00;249;73;20;-13961.09;1
410;86;5;Colonie humaine;Humains;0;0;0;0;13;1;0.00;0;1.00;0;19;0;0;8;54;0;0;0.00;18;0;20;-5162.60;1
410;86;6;Colonie naine;Nains;0;0;17;1;17;4;0.68;1;1.00;20;19;0;0;9;111;0;0;0.00;3;96;20;-11622.22;0
410;87;1;Première colonie;Humains;0;0;37;2;44;3;0.70;1;1.00;0;19;1;28;11;199;0;0;0.00;11;242;20;-12002.54;1
410;87;2;Colonie naine;Nains;0;0;37;2;58;4;0.72;0;1.00;40;19;1;1;14;119;0;0;0.00;15;203;20;-9563.87;1
410;87;3;Colonie elfe;Elfes;0;0;50;1;47;4;0.73;6;1.00;10;19;0;28;11;57;0;0;0.00;44;313;20;-12936.80;0
410;87;4;Colonie orque;Orques;0;0;18;2;19;1;0.69;2;1.00;20;19;0;28;10;166;0;0;0.00;277;145;20;-14087.38;1
410;87;5;Colonie humaine;Humains;0;0;0;0;13;1;0.00;0;1.00;0;19;0;0;8;54;0;0;0.00;18;0;20;-5162.60;1
410;87;6;Colonie naine;Nains;0;0;16;1;17;4;0.70;0;1.00;20;19;0;0;9;112;0;0;0.00;8;103;20;-11663.94;0
410;88;1;Première colonie;Humains;0;0;39;4;44;3;0.68;3;1.00;0;19;1;28;11;201;0;0;0.00;13;272;20;-12092.70;1
410;88;2;Colonie naine;Nains;0;0;35;1;58;4;0.72;0;1.00;40;19;1;1;14;121;0;0;0.00;15;231;20;-9585.54;1
410;88;3;Colonie elfe;Elfes;0;0;49;1;47;4;0.74;5;1.00;10;19;0;28;11;58;0;0;0.00;21;290;20;-13050.65;0
410;88;4;Colonie orque;Orques;0;0;21;2;19;1;0.72;5;1.00;20;19;0;28;10;166;0;0;0.00;251;115;20;-14277.74;1
410;88;5;Colonie humaine;Humains;0;0;0;0;13;1;0.00;0;1.00;0;19;0;0;8;54;0;0;0.00;18;0;20;-5162.60;1
410;88;6;Colonie naine;Nains;0;0;17;1;17;4;0.67;1;1.00;20;19;0;0;9;112;0;0;0.00;8;108;20;-11777.72;0
410;89;1;Première colonie;Humains;0;0;39;3;44;3;0.70;3;1.00;0;19;1;28;11;201;0;0;0.00;11;262;20;-12173.20;1
410;89;2;Colonie naine;Nains;0;0;35;2;58;4;0.72;0;1.00;40;19;1;1;14;123;0;0;0.00;26;287;20;-9710.79;1
410;89;3;Colonie elfe;Elfes;0;0;45;1;47;4;0.75;1;1.00;10;19;0;28;11;62;0;0;0.00;16;282;20;-13201.06;0
410;89;4;Colonie orque;Orques;0;0;23;1;19;1;0.67;7;1.00;20;19;0;28;10;167;0;0;0.00;218;84;20;-14386.47;1
410;89;5;Colonie humaine;Humains;0;0;0;0;13;1;0.00;0;1.00;0;19;0;0;8;54;0;0;0.00;18;0;20;-5162.60;1
410;89;6;Colonie naine;Nains;0;0;17;1;16;4;0.69;5;1.00;20;19;0;0;9;114;0;0;0.00;8;101;20;-11950.82;0
410;90;1;Première colonie;Humains;0;0;39;3;44;3;0.71;3;1.00;0;19;1;28;11;206;0;0;0.00;9;246;20;-12274.28;1
410;90;2;Colonie naine;Nains;0;0;41;3;58;4;0.70;0;1.00;40;19;1;1;14;123;0;0;0.00;35;264;20;-9843.70;1
410;90;3;Colonie elfe;Elfes;0;0;46;1;47;4;0.72;2;1.00;10;19;0;28;11;63;0;0;0.00;101;293;20;-13303.45;0
410;90;4;Colonie orque;Orques;0;0;20;2;19;1;0.69;4;1.00;20;19;0;28;10;171;0;0;0.00;144;100;20;-14545.43;1
410;90;5;Colonie humaine;Humains;0;0;0;0;13;1;0.00;0;1.00;0;19;0;0;8;54;0;0;0.00;18;0;20;-5162.60;1
410;90;6;Colonie naine;Nains;0;0;17;1;16;4;0.66;5;1.00;20;19;0;0;9;114;0;0;0.00;8;114;20;-11992.94;0
410;91;1;Première colonie;Humains;0;0;39;1;44;3;0.71;3;1.00;0;19;1;28;11;207;0;0;0.00;8;233;20;-12390.33;1
410;91;2;Colonie naine;Nains;0;0;39;3;58;4;0.72;0;1.00;40;19;1;1;14;125;0;0;0.00;12;278;20;-9897.19;1
410;91;3;Colonie elfe;Elfes;0;0;44;2;47;4;0.74;0;1.00;10;19;0;28;11;66;0;0;0.00;19;287;20;-13433.74;0
410;91;4;Colonie orque;Orques;0;0;19;2;19;1;0.70;3;1.00;20;19;0;28;10;174;0;0;0.00;207;123;20;-14742.52;1
410;91;5;Colonie humaine;Humains;0;0;0;0;13;1;0.00;0;1.00;0;19;0;0;8;54;0;0;0.00;18;0;20;-5162.60;1
410;91;6;Colonie naine;Nains;0;0;16;1;16;4;0.63;4;1.00;20;19;0;0;9;116;0;0;0.00;8;105;20;-12143.80;0
410;92;1;Première colonie;Humains;0;0;35;2;44;3;0.69;0;1.00;0;19;1;28;11;212;0;0;0.00;65;241;20;-12447.87;1
410;92;2;Colonie naine;Nains;0;0;43;4;58;4;0.71;0;1.00;40;19;1;1;14;128;0;0;0.00;11;274;20;-10021.69;1
410;92;3;Colonie elfe;Elfes;0;0;46;5;47;4;0.73;2;1.00;10;19;0;28;11;68;0;0;0.00;19;295;20;-13469.24;0
410;92;4;Colonie orque;Orques;0;0;21;3;19;1;0.60;4;1.00;20;19;0;28;10;177;0;0;0.00;131;80;20;-14742.52;1
410;92;5;Colonie humaine;Humains;0;0;0;0;13;1;0.00;0;1.00;0;19;0;0;8;54;0;0;0.00;18;0;20;-5162.60;1
410;92;6;Colonie naine;Nains;0;0;16;0;15;4;0.68;4;1.00;20;19;0;0;9;116;0;0;0.00;8;109;20;-12218.61;0
410;93;1;Première colonie;Humains;0;0;33;1;44;3;0.72;0;1.00;0;19;1;28;11;214;0;0;0.00;15;221;20;-12570.11;1
410;93;2;Colonie naine;Nains;0;0;44;5;58;4;0.71;0;1.00;40;19;1;1;14;129;0;0;0.00;11;197;20;-10066.99;1
410;93;3;Colonie elfe;Elfes;0;0;46;5;47;4;0.75;2;1.00;10;19;0;28;11;69;0;0;0.00;19;300;20;-13584.10;0
410;93;4;Colonie orque;Orques;0;0;20;1;19;1;0.73;3;1.00;20;19;0;28;10;179;0;0;0.00;133;119;20;-14879.98;1
410;93;5;Colonie humaine;Humains;0;0;0;0;13;1;0.00;0;1.00;0;19;0;0;8;54;0;0;0.00;18;0;20;-5162.60;1
410;93;6;Colonie naine;Nains;0;0;17;1;15;4;0.66;5;1.00;20;19;0;0;9;116;0;0;0.00;8;103;20;-12359.18;0
410;94;1;Première colonie;Humains;0;0;36;2;44;3;0.73;0;1.00;0;19;1;28;11;216;0;0;0.00;20;325;20;-12620.41;1
410;94;2;Colonie naine;Nains;0;0;44;6;58;4;0.70;0;1.00;40;19;1;1;14;130;0;0;0.00;16;180;20;-10115.75;1
410;94;3;Colonie elfe;Elfes;0;0;47;6;47;4;0.75;3;1.00;10;19;0;28;11;69;0;0;0.00;35;288;20;-13771.22;0
410;94;4;Colonie orque;Orques;0;0;20;0;19;1;0.68;4;1.00;20;19;0;28;10;181;0;0;0.00;97;91;20;-15048.97;1
410;94;5;Colonie humaine;Humains;0;0;0;0;13;1;0.00;0;1.00;0;19;0;0;8;54;0;0;0.00;18;0;20;-5162.60;1
410;94;6;Colonie naine;Nains;0;0;15;1;15;4;0.71;3;1.00;20;19;0;0;9;119;0;0;0.00;8;81;20;-12419.46;0
410;95;1;Première colonie;Humains;0;0;35;1;44;3;0.72;0;1.00;0;19;1;28;11;219;0;0;0.00;25;239;20;-12701.95;1
410;95;2;Colonie naine;Nains;0;0;43;6;58;4;0.70;0;1.00;40;19;1;1;14;133;0;0;0.00;16;153;20;-10115.75;1
410;95;3;Colonie elfe;Elfes;0;0;49;7;47;4;0.73;5;1.00;10;19;0;28;11;71;0;0;0.00;10;282;20;-13938.48;0
410;95;4;Colonie orque;Orques;0;0;18;0;19;1;0.70;2;1.00;20;19;0;28;10;183;0;0;0.00;35;109;20;-15155.35;1
410;95;5;Colonie humaine;Humains;0;0;0;0;13;1;0.00;0;1.00;0;19;0;0;8;54;0;0;0.00;18;0;20;-5162.60;1
410;95;6;Colonie naine;Nains;0;0;16;1;15;4;0.65;4;1.00;20;19;0;0;9;119;0;0;0.00;8;83;20;-12586.03;0
410;96;1;Première colonie;Humains;0;0;34;2;44;3;0.72;0;1.00;0;19;1;28;11;222;0;0;0.00;19;221;20;-12814.42;1
410;96;2;Colonie naine;Nains;0;0;41;6;58;4;0.70;0;1.00;40;19;1;1;14;136;0;0;0.00;10;157;20;-10115.75;1
410;96;3;Colonie elfe;Elfes;0;0;50;7;47;4;0.74;6;1.00;10;19;0;28;11;71;0;0;0.00;22;318;20;-14005.71;0
410;96;4;Colonie orque;Orques;0;0;20;2;19;1;0.69;4;1.00;20;19;0;28;10;186;0;0;0.00;35;90;20;-15246.52;1
410;96;5;Colonie humaine;Humains;0;0;0;0;13;1;0.00;0;1.00;0;19;0;0;8;54;0;0;0.00;18;0;20;-5162.60;1
410;96;6;Colonie naine;Nains;0;0;17;1;15;4;0.68;5;1.00;20;19;0;0;9;120;0;0;0.00;8;115;20;-12735.34;0
410;97;1;Première colonie;Humains;0;0;29;1;44;3;0.70;0;1.00;0;19;1;28;11;227;0;0;0.00;19;234;20;-12880.00;1
410;97;2;Colonie naine;Nains;0;0;43;7;58;4;0.72;0;1.00;40;19;1;1;14;137;0;0;0.00;10;245;20;-10187.71;1
410;97;3;Colonie elfe;Elfes;0;0;48;7;47;4;0.73;4;1.00;10;19;0;28;11;73;0;0;0.00;4;310;20;-14117.01;0
410;97;4;Colonie orque;Orques;0;0;21;2;19;1;0.69;5;1.00;20;19;0;28;10;188;0;0;0.00;10;136;20;-15363.23;1
410;97;5;Colonie humaine;Humains;0;0;0;0;13;1;0.00;0;1.00;0;19;0;0;8;54;0;0;0.00;18;0;20;-5162.60;1
410;97;6;Colonie naine;Nains;0;0;17;1;15;4;0.67;5;1.00;20;19;0;0;9;121;0;0;0.00;13;104;20;-12764.21;0
410;98;1;Première colonie;Humains;0;0;30;2;44;3;0.73;0;1.00;0;19;1;28;11;230;0;0;0.00;23;183;20;-12981.64;1
410;98;2;Colonie naine;Nains;0;0;43;6;58;4;0.71;0;1.00;40;19;1;1;14;139;0;0;0.00;15;210;20;-10230.57;1
410;98;3;Colonie elfe;Elfes;0;0;49;8;47;4;0.72;5;1.00;10;19;0;28;11;74;0;0;0.00;4;320;20;-14317.42;0
410;98;4;Colonie orque;Orques;0;0;20;1;19;1;0.70;4;1.00;20;19;0;28;10;190;0;0;0.00;10;119;20;-15499.47;1
410;98;5;Colonie humaine;Humains;0;0;0;0;13;1;0.00;0;1.00;0;19;0;0;8;54;0;0;0.00;18;0;20;-5162.60;1
410;98;6;Colonie naine;Nains;0;0;17;1;15;4;0.69;5;1.00;20;19;0;0;9;122;0;0;0.00;18;96;20;-12838.85;0
410;99;1;Première colonie;Humains;0;0;31;2;44;3;0.73;0;1.00;0;19;1;28;11;231;0;0;0.00;8;224;20;-13105.42;1
410;99;2;Colonie naine;Nains;0;0;46;6;58;4;0.70;0;1.00;40;19;1;1;14;141;0;0;0.00;27;159;20;-10258.28;1
410;99;3;Colonie elfe;Elfes;0;0;50;9;47;4;0.74;6;1.00;10;19;0;28;11;74;0;0;0.00;13;308;20;-14401.16;0
410;99;4;Colonie orque;Orques;0;0;20;2;19;1;0.72;4;1.00;20;19;0;28;10;193;0;0;0.00;30;129;20;-15577.49;1
410;99;5;Colonie humaine;Humains;0;0;0;0;13;1;0.00;0;1.00;0;19;0;0;8;54;0;0;0.00;18;0;20;-5162.60;1
410;99;6;Colonie naine;Nains;0;0;17;0;15;4;0.70;5;1.00;20;19;0;0;9;122;0;0;0.00;0;112;20;-12900.35;0
410;100;1;Première colonie;Humains;0;0;30;3;44;3;0.74;0;1.00;0;19;1;28;11;237;0;0;0.00;25;199;20;-13152.08;1
410;100;2;Colonie naine;Nains;0;0;47;5;58;4;0.68;0;1.00;40;19;1;1;14;141;0;0;0.00;10;96;20;-10366.79;1
410;100;3;Colonie elfe;Elfes;0;0;50;9;47;4;0.74;6;1.00;10;19;0;28;11;74;0;0;0.00;17;323;20;-14516.42;0
410;100;4;Colonie orque;Orques;0;0;20;2;19;1;0.72;4;1.00;20;19;0;28;10;194;0;0;0.00;30;132;20;-15693.34;1
410;100;5;Colonie humaine;Humains;0;0;0;0;13;1;0.00;0;1.00;0;19;0;0;8;54;0;0;0.00;18;0;20;-5162.60;1
410;100;6;Colonie naine;Nains;0;0;17;0;15;4;0.67;5;1.00;30;19;0;0;9;122;0;0;0.00;4;118;20;-12960.25;0
