graine;annee;type;detail
401;1;colonie_nee;1 Première colonie (Humains) mere=0
401;1;colonie_nee;2 Colonie naine (Nains) mere=0
401;1;colonie_nee;3 Colonie elfe (Elfes) mere=0
401;1;colonie_nee;4 Colonie orque (Orques) mere=0
401;1;colonie_nee;5 Colonie humaine (Humains) mere=0
401;1;colonie_nee;6 Colonie naine (Nains) mere=0
401;1;pacte;War 4-3
401;1;mission;Prospection 4->4
401;1;expedition_guerre;4->3 guerriers=3 armes=0
401;1;bataille;4->3 victoire=False butin=0
401;2;expedition_guerre;4->3 guerriers=3 armes=0
401;2;pacte;Truce 4-3
401;2;bataille;4->3 victoire=False butin=0
401;2;mission;Prospection 6->6
401;2;mission;Prospection 1->1
401;2;mission;Prospection 2->2
401;2;mission;Prospection 5->5
401;2;mission;Prospection 1->1
401;3;mission;Prospection 6->6
401;3;mission;Prospection 2->2
401;3;mission;Prospection 5->5
401;3;mission;Prospection 1->1
401;3;mission;Prospection 3->3
401;3;mission;Prospection 6->6
401;3;mission;Prospection 2->2
401;4;mission;Prospection 5->5
401;4;mission;Prospection 6->6
401;4;mission;Prospection 3->3
401;4;mission;Prospection 2->2
401;4;mission;Prospection 5->5
401;4;mission;Prospection 6->6
401;5;mission;Prospection 3->3
401;5;mission;Prospection 2->2
401;5;mission;Prospection 5->5
401;5;mission;Prospection 3->3
401;5;mission;Prospection 6->6
401;5;mission;RoadWork 2->2
401;6;mission;Prospection 3->3
401;6;mission;Prospection 2->2
401;6;mission;RoadWork 5->5
401;6;mission;Prospection 6->6
401;6;mission;Prospection 2->2
401;6;mission;RoadWork 3->3
401;6;mission;RoadWork 5->5
401;7;mission;RoadWork 3->3
401;7;mission;Prospection 2->2
401;7;mission;Prospection 6->6
401;8;mission;Prospection 3->3
401;8;mission;Prospection 2->2
401;8;mission;Prospection 3->3
401;9;colonie_nee;7 Pont-André (Humains) mere=5
401;9;royaume_fonde;1 Royaume de Colonie humaine membres=2
401;9;royaume_roi;1 Royaume de Colonie humaine roi=49
401;9;mission;Supply 6->6
401;9;mission;Supply 6->6
401;9;mission;Supply 6->6
401;9;mission;Supply 6->6
401;9;mission;Supply 6->6
401;9;mission;Supply 6->6
401;9;mission;Prospection 3->3
401;9;mission;Prospection 5->5
401;9;mission;Prospection 2->2
401;10;mission;Supply 6->6
401;10;mission;RoadWork 5->5
401;10;mission;Supply 6->6
401;10;mission;Prospection 3->3
401;10;mission;Supply 6->6
401;10;mission;RoadWork 2->2
401;10;mission;Supply 6->6
401;11;mission;Prospection 1->1
401;11;mission;Prospection 2->2
401;11;mission;Prospection 3->3
401;11;mission;Prospection 1->1
401;11;mission;Prospection 5->5
401;11;mission;RoadWork 6->6
401;12;mission;RoadWork 2->2
401;12;royaume_roi;1 Royaume de Colonie humaine roi=76
401;12;mission;Supply 6->6
401;12;mission;Prospection 1->1
401;12;mission;Prospection 5->5
401;12;mission;Prospection 3->3
401;12;mission;RoadWork 2->2
401;12;mission;Prospection 1->1
401;13;mission;RoadWork 6->6
401;13;mission;RoadWork 2->2
401;13;mission;Prospection 3->3
401;13;mission;Prospection 1->1
401;13;mission;Supply 6->6
401;13;royaume_roi;1 Royaume de Colonie humaine roi=60
401;13;mission;Supply 6->6
401;14;royaume_roi;1 Royaume de Colonie humaine roi=94
401;14;mission;RoadWork 2->2
401;14;mission;Supply 6->6
401;14;mission;Prospection 1->1
401;14;mission;Prospection 3->3
401;14;mission;Supply 6->6
401;14;mission;Supply 6->6
401;14;mission;RoadWork 2->2
401;15;mission;RoadWork 1->1
401;15;mission;RoadWork 7->7
401;15;mission;RoadWork 2->2
401;15;mission;Supply 6->6
401;15;mission;Prospection 1->1
401;15;mission;RoadWork 3->3
401;15;mission;Supply 6->6
401;15;mission;RoadWork 5->5
401;15;mission;Supply 6->6
401;16;mission;RoadWork 2->2
401;16;mission;RoadWork 1->1
401;16;mission;Supply 6->6
401;16;mission;Prospection 5->5
401;16;mission;Prospection 2->2
401;16;mission;Supply 6->6
401;16;mission;RoadWork 1->1
401;17;mission;Supply 6->6
401;17;mission;Supply 6->6
401;17;mission;Supply 6->6
401;17;mission;Supply 6->6
401;17;mission;Supply 6->6
401;17;mission;Supply 6->6
401;17;mission;Supply 6->6
401;17;mission;RoadWork 5->5
401;17;mission;Supply 6->6
401;17;mission;Prospection 1->1
401;17;mission;Supply 6->6
401;17;mission;Supply 6->6
401;17;mission;Prospection 2->2
401;17;mission;Prospection 3->3
401;17;mission;Supply 6->6
401;17;mission;Prospection 1->1
401;17;mission;RoadWork 5->5
401;18;mission;Supply 6->6
401;18;mission;Supply 6->6
401;18;mission;RoadWork 2->2
401;18;royaume_roi;1 Royaume de Colonie humaine roi=88
401;18;mission;Supply 6->6
401;18;mission;Prospection 1->1
401;18;mission;Prospection 5->5
401;18;mission;RoadWork 3->3
401;18;mission;RoadWork 2->2
401;18;mission;Supply 6->6
401;18;mission;Supply 6->6
401;19;mission;Prospection 1->1
401;19;mission;RoadWork 5->5
401;19;mission;Supply 6->6
401;19;mission;Supply 6->6
401;19;mission;Supply 6->6
401;19;mission;Prospection 2->2
401;19;mission;Prospection 1->1
401;19;mission;RoadWork 5->5
401;19;mission;Supply 6->6
401;20;mission;RoadWork 2->2
401;20;mission;RoadWork 5->5
401;20;mission;Prospection 3->3
401;20;mission;Supply 6->6
401;20;mission;Prospection 1->1
401;20;mission;Supply 6->6
401;20;mission;RoadWork 2->2
401;20;mission;Supply 6->6
401;21;mission;RoadWork 3->3
401;21;mission;Supply 6->6
401;21;mission;RoadWork 5->5
401;21;mission;Supply 6->6
401;21;mission;Prospection 1->1
401;21;mission;Supply 6->6
401;21;mission;Supply 6->6
401;21;mission;Supply 6->6
401;21;mission;Prospection 2->2
401;21;mission;Prospection 3->3
401;21;mission;Foundation 1->1
401;21;mission;RoadWork 5->5
401;22;mission;Prospection 2->2
401;22;mission;Supply 6->6
401;22;mission;Supply 1->1
401;22;mission;Supply 6->6
401;22;mission;Supply 1->1
401;22;mission;Prospection 3->3
401;22;mission;RoadWork 5->5
401;22;mission;Supply 6->6
401;22;mission;Supply 1->1
401;22;mission;Prospection 2->2
401;22;royaume_roi;1 Royaume de Colonie humaine roi=94
401;22;royaume_roi;1 Royaume de Colonie humaine roi=243
401;22;mission;Supply 6->6
401;22;mission;RoadWork 5->5
401;23;mission;Prospection 3->3
401;23;mission;Supply 6->6
401;23;mission;Supply 1->1
401;23;mission;Supply 6->6
401;23;mission;Supply 6->6
401;23;mission;Supply 6->6
401;23;mission;Supply 6->6
401;23;mission;Supply 6->6
401;23;mission;Supply 6->6
401;23;mission;Supply 1->1
401;23;mission;Prospection 2->2
401;23;mission;Prospection 5->5
401;23;mission;Supply 6->6
401;23;mission;Supply 6->6
401;23;mission;Prospection 3->3
401;24;mission;Prospection 2->2
401;24;mission;RoadWork 5->5
401;24;mission;Supply 6->6
401;24;mission;Supply 6->6
401;24;mission;Supply 6->6
401;24;mission;Supply 1->1
401;24;mission;Supply 6->6
401;24;mission;Supply 6->6
401;24;mission;Supply 6->6
401;24;mission;Supply 1->1
401;24;mission;Prospection 3->3
401;24;mission;Prospection 2->2
401;24;mission;Prospection 5->5
401;24;mission;Supply 1->1
401;24;mission;RoadWork 6->6
401;25;mission;Supply 1->1
401;25;mission;Prospection 2->2
401;25;mission;RoadWork 3->3
401;25;mission;Supply 6->6
401;25;mission;Supply 6->6
401;25;mission;Supply 1->1
401;25;mission;RoadWork 5->5
401;25;mission;Supply 6->6
401;25;mission;Supply 1->1
401;25;mission;Prospection 2->2
401;25;mission;Prospection 5->5
401;25;mission;Prospection 6->6
401;25;mission;RoadWork 3->3
401;25;mission;Supply 6->6
401;25;mission;Supply 1->1
401;25;mission;Supply 6->6
401;26;mission;Supply 6->6
401;26;royaume_roi;1 Royaume de Colonie humaine roi=195
401;26;mission;Supply 6->6
401;26;mission;Supply 6->6
401;26;mission;Supply 1->1
401;26;mission;Supply 6->6
401;26;mission;RoadWork 5->5
401;26;mission;Supply 6->6
401;26;mission;Supply 1->1
401;26;mission;Supply 6->6
401;26;mission;Supply 6->6
401;26;mission;Prospection 2->2
401;26;mission;Prospection 3->3
401;26;mission;Supply 1->1
401;26;mission;Supply 6->6
401;26;mission;Supply 6->6
401;26;mission;RoadWork 5->5
401;26;mission;Supply 1->1
401;27;mission;Supply 6->6
401;27;mission;Supply 1->1
401;27;mission;Supply 6->6
401;27;mission;Supply 6->6
401;27;mission;RoadWork 2->2
401;27;mission;RoadWork 3->3
401;27;mission;Supply 1->1
401;27;mission;Supply 6->6
401;27;mission;RoadWork 5->5
401;27;mission;Supply 6->6
401;27;mission;Supply 6->6
401;27;mission;Supply 1->1
401;28;mission;Prospection 2->2
401;28;mission;RoadWork 3->3
401;28;mission;Supply 6->6
401;28;mission;Supply 6->6
401;28;mission;Prospection 5->5
401;28;mission;Supply 6->6
401;28;mission;Supply 6->6
401;28;mission;Supply 1->1
401;28;mission;Supply 6->6
401;28;mission;Supply 6->6
401;28;mission;Prospection 2->2
401;28;mission;Supply 6->6
401;28;mission;RoadWork 3->3
401;28;mission;Prospection 5->5
401;28;mission;Supply 6->6
401;29;mission;Prospection 2->2
401;29;mission;Supply 6->6
401;29;mission;Supply 1->1
401;29;mission;Prospection 5->5
401;29;mission;Supply 1->1
401;29;mission;RoadWork 7->7
401;29;mission;Supply 6->6
401;29;royaume_roi;1 Royaume de Colonie humaine roi=250
401;29;mission;Prospection 2->2
401;29;mission;Prospection 5->5
401;29;mission;RoadWork 7->7
401;30;mission;RoadWork 6->6
401;30;mission;Supply 1->1
401;30;mission;Prospection 2->2
401;30;mission;RoadWork 7->7
401;30;mission;Prospection 5->5
401;30;mission;Supply 6->6
401;30;mission;RoadWork 1->1
401;30;mission;RoadWork 3->3
401;30;mission;RoadWork 7->7
401;31;mission;Prospection 2->2
401;31;mission;Prospection 5->5
401;31;mission;Supply 6->6
401;31;mission;Supply 1->1
401;31;mission;RoadWork 7->7
401;31;mission;Prospection 5->5
401;31;mission;Prospection 2->2
401;31;mission;Prospection 6->6
401;31;mission;RoadWork 1->1
401;31;mission;Prospection 3->3
401;31;mission;Supply 1->1
401;32;mission;Prospection 5->5
401;32;mission;Prospection 2->2
401;32;mission;RoadWork 6->6
401;32;mission;Supply 6->6
401;32;mission;Supply 1->1
401;32;mission;Prospection 3->3
401;32;mission;Prospection 5->5
401;32;mission;Prospection 2->2
401;32;mission;RoadWork 6->6
401;33;mission;Supply 6->6
401;33;mission;Prospection 5->5
401;33;mission;Prospection 1->1
401;33;mission;RoadWork 3->3
401;33;mission;Prospection 2->2
401;33;mission;Prospection 5->5
401;33;mission;RoadWork 6->6
401;33;mission;Prospection 3->3
401;33;mission;Prospection 2->2
401;33;mission;Supply 6->6
401;34;mission;Supply 6->6
401;34;mission;Supply 6->6
401;34;mission;RoadWork 3->3
401;34;mission;Supply 6->6
401;34;mission;Prospection 2->2
401;34;mission;Prospection 5->5
401;34;mission;Supply 6->6
401;34;mission;Prospection 2->2
401;34;mission;RoadWork 3->3
401;34;mission;Supply 6->6
401;35;mission;Prospection 5->5
401;35;royaume_roi;1 Royaume de Colonie humaine roi=280
401;35;mission;Prospection 2->2
401;35;mission;Supply 6->6
401;35;mission;Foundation 1->1
401;35;mission;Prospection 3->3
401;35;mission;Supply 1->1
401;35;mission;Prospection 5->5
401;35;mission;Supply 1->1
401;35;mission;Supply 6->6
401;35;mission;Prospection 2->2
401;35;mission;Supply 1->1
401;36;mission;Prospection 3->3
401;36;mission;Supply 6->6
401;36;mission;Supply 1->1
401;36;mission;Supply 5->5
401;36;mission;Supply 6->6
401;36;mission;Prospection 4->4
401;36;mission;Supply 1->1
401;36;mission;Supply 6->6
401;36;mission;Supply 5->5
401;36;mission;Supply 1->1
401;36;mission;Prospection 2->2
401;36;mission;Supply 6->6
401;36;mission;Supply 6->6
401;36;mission;Supply 1->1
401;36;mission;Supply 5->5
401;36;mission;Prospection 3->3
401;36;mission;Prospection 4->4
401;36;mission;Supply 5->5
401;36;mission;Prospection 2->2
401;36;mission;Supply 5->5
401;37;mission;Supply 5->5
401;37;mission;Supply 5->5
401;37;mission;Supply 5->5
401;37;mission;Supply 5->5
401;37;mission;RoadWork 4->4
401;37;mission;RoadWork 6->6
401;37;mission;Prospection 2->2
401;37;mission;Supply 5->5
401;37;mission;Supply 5->5
401;37;mission;RoadWork 3->3
401;37;mission;Supply 5->5
401;37;royaume_roi;1 Royaume de Colonie humaine roi=278
401;37;mission;Supply 5->5
401;37;mission;Supply 1->1
401;37;mission;RoadWork 6->6
401;37;mission;Prospection 2->2
401;37;mission;RoadWork 4->4
401;38;mission;Supply 1->1
401;38;mission;RoadWork 3->3
401;38;mission;Supply 6->6
401;38;mission;Supply 1->1
401;38;mission;Prospection 5->5
401;38;mission;Supply 1->1
401;38;mission;Supply 1->1
401;38;mission;Supply 2->2
401;38;mission;RoadWork 4->4
401;38;royaume_roi;1 Royaume de Colonie humaine roi=287
401;38;mission;Supply 2->2
401;38;mission;RoadWork 3->3
401;38;mission;Supply 6->6
401;38;mission;Supply 2->2
401;38;mission;Prospection 5->5
401;38;mission;Supply 6->6
401;38;mission;Supply 2->2
401;38;mission;Supply 6->6
401;38;mission;Supply 6->6
401;38;mission;Supply 6->6
401;39;mission;Supply 6->6
401;39;mission;Supply 1->1
401;39;mission;RoadWork 3->3
401;39;mission;Supply 1->1
401;39;mission;Supply 2->2
401;39;mission;Supply 5->5
401;39;mission;Supply 5->5
401;39;mission;Supply 6->6
401;39;mission;Supply 1->1
401;39;mission;Supply 5->5
401;39;mission;Supply 2->2
401;39;mission;Supply 5->5
401;39;royaume_roi;1 Royaume de Colonie humaine roi=304
401;39;mission;Supply 1->1
401;39;mission;Supply 6->6
401;39;mission;Prospection 3->3
401;39;mission;Supply 2->2
401;39;mission;Supply 5->5
401;39;mission;Supply 6->6
401;39;mission;Supply 5->5
401;39;mission;Supply 6->6
401;39;mission;Supply 5->5
401;40;mission;Supply 5->5
401;40;mission;Supply 6->6
401;40;mission;Supply 5->5
401;40;mission;Supply 6->6
401;40;mission;Supply 1->1
401;40;mission;Supply 5->5
401;40;mission;Supply 2->2
401;40;mission;Supply 5->5
401;40;mission;Supply 5->5
401;40;mission;Supply 5->5
401;40;mission;Supply 6->6
401;40;mission;Supply 6->6
401;40;mission;Supply 5->5
401;40;mission;Supply 6->6
401;40;mission;Supply 1->1
401;40;mission;Supply 2->2
401;40;mission;Supply 5->5
401;40;mission;Supply 5->5
401;40;mission;Prospection 4->4
401;40;mission;Supply 6->6
401;40;mission;Prospection 3->3
401;40;mission;Supply 5->5
401;40;mission;Supply 5->5
401;40;mission;Supply 6->6
401;40;mission;Supply 5->5
401;40;mission;Supply 6->6
401;40;mission;Supply 2->2
401;40;mission;Supply 6->6
401;41;mission;Supply 1->1
401;41;mission;Supply 2->2
401;41;mission;Supply 5->5
401;41;mission;Supply 6->6
401;41;mission;Supply 5->5
401;41;mission;RoadWork 4->4
401;41;mission;Supply 5->5
401;41;mission;Supply 5->5
401;41;mission;Supply 2->2
401;41;mission;Prospection 3->3
401;41;mission;Supply 6->6
401;41;mission;Supply 5->5
401;41;mission;Supply 1->1
401;41;mission;Supply 5->5
401;41;mission;Supply 2->2
401;41;mission;Supply 6->6
401;41;mission;RoadWork 4->4
401;41;mission;Supply 6->6
401;41;royaume_roi;1 Royaume de Colonie humaine roi=442
401;41;mission;Supply 5->5
401;41;mission;Supply 6->6
401;42;mission;Supply 1->1
401;42;mission;Supply 6->6
401;42;mission;Supply 1->1
401;42;mission;Supply 2->2
401;42;mission;Supply 6->6
401;42;mission;Supply 5->5
401;42;mission;Supply 5->5
401;42;mission;Prospection 7->7
401;42;mission;Prospection 4->4
401;42;mission;Supply 1->1
401;42;mission;Supply 5->5
401;42;mission;Supply 5->5
401;42;mission;Prospection 2->2
401;42;mission;Supply 5->5
401;42;mission;Prospection 3->3
401;42;mission;Supply 5->5
401;42;mission;Supply 5->5
401;42;mission;Supply 5->5
401;42;mission;Supply 6->6
401;42;mission;Prospection 7->7
401;42;royaume_roi;1 Royaume de Colonie humaine roi=440
401;42;mission;Prospection 4->4
401;43;mission;Supply 5->5
401;43;mission;Supply 6->6
401;43;mission;Supply 2->2
401;43;mission;Supply 5->5
401;43;mission;Supply 6->6
401;43;mission;Supply 5->5
401;43;mission;Supply 6->6
401;43;mission;Supply 1->1
401;43;mission;Supply 5->5
401;43;mission;Supply 5->5
401;43;mission;Supply 5->5
401;43;mission;Supply 2->2
401;43;mission;Supply 6->6
401;43;mission;Prospection 4->4
401;43;mission;Supply 1->1
401;43;mission;Supply 6->6
401;43;mission;Supply 2->2
401;43;mission;Supply 6->6
401;44;mission;Supply 2->2
401;44;mission;Supply 6->6
401;44;mission;Supply 1->1
401;44;mission;Supply 6->6
401;44;mission;Supply 1->1
401;44;mission;Prospection 4->4
401;44;mission;Supply 5->5
401;44;mission;Supply 5->5
401;44;mission;Supply 6->6
401;44;mission;Supply 5->5
401;44;royaume_roi;1 Royaume de Colonie humaine roi=402
401;44;mission;Supply 1->1
401;44;mission;Supply 2->2
401;44;mission;Supply 1->1
401;44;mission;Prospection 4->4
401;44;mission;Prospection 6->6
401;44;mission;Prospection 5->5
401;45;mission;Supply 2->2
401;45;mission;Supply 6->6
401;45;mission;Supply 5->5
401;45;mission;Supply 6->6
401;45;mission;Supply 5->5
401;45;mission;Supply 6->6
401;45;mission;Supply 1->1
401;45;mission;Supply 6->6
401;45;mission;Supply 2->2
401;45;mission;Supply 6->6
401;45;mission;Prospection 4->4
401;45;mission;Supply 6->6
401;45;mission;Supply 1->1
401;45;mission;Supply 5->5
401;45;mission;Supply 6->6
401;45;mission;Supply 6->6
401;45;mission;Supply 1->1
401;45;mission;Supply 2->2
401;45;mission;Supply 6->6
401;46;mission;Prospection 4->4
401;46;mission;Supply 5->5
401;46;mission;Prospection 2->2
401;46;mission;RoadWork 1->1
401;46;mission;Supply 2->2
401;46;mission;Supply 6->6
401;46;mission;Prospection 4->4
401;46;mission;Supply 1->1
401;46;mission;Prospection 5->5
401;46;mission;Prospection 3->3
401;46;mission;Supply 2->2
401;46;mission;Supply 6->6
401;46;mission;Supply 1->1
401;46;mission;Supply 2->2
401;47;mission;Prospection 4->4
401;47;mission;Supply 6->6
401;47;mission;Supply 1->1
401;47;mission;Supply 6->6
401;47;mission;Supply 6->6
401;47;mission;Supply 1->1
401;47;mission;Supply 1->1
401;47;mission;Supply 6->6
401;47;mission;Prospection 4->4
401;47;mission;Supply 6->6
401;47;mission;Prospection 2->2
401;47;mission;Supply 6->6
401;48;mission;Supply 1->1
401;48;mission;Supply 6->6
401;48;mission;Supply 6->6
401;48;mission;Supply 6->6
401;48;mission;Supply 6->6
401;48;mission;Supply 1->1
401;48;mission;Prospection 2->2
401;48;mission;Supply 6->6
401;48;mission;Supply 6->6
401;48;mission;Supply 6->6
401;48;mission;Supply 6->6
401;48;mission;Supply 6->6
401;48;mission;Prospection 2->2
401;48;mission;Supply 1->1
401;48;mission;Supply 6->6
401;48;mission;Supply 6->6
401;49;mission;Supply 6->6
401;49;mission;Supply 6->6
401;49;mission;Supply 1->1
401;49;mission;Prospection 4->4
401;49;mission;Prospection 2->2
401;49;mission;Supply 6->6
401;49;mission;Supply 6->6
401;49;mission;Supply 6->6
401;49;mission;Supply 6->6
401;49;mission;Supply 6->6
401;49;mission;Prospection 4->4
401;49;mission;Supply 1->1
401;49;pacte;War 4-7
401;49;expedition_guerre;4->7 guerriers=3 armes=3
401;49;mission;Supply 6->6
401;49;mission;Supply 6->6
401;49;mission;Supply 2->2
401;49;mission;Supply 6->6
401;50;mission;Supply 6->6
401;50;expedition_guerre;4->7 guerriers=3 armes=3
401;50;mission;Supply 2->2
401;50;mission;Supply 6->6
401;50;pacte;Truce 4-7
401;50;mission;Supply 6->6
401;50;mission;Supply 1->1
401;50;mission;Supply 6->6
401;50;royaume_roi;1 Royaume de Colonie humaine roi=441
401;50;mission;Supply 6->6
401;50;mission;Supply 2->2
401;50;mission;Prospection 4->4
401;50;mission;Supply 6->6
401;50;mission;Supply 6->6
401;50;mission;Supply 1->1
401;50;mission;Supply 2->2
401;50;mission;Supply 6->6
401;50;mission;Supply 6->6
401;50;mission;Supply 2->2
401;50;mission;Supply 6->6
401;50;mission;Supply 2->2
401;50;mission;Supply 2->2
401;50;mission;Supply 6->6
401;50;mission;Supply 1->1
401;50;mission;Supply 2->2
401;50;mission;Prospection 4->4
401;51;mission;Supply 1->1
401;51;mission;Supply 2->2
401;51;mission;Supply 2->2
401;51;mission;Supply 1->1
401;51;mission;Prospection 4->4
401;51;pacte;War 4-7
401;51;expedition_guerre;4->7 guerriers=2 armes=2
401;51;expedition_guerre;4->7 guerriers=2 armes=2
401;51;mission;Supply 2->2
401;51;mission;Supply 6->6
401;51;pacte;Truce 4-7
401;51;mission;Supply 6->6
401;52;mission;Supply 1->1
401;52;mission;Prospection 4->4
401;52;mission;Supply 6->6
401;52;mission;Supply 2->2
401;52;mission;Supply 1->1
401;52;mission;Supply 6->6
401;52;mission;Supply 1->1
401;52;mission;Supply 1->1
401;52;mission;Prospection 4->4
401;52;mission;Prospection 2->2
401;52;mission;Prospection 3->3
401;52;mission;Supply 6->6
401;52;mission;Supply 1->1
401;53;mission;Supply 2->2
401;53;mission;Supply 1->1
401;53;mission;Supply 2->2
401;53;mission;Prospection 4->4
401;53;mission;Supply 1->1
401;53;pacte;War 4-7
401;53;expedition_guerre;4->7 guerriers=3 armes=3
401;53;mission;Supply 2->2
401;53;mission;Prospection 6->6
401;53;mission;Supply 1->1
401;53;expedition_guerre;4->7 guerriers=3 armes=3
401;53;conquete;7 Pont-André royaume=2
401;53;royaume_fonde;2 Royaume de Colonie orque membres=2
401;53;mission;Supply 2->2
401;54;mission;Supply 2->2
401;54;mission;Prospection 4->4
401;54;mission;Supply 1->1
401;54;royaume_roi;1 Royaume de Colonie humaine roi=458
401;54;mission;Supply 1->1
401;54;royaume_dissous;1
401;54;royaume_dissous;2
401;54;mission;Supply 1->1
401;54;mission;Supply 6->6
401;54;mission;Supply 2->2
401;54;mission;Prospection 4->4
401;54;mission;Supply 6->6
401;54;mission;Supply 1->1
401;54;mission;Supply 2->2
401;54;mission;Supply 6->6
401;55;mission;Prospection 4->4
401;55;mission;Supply 6->6
401;55;mission;Supply 1->1
401;55;mission;Supply 2->2
401;55;mission;Supply 1->1
401;55;mission;Supply 2->2
401;55;mission;Supply 6->6
401;55;mission;Supply 2->2
401;55;mission;Supply 2->2
401;55;mission;Prospection 4->4
401;56;mission;Supply 1->1
401;56;mission;Supply 6->6
401;56;mission;Supply 2->2
401;56;mission;Supply 1->1
401;56;mission;Supply 1->1
401;56;mission;Prospection 4->4
401;56;mission;Supply 6->6
401;56;mission;Supply 6->6
401;56;mission;RoadWork 2->2
401;56;mission;Supply 1->1
401;56;mission;Prospection 4->4
401;56;mission;Supply 6->6
401;56;mission;Supply 1->1
401;57;mission;Supply 6->6
401;57;pacte;War 4-3
401;57;expedition_guerre;4->3 guerriers=4 armes=4
401;57;mission;Supply 2->2
401;57;mission;Prospection 3->3
401;57;mission;Supply 6->6
401;57;expedition_guerre;4->3 guerriers=2 armes=2
401;57;mission;Prospection 4->4
401;57;pacte;Truce 4-3
401;57;expedition_guerre;3->4 guerriers=4 armes=4
401;57;mission;Supply 2->2
401;57;mission;Supply 6->6
401;57;mission;Foundation 1->1
401;57;mission;Prospection 3->3
401;57;mission;Supply 6->6
401;58;mission;Prospection 4->4
401;58;mission;Supply 6->6
401;58;mission;Supply 2->2
401;58;mission;Supply 1->1
401;58;mission;Supply 6->6
401;58;mission;Supply 6->6
401;58;mission;Supply 1->1
401;58;mission;Supply 2->2
401;58;mission;Prospection 4->4
401;58;mission;Supply 6->6
401;58;mission;Prospection 5->5
401;59;mission;RoadWork 4->4
401;59;mission;RoadWork 6->6
401;59;mission;Prospection 5->5
401;59;mission;Supply 6->6
401;59;mission;Prospection 1->1
401;59;mission;RoadWork 4->4
401;59;mission;Supply 6->6
401;59;mission;Supply 6->6
401;59;mission;Supply 6->6
401;59;mission;Prospection 5->5
401;59;mission;Supply 6->6
401;60;mission;Supply 6->6
401;60;mission;Supply 6->6
401;60;mission;Supply 1->1
401;60;mission;Supply 6->6
401;60;mission;Supply 1->1
401;60;mission;Supply 6->6
401;60;mission;Prospection 4->4
401;60;mission;Supply 6->6
401;60;mission;Supply 6->6
401;60;mission;Supply 6->6
401;60;mission;Prospection 5->5
401;60;mission;Prospection 3->3
401;60;mission;Supply 1->1
401;60;mission;Supply 6->6
401;60;mission;Prospection 4->4
401;61;mission;Supply 1->1
401;61;mission;Prospection 5->5
401;61;mission;Supply 6->6
401;61;mission;Supply 6->6
401;61;mission;Prospection 3->3
401;61;mission;Supply 6->6
401;61;mission;Supply 6->6
401;61;mission;Supply 6->6
401;61;mission;Supply 6->6
401;61;mission;Supply 6->6
401;61;mission;Prospection 4->4
401;61;mission;Supply 6->6
401;61;mission;Supply 6->6
401;61;mission;Supply 6->6
401;61;mission;RoadWork 1->1
401;61;mission;Prospection 5->5
401;61;mission;Prospection 3->3
401;61;mission;Prospection 4->4
401;61;mission;Supply 6->6
401;62;mission;Supply 6->6
401;62;mission;Supply 1->1
401;62;mission;Supply 6->6
401;62;mission;Supply 6->6
401;62;mission;Prospection 3->3
401;62;mission;Supply 6->6
401;62;mission;Supply 6->6
401;62;mission;Supply 6->6
401;62;mission;Supply 6->6
401;62;mission;Supply 1->1
401;62;mission;Prospection 4->4
401;62;mission;Supply 6->6
401;62;mission;Prospection 3->3
401;62;mission;Supply 1->1
401;62;mission;Supply 6->6
401;63;mission;Supply 2->2
401;63;mission;Prospection 5->5
401;63;mission;Prospection 3->3
401;63;mission;Prospection 4->4
401;63;mission;Supply 1->1
401;63;mission;Supply 2->2
401;63;mission;Supply 1->1
401;63;mission;Supply 1->1
401;63;mission;Supply 6->6
401;63;mission;Prospection 5->5
401;63;mission;Supply 2->2
401;63;mission;Prospection 3->3
401;63;mission;Supply 2->2
401;63;mission;Prospection 4->4
401;63;mission;Supply 2->2
401;63;mission;Supply 6->6
401;63;mission;Supply 6->6
401;63;mission;Supply 1->1
401;63;mission;Supply 6->6
401;64;mission;Prospection 5->5
401;64;mission;Supply 6->6
401;64;mission;Supply 2->2
401;64;mission;Supply 6->6
401;64;mission;Supply 1->1
401;64;mission;Supply 6->6
401;64;mission;Supply 2->2
401;64;mission;Supply 6->6
401;64;mission;RoadWork 4->4
401;64;mission;Supply 6->6
401;64;mission;Supply 2->2
401;64;mission;Supply 6->6
401;64;mission;Supply 1->1
401;64;mission;Supply 6->6
401;64;mission;Prospection 3->3
401;64;mission;Supply 6->6
401;64;mission;Supply 6->6
401;64;mission;Supply 6->6
401;64;mission;Prospection 5->5
401;64;mission;Supply 6->6
401;64;mission;Prospection 4->4
401;64;mission;Prospection 2->2
401;64;mission;Prospection 3->3
401;65;mission;Supply 6->6
401;65;mission;Supply 1->1
401;65;mission;Prospection 5->5
401;65;mission;RoadWork 4->4
401;65;mission;RoadWork 2->2
401;65;mission;Supply 3->3
401;65;mission;RoadWork 6->6
401;65;mission;Supply 1->1
401;65;mission;Prospection 4->4
401;65;mission;Prospection 5->5
401;65;mission;Supply 3->3
401;65;mission;Prospection 2->2
401;66;mission;Prospection 6->6
401;66;mission;Supply 1->1
401;66;mission;Supply 3->3
401;66;mission;Prospection 4->4
401;66;mission;Supply 1->1
401;66;mission;Prospection 5->5
401;66;mission;Supply 1->1
401;66;mission;Supply 3->3
401;66;mission;Prospection 2->2
401;66;mission;Prospection 6->6
401;66;mission;Supply 3->3
401;66;mission;Prospection 4->4
401;66;mission;Supply 3->3
401;67;mission;Prospection 2->2
401;67;mission;Supply 3->3
401;67;mission;Prospection 6->6
401;67;mission;Prospection 4->4
401;67;mission;Supply 3->3
401;67;mission;Prospection 6->6
401;67;mission;Prospection 2->2
401;67;mission;Prospection 5->5
401;67;mission;Supply 3->3
401;67;mission;Prospection 4->4
401;68;mission;Prospection 6->6
401;68;mission;Prospection 2->2
401;68;mission;Prospection 3->3
401;68;mission;Prospection 4->4
401;68;mission;Prospection 6->6
401;68;mission;Supply 3->3
401;68;mission;Prospection 2->2
401;68;mission;Supply 3->3
401;68;mission;Prospection 4->4
401;69;mission;Supply 3->3
401;69;mission;Supply 3->3
401;69;mission;Prospection 6->6
401;69;mission;Supply 3->3
401;69;mission;Prospection 4->4
401;69;mission;Prospection 5->5
401;69;mission;Prospection 2->2
401;69;mission;Supply 3->3
401;69;mission;Prospection 6->6
401;69;mission;Supply 3->3
401;69;mission;Prospection 4->4
401;69;mission;Prospection 5->5
401;70;mission;Prospection 2->2
401;70;mission;Supply 3->3
401;70;mission;Supply 3->3
401;70;mission;Prospection 6->6
401;70;mission;Supply 3->3
401;70;mission;Prospection 4->4
401;70;mission;Prospection 5->5
401;70;mission;Prospection 2->2
401;70;mission;Prospection 6->6
401;70;mission;RoadWork 4->4
401;71;mission;Supply 3->3
401;71;mission;RoadWork 5->5
401;71;mission;Prospection 2->2
401;71;mission;Supply 3->3
401;71;mission;Supply 3->3
401;71;mission;Supply 3->3
401;71;mission;Supply 3->3
401;71;mission;Prospection 6->6
401;71;mission;Supply 3->3
401;71;mission;Supply 3->3
401;71;mission;Prospection 4->4
401;71;mission;Supply 3->3
401;71;mission;Prospection 5->5
401;71;mission;Prospection 2->2
401;71;mission;Supply 3->3
401;71;mission;Supply 3->3
401;71;mission;Prospection 6->6
401;71;mission;Supply 3->3
401;72;mission;Supply 3->3
401;72;mission;Prospection 5->5
401;72;mission;Supply 3->3
401;72;mission;Prospection 4->4
401;72;mission;Supply 3->3
401;72;mission;Prospection 2->2
401;72;mission;Supply 3->3
401;72;mission;Prospection 6->6
401;72;mission;Prospection 5->5
401;72;mission;Prospection 4->4
401;72;mission;Supply 3->3
401;72;mission;Prospection 2->2
401;73;mission;Supply 3->3
401;73;mission;Prospection 5->5
401;73;mission;Prospection 6->6
401;73;mission;RoadWork 1->1
401;73;mission;Prospection 2->2
401;73;mission;Supply 3->3
401;73;mission;Supply 3->3
401;73;mission;Prospection 5->5
401;73;mission;Prospection 2->2
401;73;mission;Supply 3->3
401;74;mission;Supply 3->3
401;74;mission;Prospection 5->5
401;74;mission;Prospection 6->6
401;74;mission;Supply 3->3
401;74;mission;Supply 3->3
401;74;mission;RoadWork 1->1
401;74;mission;Supply 3->3
401;74;mission;Prospection 2->2
401;74;mission;Supply 3->3
401;74;mission;Supply 3->3
401;74;mission;Prospection 5->5
401;74;mission;Prospection 6->6
401;74;mission;Supply 3->3
401;74;mission;Prospection 2->2
401;75;mission;Prospection 5->5
401;75;mission;Supply 3->3
401;75;mission;Prospection 6->6
401;75;mission;Prospection 1->1
401;75;mission;Supply 3->3
401;75;mission;Supply 3->3
401;75;mission;Supply 3->3
401;75;mission;Supply 3->3
401;75;mission;Supply 3->3
401;75;mission;Prospection 5->5
401;75;mission;Prospection 6->6
401;75;mission;Supply 3->3
401;75;mission;Supply 3->3
401;76;mission;Prospection 2->2
401;76;mission;Prospection 1->1
401;76;mission;Prospection 5->5
401;76;mission;Supply 3->3
401;76;mission;Prospection 2->2
401;76;mission;Supply 3->3
401;76;mission;Prospection 6->6
401;76;mission;Prospection 5->5
401;76;mission;Prospection 1->1
401;77;mission;Supply 3->3
401;77;mission;Prospection 2->2
401;77;mission;Supply 3->3
401;77;mission;Supply 3->3
401;77;mission;Supply 3->3
401;77;mission;Prospection 5->5
401;77;mission;Prospection 6->6
401;77;mission;Prospection 2->2
401;78;mission;Prospection 5->5
401;78;mission;Prospection 2->2
401;78;mission;RoadWork 5->5
401;78;mission;Prospection 6->6
401;78;mission;Prospection 2->2
401;79;mission;Prospection 2->2
401;79;mission;Prospection 4->4
401;79;mission;Prospection 6->6
401;79;mission;Prospection 2->2
401;80;mission;Prospection 4->4
401;80;mission;Prospection 2->2
401;80;mission;Prospection 4->4
401;81;mission;Prospection 4->4
401;81;mission;Prospection 4->4
401;81;mission;Prospection 2->2
401;82;mission;Prospection 4->4
401;82;mission;Prospection 5->5
401;82;mission;Prospection 2->2
401;82;mission;Prospection 4->4
401;83;mission;Prospection 5->5
401;83;mission;Prospection 4->4
401;83;mission;Prospection 5->5
401;83;pacte;War 4-3
401;83;mission;Prospection 2->2
401;83;expedition_guerre;4->3 guerriers=3 armes=1
401;83;mission;Prospection 4->4
401;84;mission;Prospection 5->5
401;84;mission;Prospection 4->4
401;84;mission;Prospection 2->2
401;84;mission;Prospection 5->5
401;84;mission;Prospection 6->6
401;84;mission;Prospection 4->4
401;85;mission;Prospection 5->5
401;85;mission;Prospection 4->4
401;85;mission;Prospection 6->6
401;85;mission;Prospection 5->5
401;86;mission;Prospection 4->4
401;86;mission;Prospection 5->5
401;86;mission;Prospection 4->4
401;87;mission;Prospection 4->4
401;87;mission;Prospection 5->5
401;87;mission;Prospection 4->4
401;87;mission;Prospection 5->5
401;87;mission;Prospection 6->6
401;88;mission;Prospection 4->4
401;88;mission;Prospection 5->5
401;88;mission;Prospection 4->4
401;88;mission;Prospection 6->6
401;89;mission;Prospection 4->4
401;89;mission;Prospection 6->6
401;89;mission;Prospection 4->4
401;89;mission;Prospection 6->6
401;90;mission;Prospection 4->4
401;90;mission;Prospection 6->6
401;90;mission;Prospection 4->4
401;90;mission;Prospection 6->6
401;91;mission;Prospection 5->5
401;91;mission;Prospection 4->4
401;91;mission;Prospection 6->6
401;91;mission;Prospection 5->5
401;91;mission;Prospection 4->4
401;92;mission;Prospection 4->4
401;92;mission;Prospection 5->5
401;92;mission;Prospection 4->4
401;93;mission;Prospection 4->4
401;93;mission;Prospection 4->4
401;94;mission;Prospection 4->4
401;94;mission;Prospection 2->2
401;95;mission;Prospection 4->4
401;95;mission;Prospection 5->5
401;95;mission;Prospection 4->4
401;95;mission;Prospection 6->6
401;95;mission;Prospection 5->5
401;95;mission;Prospection 2->2
401;96;mission;Prospection 6->6
401;96;mission;Prospection 4->4
401;96;mission;Prospection 5->5
401;96;mission;Prospection 2->2
401;96;mission;Prospection 4->4
401;96;mission;Prospection 6->6
401;96;mission;Prospection 2->2
401;96;mission;Prospection 5->5
401;97;mission;Prospection 4->4
401;97;mission;Prospection 6->6
401;97;mission;Prospection 5->5
401;97;mission;Prospection 2->2
401;97;mission;Prospection 6->6
401;98;mission;Prospection 5->5
401;98;mission;Prospection 6->6
401;98;mission;Prospection 2->2
401;98;mission;Prospection 5->5
401;98;mission;Prospection 6->6
401;99;mission;Prospection 5->5
401;99;mission;Prospection 6->6
401;99;mission;Prospection 2->2
401;99;mission;Prospection 5->5
401;99;mission;Prospection 6->6
401;100;mission;Prospection 2->2
401;100;mission;Prospection 6->6
401;100;mission;Prospection 5->5
401;100;mission;Prospection 2->2
401;100;mission;Prospection 6->6
402;1;colonie_nee;1 Première colonie (Humains) mere=0
402;1;colonie_nee;2 Colonie naine (Nains) mere=0
402;1;colonie_nee;3 Colonie elfe (Elfes) mere=0
402;1;colonie_nee;4 Colonie orque (Orques) mere=0
402;1;colonie_nee;5 Colonie humaine (Humains) mere=0
402;1;colonie_nee;6 Colonie naine (Nains) mere=0
402;1;mission;Prospection 2->2
402;1;mission;Prospection 3->3
402;1;mission;Prospection 1->1
402;2;mission;Prospection 1->1
402;2;mission;Prospection 2->2
402;2;mission;Prospection 6->6
402;2;mission;Prospection 5->5
402;2;mission;Prospection 3->3
402;2;mission;Prospection 3->3
402;2;mission;Prospection 5->5
402;3;mission;Prospection 1->1
402;3;mission;Prospection 2->2
402;3;mission;Prospection 6->6
402;3;mission;Prospection 3->3
402;3;mission;Prospection 5->5
402;3;mission;Prospection 4->4
402;3;mission;Prospection 2->2
402;3;mission;Prospection 1->1
402;3;mission;Prospection 6->6
402;3;mission;Prospection 5->5
402;4;mission;Prospection 2->2
402;4;mission;Prospection 3->3
402;4;mission;Prospection 5->5
402;4;mission;Prospection 1->1
402;4;mission;Prospection 2->2
402;4;mission;Prospection 3->3
402;4;mission;Prospection 6->6
402;5;mission;Prospection 5->5
402;5;mission;RoadWork 1->1
402;5;mission;Prospection 2->2
402;5;mission;Prospection 3->3
402;5;mission;Prospection 6->6
402;5;mission;RoadWork 5->5
402;5;mission;RoadWork 1->1
402;5;mission;Prospection 2->2
402;6;mission;RoadWork 5->5
402;6;mission;Prospection 1->1
402;6;mission;Prospection 2->2
402;6;mission;RoadWork 6->6
402;6;mission;RoadWork 3->3
402;6;mission;RoadWork 5->5
402;7;mission;RoadWork 1->1
402;7;mission;RoadWork 2->2
402;7;mission;RoadWork 5->5
402;7;mission;Prospection 1->1
402;7;mission;Prospection 6->6
402;7;mission;RoadWork 5->5
402;7;mission;RoadWork 3->3
402;8;mission;RoadWork 2->2
402;8;mission;RoadWork 1->1
402;8;mission;Prospection 5->5
402;8;mission;Prospection 2->2
402;8;mission;Foundation 6->6
402;8;mission;RoadWork 1->1
402;8;mission;RoadWork 5->5
402;9;mission;RoadWork 2->2
402;9;mission;RoadWork 1->1
402;9;mission;Prospection 6->6
402;9;mission;Prospection 2->2
402;9;mission;RoadWork 3->3
402;9;mission;RoadWork 5->5
402;9;mission;RoadWork 1->1
402;10;mission;RoadWork 5->5
402;10;mission;RoadWork 1->1
402;10;mission;Prospection 2->2
402;10;mission;Prospection 6->6
402;10;mission;Prospection 4->4
402;10;mission;RoadWork 5->5
402;11;mission;RoadWork 1->1
402;11;mission;Supply 6->6
402;11;mission;Prospection 1->1
402;11;mission;Prospection 4->4
402;11;mission;RoadWork 5->5
402;11;mission;RoadWork 6->6
402;11;mission;Prospection 2->2
402;12;mission;RoadWork 1->1
402;12;mission;Prospection 4->4
402;12;mission;Prospection 1->1
402;12;mission;RoadWork 5->5
402;12;mission;Prospection 6->6
402;13;mission;RoadWork 1->1
402;13;mission;RoadWork 4->4
402;13;mission;RoadWork 5->5
402;13;mission;Supply 6->6
402;13;mission;RoadWork 1->1
402;13;mission;RoadWork 4->4
402;13;mission;Prospection 5->5
402;13;mission;RoadWork 6->6
402;14;mission;RoadWork 4->4
402;14;mission;RoadWork 1->1
402;14;mission;Supply 6->6
402;14;mission;Prospection 5->5
402;14;mission;Prospection 4->4
402;14;mission;Prospection 1->1
402;14;mission;Prospection 2->2
402;14;mission;RoadWork 6->6
402;14;mission;Prospection 5->5
402;15;mission;Prospection 1->1
402;15;mission;Prospection 4->4
402;15;mission;Supply 5->5
402;15;mission;Relocation 6->6
402;15;mission;Supply 5->5
402;15;mission;Prospection 1->1
402;15;mission;Prospection 4->4
402;15;mission;Supply 5->5
402;15;mission;Supply 6->6
402;15;pacte;Alliance 1-5
402;15;mission;Supply 5->5
402;16;mission;Supply 5->5
402;16;mission;Supply 6->6
402;16;mission;Prospection 1->1
402;16;mission;Supply 5->5
402;16;mission;Prospection 4->4
402;16;mission;Supply 6->6
402;16;mission;Supply 5->5
402;16;mission;Prospection 1->1
402;16;mission;Prospection 4->4
402;16;mission;Supply 5->5
402;16;mission;Supply 6->6
402;17;mission;Supply 5->5
402;17;mission;Prospection 1->1
402;17;mission;Prospection 4->4
402;17;mission;Supply 6->6
402;17;mission;Supply 5->5
402;17;mission;Prospection 1->1
402;17;mission;Prospection 4->4
402;17;mission;Supply 6->6
402;18;mission;Supply 5->5
402;18;mission;Supply 5->5
402;18;mission;Supply 5->5
402;18;mission;Prospection 1->1
402;18;mission;Supply 6->6
402;18;mission;Prospection 4->4
402;18;mission;Supply 5->5
402;18;mission;Prospection 2->2
402;18;mission;Supply 6->6
402;18;mission;Supply 5->5
402;18;mission;Prospection 1->1
402;19;mission;Prospection 4->4
402;19;mission;Supply 5->5
402;19;mission;Supply 6->6
402;19;mission;Prospection 1->1
402;19;mission;Supply 5->5
402;19;mission;RoadWork 2->2
402;19;mission;Prospection 4->4
402;19;mission;RoadWork 6->6
402;19;mission;Supply 5->5
402;19;mission;Supply 5->5
402;20;mission;Prospection 1->1
402;20;mission;Supply 5->5
402;20;mission;Prospection 4->4
402;20;mission;Prospection 1->1
402;20;mission;Supply 5->5
402;20;mission;Supply 5->5
402;20;mission;Prospection 6->6
402;20;mission;RoadWork 2->2
402;20;mission;Supply 5->5
402;21;mission;Prospection 4->4
402;21;mission;Supply 5->5
402;21;mission;Supply 6->6
402;21;mission;Prospection 1->1
402;21;mission;Prospection 4->4
402;21;mission;RoadWork 6->6
402;21;mission;Prospection 2->2
402;21;mission;RoadWork 5->5
402;21;mission;Prospection 1->1
402;21;mission;Supply 5->5
402;22;mission;Supply 6->6
402;22;mission;Prospection 1->1
402;22;mission;Supply 5->5
402;22;mission;Prospection 4->4
402;22;mission;Prospection 2->2
402;22;mission;Prospection 6->6
402;22;mission;Prospection 1->1
402;23;mission;Supply 5->5
402;23;mission;RoadWork 2->2
402;23;mission;Supply 5->5
402;23;mission;Prospection 4->4
402;23;mission;Prospection 1->1
402;23;mission;Prospection 6->6
402;23;mission;RoadWork 2->2
402;23;mission;Prospection 1->1
402;23;mission;Prospection 4->4
402;23;mission;RoadWork 5->5
402;24;mission;Supply 6->6
402;24;mission;Prospection 1->1
402;24;mission;Prospection 4->4
402;24;mission;Relocation 6->6
402;24;mission;RoadWork 5->5
402;24;mission;Prospection 1->1
402;25;mission;Prospection 4->4
402;25;mission;Supply 6->6
402;25;mission;Prospection 2->2
402;25;mission;RoadWork 5->5
402;25;mission;Supply 6->6
402;25;mission;Prospection 1->1
402;25;mission;Prospection 4->4
402;25;mission;RoadWork 5->5
402;25;mission;Supply 6->6
402;25;mission;Prospection 1->1
402;26;mission;RoadWork 2->2
402;26;mission;Supply 6->6
402;26;mission;Prospection 4->4
402;26;mission;Prospection 5->5
402;26;mission;Prospection 1->1
402;26;mission;Supply 6->6
402;26;mission;Prospection 2->2
402;26;mission;Prospection 4->4
402;26;mission;Supply 6->6
402;27;mission;Prospection 5->5
402;27;mission;Prospection 1->1
402;27;mission;Supply 6->6
402;27;mission;Prospection 4->4
402;27;mission;Prospection 1->1
402;27;mission;Prospection 5->5
402;27;mission;Prospection 4->4
402;28;mission;Prospection 1->1
402;28;mission;Supply 6->6
402;28;mission;Prospection 4->4
402;28;mission;Supply 5->5
402;28;mission;Supply 6->6
402;28;mission;Prospection 1->1
402;28;mission;Supply 5->5
402;28;mission;Supply 5->5
402;29;mission;Prospection 4->4
402;29;mission;Supply 6->6
402;29;mission;Supply 5->5
402;29;mission;Supply 5->5
402;29;mission;Supply 6->6
402;29;mission;Prospection 1->1
402;29;mission;Supply 5->5
402;29;mission;Supply 6->6
402;29;mission;Prospection 4->4
402;29;mission;Prospection 2->2
402;29;mission;Prospection 1->1
402;29;mission;Supply 5->5
402;30;mission;Supply 5->5
402;30;mission;Supply 6->6
402;30;mission;Prospection 4->4
402;30;mission;Supply 5->5
402;30;mission;Supply 3->3
402;30;mission;Prospection 1->1
402;30;mission;Supply 6->6
402;30;mission;Supply 3->3
402;30;mission;Prospection 4->4
402;30;mission;Prospection 1->1
402;30;mission;Supply 6->6
402;31;mission;Supply 3->3
402;31;mission;Supply 5->5
402;31;mission;Prospection 4->4
402;31;mission;Supply 5->5
402;31;mission;Supply 5->5
402;31;mission;Supply 3->3
402;31;mission;Prospection 1->1
402;31;mission;Supply 5->5
402;31;mission;Supply 3->3
402;31;mission;Relocation 6->6
402;31;mission;Supply 5->5
402;31;mission;Supply 6->6
402;31;mission;Supply 3->3
402;31;mission;Prospection 4->4
402;31;mission;Supply 5->5
402;31;mission;Supply 3->3
402;32;mission;Prospection 1->1
402;32;mission;Supply 5->5
402;32;mission;Supply 5->5
402;32;mission;RoadWork 6->6
402;32;mission;Supply 5->5
402;32;mission;Prospection 4->4
402;32;mission;Supply 6->6
402;32;mission;Prospection 1->1
402;32;mission;Supply 6->6
402;32;mission;Prospection 4->4
402;32;mission;Supply 3->3
402;32;mission;Supply 5->5
402;33;mission;Supply 5->5
402;33;mission;Prospection 1->1
402;33;mission;Supply 5->5
402;33;mission;Supply 5->5
402;33;mission;Prospection 4->4
402;33;mission;Supply 5->5
402;33;mission;Supply 6->6
402;33;mission;Prospection 1->1
402;33;mission;Prospection 2->2
402;33;mission;Prospection 4->4
402;33;mission;Supply 5->5
402;33;mission;Supply 6->6
402;33;mission;Supply 5->5
402;34;mission;Supply 5->5
402;34;mission;Prospection 1->1
402;34;mission;Supply 6->6
402;34;mission;Supply 3->3
402;34;mission;Prospection 4->4
402;34;mission;Supply 6->6
402;34;mission;Supply 3->3
402;34;mission;Prospection 1->1
402;34;mission;RoadWork 5->5
402;34;mission;Prospection 4->4
402;35;mission;Supply 5->5
402;35;mission;Supply 5->5
402;35;mission;RoadWork 6->6
402;35;mission;Prospection 1->1
402;35;mission;Supply 6->6
402;35;mission;Prospection 4->4
402;35;mission;Supply 6->6
402;35;mission;Supply 3->3
402;35;mission;Supply 5->5
402;35;mission;Prospection 1->1
402;35;mission;Supply 6->6
402;36;mission;Supply 5->5
402;36;mission;Supply 5->5
402;36;mission;Prospection 4->4
402;36;mission;Supply 5->5
402;36;mission;Supply 5->5
402;36;mission;Supply 5->5
402;36;mission;Supply 5->5
402;36;mission;Supply 5->5
402;36;mission;Prospection 1->1
402;36;mission;Supply 6->6
402;36;mission;Prospection 4->4
402;36;mission;Supply 5->5
402;37;mission;Supply 5->5
402;37;mission;Prospection 1->1
402;37;mission;Prospection 4->4
402;37;mission;Supply 5->5
402;37;mission;Prospection 6->6
402;37;mission;Prospection 1->1
402;37;mission;Prospection 4->4
402;37;mission;RoadWork 5->5
402;38;mission;Supply 5->5
402;38;mission;Prospection 1->1
402;38;mission;Prospection 4->4
402;38;mission;Supply 5->5
402;38;mission;Supply 6->6
402;38;mission;Prospection 1->1
402;38;mission;Prospection 4->4
402;38;mission;Supply 5->5
402;39;mission;Supply 5->5
402;39;mission;Supply 5->5
402;39;mission;Prospection 1->1
402;39;mission;Prospection 4->4
402;39;mission;Supply 5->5
402;39;mission;Supply 6->6
402;40;mission;Prospection 5->5
402;40;mission;Prospection 1->1
402;40;mission;Prospection 4->4
402;40;mission;Supply 6->6
402;40;mission;RoadWork 2->2
402;40;mission;Supply 5->5
402;40;mission;Prospection 1->1
402;40;mission;Prospection 4->4
402;40;mission;Supply 5->5
402;41;mission;Supply 5->5
402;41;mission;Supply 5->5
402;41;mission;Prospection 1->1
402;41;mission;Prospection 4->4
402;41;mission;Supply 6->6
402;41;mission;Supply 5->5
402;41;mission;Supply 6->6
402;41;mission;Prospection 1->1
402;41;mission;Supply 3->3
402;41;mission;Supply 5->5
402;41;mission;Supply 6->6
402;42;mission;Supply 3->3
402;42;mission;Supply 3->3
402;42;mission;Prospection 4->4
402;42;mission;Supply 5->5
402;42;mission;Supply 3->3
402;42;mission;Supply 5->5
402;42;mission;Prospection 1->1
402;42;mission;Supply 3->3
402;42;mission;Prospection 2->2
402;42;mission;Supply 6->6
402;42;mission;Prospection 4->4
402;42;mission;Supply 5->5
402;42;mission;Prospection 1->1
402;43;mission;Supply 3->3
402;43;mission;Supply 5->5
402;43;mission;Prospection 2->2
402;43;mission;Supply 5->5
402;43;mission;Supply 3->3
402;43;mission;Prospection 1->1
402;43;mission;Prospection 6->6
402;43;mission;Supply 5->5
402;43;mission;Supply 6->6
402;43;mission;Supply 3->3
402;43;mission;Supply 6->6
402;44;mission;Prospection 1->1
402;44;mission;RoadWork 2->2
402;44;mission;Supply 5->5
402;44;mission;Supply 3->3
402;44;mission;RoadWork 5->5
402;44;mission;Prospection 6->6
402;44;mission;Prospection 1->1
402;44;mission;Supply 5->5
402;44;mission;Supply 5->5
402;44;mission;Supply 3->3
402;45;mission;Supply 5->5
402;45;mission;Supply 3->3
402;45;mission;Supply 3->3
402;45;mission;Relocation 6->6
402;45;mission;Supply 6->6
402;45;mission;Prospection 2->2
402;45;mission;Supply 3->3
402;45;mission;Supply 6->6
402;45;mission;Prospection 1->1
402;45;mission;Supply 3->3
402;45;mission;Supply 5->5
402;45;mission;Prospection 2->2
402;45;mission;Prospection 6->6
402;45;mission;Prospection 1->1
402;46;mission;Supply 6->6
402;46;mission;Prospection 5->5
402;46;mission;Prospection 1->1
402;46;mission;Prospection 6->6
402;46;mission;Prospection 5->5
402;46;mission;Supply 3->3
402;47;mission;Prospection 1->1
402;47;mission;Supply 6->6
402;47;mission;Prospection 2->2
402;47;mission;Supply 6->6
402;47;mission;Prospection 5->5
402;47;mission;Supply 6->6
402;47;mission;Prospection 1->1
402;47;mission;Supply 3->3
402;48;mission;Supply 6->6
402;48;mission;Prospection 5->5
402;48;mission;Supply 3->3
402;48;mission;Prospection 1->1
402;48;mission;Supply 3->3
402;48;mission;Supply 6->6
402;48;mission;Prospection 1->1
402;48;mission;Prospection 5->5
402;48;mission;Supply 3->3
402;49;mission;Supply 3->3
402;49;mission;Supply 6->6
402;49;mission;Supply 3->3
402;49;mission;Prospection 2->2
402;49;mission;Supply 3->3
402;49;mission;Supply 3->3
402;49;mission;Supply 3->3
402;49;mission;Prospection 1->1
402;49;mission;Prospection 5->5
402;49;mission;Supply 6->6
402;49;mission;Prospection 1->1
402;50;mission;Supply 3->3
402;50;mission;Prospection 5->5
402;50;mission;Supply 3->3
402;50;mission;Supply 3->3
402;50;mission;Supply 3->3
402;50;mission;Supply 3->3
402;50;mission;Relocation 6->6
402;50;mission;Supply 3->3
402;50;mission;Supply 3->3
402;50;mission;Prospection 2->2
402;50;mission;Supply 3->3
402;50;mission;Supply 6->6
402;50;mission;Supply 3->3
402;50;mission;Supply 3->3
402;50;mission;Prospection 1->1
402;50;mission;Supply 3->3
402;50;mission;Prospection 5->5
402;50;mission;Supply 3->3
402;50;mission;Supply 3->3
402;50;mission;RoadWork 6->6
402;51;mission;Supply 3->3
402;51;mission;Prospection 1->1
402;51;mission;Supply 3->3
402;51;mission;Supply 3->3
402;51;mission;Supply 6->6
402;51;mission;Supply 3->3
402;51;mission;Prospection 5->5
402;51;mission;Supply 3->3
402;51;mission;Supply 6->6
402;51;mission;Supply 3->3
402;51;mission;Supply 3->3
402;51;mission;Prospection 2->2
402;51;mission;Supply 6->6
402;51;mission;Prospection 1->1
402;51;mission;RoadWork 3->3
402;51;mission;Prospection 5->5
402;51;mission;Supply 6->6
402;51;mission;Supply 3->3
402;52;mission;Supply 3->3
402;52;mission;Supply 3->3
402;52;mission;Prospection 1->1
402;52;mission;Supply 3->3
402;52;mission;Supply 3->3
402;52;mission;Supply 3->3
402;52;mission;Prospection 5->5
402;52;mission;Supply 3->3
402;52;mission;Supply 6->6
402;52;mission;Supply 3->3
402;52;mission;Supply 3->3
402;52;mission;Supply 3->3
402;52;mission;Prospection 1->1
402;52;mission;Supply 3->3
402;52;mission;Prospection 5->5
402;53;mission;Supply 3->3
402;53;mission;Supply 3->3
402;53;mission;Prospection 1->1
402;53;mission;Supply 3->3
402;53;mission;Prospection 2->2
402;53;mission;Supply 3->3
402;53;mission;Supply 3->3
402;53;mission;Supply 3->3
402;53;mission;Supply 6->6
402;53;mission;Supply 3->3
402;53;mission;Prospection 5->5
402;53;mission;Prospection 1->1
402;53;mission;Supply 6->6
402;53;mission;Supply 3->3
402;53;mission;Supply 3->3
402;54;mission;Supply 3->3
402;54;mission;Supply 3->3
402;54;mission;Supply 3->3
402;54;mission;Supply 3->3
402;54;mission;Prospection 5->5
402;54;mission;Supply 3->3
402;54;mission;Supply 3->3
402;54;mission;Prospection 2->2
402;54;mission;Supply 3->3
402;54;mission;Supply 6->6
402;54;mission;Supply 3->3
402;54;mission;Prospection 1->1
402;54;mission;Supply 3->3
402;54;mission;Supply 3->3
402;54;mission;Supply 3->3
402;54;mission;Supply 6->6
402;54;mission;RoadWork 5->5
402;54;mission;Supply 3->3
402;54;mission;Supply 3->3
402;55;mission;Prospection 2->2
402;55;mission;Supply 3->3
402;55;mission;Supply 3->3
402;55;mission;Prospection 1->1
402;55;mission;Supply 3->3
402;55;mission;Supply 3->3
402;55;mission;Supply 6->6
402;55;mission;Supply 3->3
402;55;mission;Supply 3->3
402;55;mission;Supply 3->3
402;55;mission;Supply 3->3
402;55;mission;Supply 3->3
402;55;mission;Supply 3->3
402;55;mission;Prospection 5->5
402;55;mission;Supply 3->3
402;55;mission;Prospection 1->1
402;55;mission;Supply 6->6
402;55;mission;Supply 3->3
402;55;mission;Supply 3->3
402;55;mission;Supply 3->3
402;56;mission;Supply 3->3
402;56;mission;Supply 3->3
402;56;mission;Supply 3->3
402;56;mission;Supply 3->3
402;56;mission;Prospection 1->1
402;56;mission;Supply 3->3
402;56;mission;Supply 3->3
402;56;mission;Prospection 5->5
402;56;mission;Supply 3->3
402;56;mission;Supply 3->3
402;56;mission;Supply 3->3
402;56;mission;Supply 3->3
402;56;mission;Supply 3->3
402;56;mission;Supply 3->3
402;56;mission;RoadWork 2->2
402;56;mission;Relocation 6->6
402;56;mission;Prospection 1->1
402;56;mission;RoadWork 5->5
402;56;mission;Supply 3->3
402;56;mission;Supply 3->3
402;56;mission;Supply 3->3
402;57;mission;Supply 3->3
402;57;mission;Supply 3->3
402;57;mission;Prospection 2->2
402;57;mission;Supply 3->3
402;57;mission;Supply 3->3
402;57;mission;Supply 3->3
402;57;mission;Prospection 1->1
402;57;mission;Prospection 5->5
402;57;mission;Supply 3->3
402;57;mission;Supply 3->3
402;57;mission;Supply 3->3
402;57;mission;Supply 3->3
402;57;mission;Supply 3->3
402;57;mission;Prospection 2->2
402;57;mission;Supply 3->3
402;57;mission;Prospection 1->1
402;57;mission;Prospection 5->5
402;58;mission;Supply 3->3
402;58;mission;Supply 3->3
402;58;mission;Supply 3->3
402;58;mission;Supply 3->3
402;58;mission;Supply 3->3
402;58;mission;Prospection 2->2
402;58;mission;Supply 3->3
402;58;mission;Supply 3->3
402;58;mission;Supply 3->3
402;58;mission;Supply 3->3
402;58;mission;Prospection 5->5
402;58;mission;Supply 3->3
402;58;mission;Prospection 1->1
402;58;mission;Supply 3->3
402;58;mission;Supply 3->3
402;58;mission;Prospection 2->2
402;58;mission;Supply 3->3
402;59;mission;Prospection 4->4
402;59;mission;Prospection 5->5
402;59;mission;Supply 3->3
402;59;mission;Prospection 1->1
402;59;mission;Supply 3->3
402;59;mission;Supply 3->3
402;59;mission;Supply 3->3
402;59;mission;Supply 3->3
402;59;mission;Supply 3->3
402;59;mission;Supply 3->3
402;59;mission;Supply 3->3
402;59;mission;Supply 3->3
402;59;mission;Supply 3->3
402;59;mission;Supply 3->3
402;59;mission;Prospection 4->4
402;59;mission;Foundation 5->5
402;59;mission;Prospection 1->1
402;59;mission;Supply 5->5
402;59;mission;Supply 5->5
402;59;mission;Supply 5->5
402;60;mission;Supply 5->5
402;60;mission;Supply 3->3
402;60;mission;Foundation 6->6
402;60;mission;Supply 3->3
402;60;mission;Prospection 1->1
402;60;mission;Supply 3->3
402;60;mission;Supply 3->3
402;60;mission;Supply 5->5
402;60;mission;Supply 3->3
402;60;mission;Prospection 4->4
402;60;mission;Supply 3->3
402;60;mission;Supply 6->6
402;60;mission;Supply 5->5
402;60;mission;Supply 3->3
402;60;mission;Supply 3->3
402;60;mission;Supply 6->6
402;60;mission;Prospection 1->1
402;60;mission;Supply 6->6
402;60;mission;Prospection 4->4
402;61;mission;RoadWork 5->5
402;61;mission;Supply 3->3
402;61;mission;Prospection 2->2
402;61;mission;Supply 3->3
402;61;mission;Supply 3->3
402;61;mission;Supply 6->6
402;61;mission;Supply 3->3
402;61;mission;Supply 3->3
402;61;mission;Prospection 1->1
402;61;mission;Supply 3->3
402;61;mission;Prospection 4->4
402;61;mission;Supply 5->5
402;61;mission;Supply 6->6
402;61;mission;Supply 3->3
402;61;mission;Prospection 1->1
402;61;mission;Supply 5->5
402;61;mission;Supply 6->6
402;61;mission;Prospection 4->4
402;62;mission;Supply 5->5
402;62;mission;Supply 5->5
402;62;mission;Prospection 1->1
402;62;mission;Supply 5->5
402;62;mission;Supply 6->6
402;62;mission;Prospection 4->4
402;62;mission;Supply 6->6
402;62;mission;Supply 5->5
402;62;mission;Supply 3->3
402;62;mission;Prospection 1->1
402;62;mission;Prospection 2->2
402;62;mission;Supply 6->6
402;63;mission;Prospection 4->4
402;63;mission;Supply 5->5
402;63;mission;Supply 6->6
402;63;mission;Supply 5->5
402;63;mission;Supply 6->6
402;63;mission;Prospection 2->2
402;63;mission;Supply 5->5
402;63;mission;Supply 6->6
402;63;mission;Prospection 4->4
402;63;mission;Supply 6->6
402;63;mission;Supply 3->3
402;63;mission;Supply 5->5
402;63;mission;Supply 3->3
402;63;mission;Prospection 1->1
402;63;mission;Prospection 2->2
402;63;mission;Supply 5->5
402;63;mission;Supply 6->6
402;64;mission;Supply 3->3
402;64;mission;Prospection 4->4
402;64;mission;Supply 5->5
402;64;mission;Prospection 1->1
402;64;mission;Supply 6->6
402;64;mission;Prospection 2->2
402;64;mission;RoadWork 5->5
402;64;mission;Supply 3->3
402;64;mission;Prospection 4->4
402;64;mission;Prospection 1->1
402;64;mission;Supply 6->6
402;65;mission;Supply 5->5
402;65;mission;Supply 3->3
402;65;mission;Supply 6->6
402;65;mission;Prospection 2->2
402;65;mission;Supply 5->5
402;65;mission;Prospection 4->4
402;65;mission;Supply 3->3
402;65;mission;Prospection 1->1
402;65;mission;Supply 6->6
402;65;mission;Supply 3->3
402;65;mission;RoadWork 5->5
402;65;mission;Prospection 2->2
402;65;mission;Prospection 4->4
402;65;mission;Prospection 1->1
402;66;mission;Supply 5->5
402;66;mission;Supply 6->6
402;66;mission;Supply 5->5
402;66;mission;Supply 5->5
402;66;mission;Prospection 2->2
402;66;mission;Supply 5->5
402;66;mission;Prospection 4->4
402;66;mission;Supply 5->5
402;66;mission;Supply 6->6
402;66;mission;Supply 3->3
402;66;mission;Prospection 1->1
402;66;mission;Supply 3->3
402;66;mission;Supply 6->6
402;66;mission;Prospection 2->2
402;67;mission;Prospection 4->4
402;67;mission;RoadWork 5->5
402;67;mission;Supply 6->6
402;67;mission;Prospection 1->1
402;67;mission;Supply 3->3
402;67;mission;Supply 5->5
402;67;mission;Supply 3->3
402;67;mission;Prospection 4->4
402;67;mission;Prospection 2->2
402;67;mission;Supply 3->3
402;67;mission;Supply 1->1
402;67;mission;Prospection 5->5
402;67;mission;RoadWork 6->6
402;67;mission;Supply 1->1
402;67;mission;Supply 3->3
402;68;mission;Prospection 4->4
402;68;mission;Supply 5->5
402;68;mission;Supply 1->1
402;68;mission;Prospection 2->2
402;68;mission;Supply 6->6
402;68;mission;Supply 1->1
402;68;mission;Supply 5->5
402;68;mission;Supply 3->3
402;68;mission;Prospection 4->4
402;68;mission;Supply 3->3
402;68;mission;Foundation 6->6
402;68;mission;Supply 6->6
402;68;mission;Supply 1->1
402;68;mission;Supply 5->5
402;68;mission;Supply 6->6
402;69;mission;Supply 1->1
402;69;mission;Prospection 2->2
402;69;mission;Supply 5->5
402;69;mission;Supply 3->3
402;69;mission;Prospection 4->4
402;69;mission;Supply 6->6
402;69;mission;Supply 5->5
402;69;mission;Supply 1->1
402;69;mission;Supply 6->6
402;69;mission;Prospection 2->2
402;69;mission;Supply 3->3
402;69;mission;Supply 6->6
402;69;mission;Supply 1->1
402;69;mission;Supply 3->3
402;69;mission;Supply 3->3
402;69;mission;Prospection 5->5
402;69;mission;Supply 3->3
402;69;mission;Supply 6->6
402;70;mission;Supply 1->1
402;70;mission;Supply 4->4
402;70;mission;Prospection 2->2
402;70;mission;Supply 5->5
402;70;mission;Supply 4->4
402;70;mission;Supply 5->5
402;70;mission;Supply 1->1
402;70;mission;Supply 6->6
402;70;mission;Supply 4->4
402;70;mission;Prospection 2->2
402;70;mission;Supply 1->1
402;70;mission;Supply 5->5
402;70;mission;Supply 6->6
402;70;mission;Supply 4->4
402;71;mission;Supply 5->5
402;71;mission;Supply 1->1
402;71;mission;Prospection 2->2
402;71;mission;Supply 6->6
402;71;mission;Supply 1->1
402;71;mission;Supply 6->6
402;71;mission;Supply 1->1
402;71;mission;Supply 6->6
402;71;mission;Prospection 4->4
402;71;mission;Prospection 5->5
402;71;mission;Supply 3->3
402;71;mission;Prospection 2->2
402;71;mission;Supply 3->3
402;71;mission;Supply 1->1
402;71;mission;Supply 6->6
402;71;mission;Supply 1->1
402;71;mission;Supply 4->4
402;71;mission;Supply 6->6
402;71;mission;Supply 3->3
402;72;mission;Supply 6->6
402;72;mission;Supply 3->3
402;72;mission;Supply 3->3
402;72;mission;Supply 6->6
402;72;mission;Supply 3->3
402;72;mission;Supply 1->1
402;72;mission;Supply 3->3
402;72;mission;Prospection 5->5
402;72;mission;Supply 6->6
402;72;mission;Supply 3->3
402;72;mission;Supply 4->4
402;72;mission;Supply 1->1
402;72;mission;Supply 3->3
402;72;mission;Prospection 2->2
402;72;mission;Supply 3->3
402;72;mission;Supply 3->3
402;72;mission;Supply 3->3
402;72;mission;Supply 4->4
402;72;mission;Supply 6->6
402;72;mission;Prospection 5->5
402;72;mission;Supply 3->3
402;72;mission;Supply 3->3
402;72;mission;Supply 4->4
402;73;mission;Supply 3->3
402;73;mission;Supply 4->4
402;73;mission;Supply 3->3
402;73;mission;Supply 3->3
402;73;mission;Prospection 2->2
402;73;mission;Supply 3->3
402;73;mission;Supply 4->4
402;73;mission;Supply 3->3
402;73;mission;Prospection 5->5
402;73;mission;Supply 3->3
402;73;mission;Supply 1->1
402;73;mission;Supply 3->3
402;73;mission;Supply 4->4
402;73;mission;Supply 3->3
402;73;mission;Supply 3->3
402;73;mission;Supply 3->3
402;73;mission;Supply 6->6
402;73;mission;Prospection 2->2
402;73;mission;Supply 3->3
402;73;mission;Supply 3->3
402;73;mission;Supply 3->3
402;73;mission;Supply 3->3
402;73;mission;Supply 3->3
402;73;mission;Supply 3->3
402;74;mission;Supply 3->3
402;74;mission;Prospection 4->4
402;74;mission;Foundation 1->1
402;74;mission;Supply 3->3
402;74;mission;Supply 1->1
402;74;mission;Prospection 2->2
402;74;mission;Supply 3->3
402;74;mission;Supply 1->1
402;74;mission;Prospection 5->5
402;74;mission;Supply 1->1
402;74;mission;Supply 3->3
402;74;mission;Supply 3->3
402;74;mission;Supply 1->1
402;74;mission;Supply 3->3
402;74;mission;Supply 3->3
402;74;mission;Prospection 4->4
402;74;mission;Supply 1->1
402;74;mission;Supply 3->3
402;74;mission;Supply 3->3
402;74;mission;Supply 1->1
402;74;mission;Supply 3->3
402;75;mission;Supply 3->3
402;75;mission;Supply 3->3
402;75;mission;RoadWork 4->4
402;75;mission;Prospection 2->2
402;75;mission;Supply 3->3
402;75;mission;Prospection 5->5
402;75;mission;Supply 3->3
402;75;mission;Supply 6->6
402;75;mission;Supply 3->3
402;75;mission;Supply 1->1
402;75;mission;Supply 3->3
402;75;mission;Supply 1->1
402;75;mission;Supply 3->3
402;75;mission;Supply 3->3
402;75;mission;Supply 6->6
402;75;mission;Prospection 4->4
402;75;mission;Prospection 2->2
402;75;mission;Prospection 5->5
402;75;mission;Supply 6->6
402;75;mission;Supply 1->1
402;75;mission;Supply 3->3
402;75;mission;Supply 3->3
402;76;mission;Supply 3->3
402;76;mission;Supply 1->1
402;76;mission;Foundation 4->4
402;76;mission;Supply 6->6
402;76;mission;Prospection 2->2
402;76;mission;Supply 4->4
402;76;mission;Prospection 5->5
402;76;mission;Supply 3->3
402;76;mission;Supply 1->1
402;76;mission;Supply 3->3
402;76;mission;Supply 3->3
402;76;mission;Supply 4->4
402;76;mission;Supply 1->1
402;76;mission;Supply 3->3
402;76;mission;Supply 3->3
402;76;mission;Supply 1->1
402;76;mission;Supply 4->4
402;76;mission;Supply 6->6
402;76;mission;Prospection 2->2
402;76;mission;Supply 3->3
402;76;mission;Supply 3->3
402;76;mission;Prospection 5->5
402;76;mission;Supply 3->3
402;76;mission;Supply 3->3
402;76;mission;Supply 4->4
402;76;mission;Supply 3->3
402;76;mission;Supply 6->6
402;76;mission;Supply 3->3
402;76;mission;Supply 4->4
402;77;mission;Supply 3->3
402;77;mission;Supply 4->4
402;77;mission;Supply 1->1
402;77;mission;Supply 3->3
402;77;mission;Supply 3->3
402;77;mission;Supply 4->4
402;77;mission;Prospection 2->2
402;77;mission;Supply 3->3
402;77;mission;Supply 1->1
402;77;mission;Supply 3->3
402;77;mission;Supply 4->4
402;77;mission;Supply 3->3
402;77;mission;Prospection 5->5
402;77;mission;Supply 3->3
402;77;mission;Supply 4->4
402;77;mission;Supply 6->6
402;77;mission;Supply 3->3
402;77;mission;Supply 1->1
402;77;mission;Supply 4->4
402;77;mission;Supply 6->6
402;77;mission;Supply 3->3
402;77;mission;Prospection 2->2
402;77;mission;Supply 3->3
402;77;mission;Supply 4->4
402;77;mission;Supply 1->1
402;77;mission;Supply 3->3
402;77;mission;Supply 3->3
402;77;mission;Supply 3->3
402;77;mission;Supply 3->3
402;77;mission;Supply 4->4
402;78;mission;Supply 3->3
402;78;mission;Supply 6->6
402;78;mission;Supply 3->3
402;78;mission;Supply 3->3
402;78;mission;Supply 4->4
402;78;mission;Supply 1->1
402;78;mission;Supply 3->3
402;78;mission;Prospection 5->5
402;78;mission;Supply 3->3
402;78;mission;Supply 4->4
402;78;mission;Supply 1->1
402;78;mission;Supply 3->3
402;78;mission;Supply 6->6
402;78;mission;Supply 3->3
402;78;mission;Supply 4->4
402;78;mission;Supply 1->1
402;78;mission;Supply 3->3
402;78;mission;Supply 6->6
402;78;mission;Supply 3->3
402;78;mission;Supply 4->4
402;78;mission;Prospection 2->2
402;78;mission;Supply 3->3
402;78;mission;Supply 3->3
402;78;mission;Supply 1->1
402;78;mission;Supply 3->3
402;78;mission;Supply 4->4
402;78;mission;Supply 3->3
402;78;mission;Supply 3->3
402;78;mission;Supply 3->3
402;78;mission;Supply 4->4
402;79;mission;Supply 3->3
402;79;mission;Supply 1->1
402;79;mission;Supply 3->3
402;79;mission;Prospection 5->5
402;79;mission;Supply 3->3
402;79;mission;Supply 3->3
402;79;mission;Supply 3->3
402;79;mission;Supply 1->1
402;79;mission;Supply 3->3
402;79;mission;Supply 6->6
402;79;mission;Supply 3->3
402;79;mission;Supply 4->4
402;79;mission;Supply 1->1
402;79;mission;Supply 3->3
402;79;mission;Supply 3->3
402;79;mission;Supply 1->1
402;79;mission;Supply 3->3
402;79;mission;Supply 3->3
402;79;mission;Supply 1->1
402;79;mission;RoadWork 5->5
402;79;mission;Supply 3->3
402;79;mission;Supply 3->3
402;79;mission;Supply 4->4
402;79;mission;Supply 3->3
402;79;mission;Supply 3->3
402;79;mission;Supply 6->6
402;80;mission;Supply 3->3
402;80;mission;Supply 4->4
402;80;mission;Supply 6->6
402;80;mission;Supply 1->1
402;80;mission;Supply 3->3
402;80;mission;Supply 3->3
402;80;mission;Supply 3->3
402;80;mission;Supply 3->3
402;80;mission;Supply 1->1
402;80;mission;Supply 3->3
402;80;mission;Supply 4->4
402;80;mission;Supply 3->3
402;80;mission;Supply 1->1
402;80;mission;Supply 3->3
402;80;mission;Prospection 5->5
402;80;mission;Supply 3->3
402;80;mission;Supply 6->6
402;80;mission;Supply 1->1
402;80;mission;Supply 3->3
402;80;mission;Supply 4->4
402;80;mission;Supply 1->1
402;80;mission;Supply 3->3
402;80;mission;Supply 6->6
402;80;mission;Supply 3->3
402;80;mission;Supply 3->3
402;80;mission;RoadWork 5->5
402;80;mission;Supply 6->6
402;81;mission;Supply 1->1
402;81;mission;Supply 6->6
402;81;mission;Supply 4->4
402;81;mission;Supply 6->6
402;81;mission;Supply 4->4
402;81;mission;Supply 6->6
402;81;mission;Supply 4->4
402;81;mission;Supply 6->6
402;81;mission;Supply 1->1
402;81;mission;Prospection 5->5
402;81;mission;Supply 4->4
402;81;mission;Supply 1->1
402;81;mission;Supply 4->4
402;81;mission;Supply 3->3
402;81;mission;Supply 3->3
402;81;mission;Supply 3->3
402;81;mission;Supply 1->1
402;81;mission;Supply 4->4
402;81;mission;Prospection 5->5
402;81;mission;Supply 4->4
402;82;mission;Supply 4->4
402;82;mission;Supply 6->6
402;82;mission;Supply 4->4
402;82;mission;Supply 6->6
402;82;mission;Supply 6->6
402;82;mission;Supply 4->4
402;82;mission;Supply 1->1
402;82;mission;Supply 6->6
402;82;mission;Supply 1->1
402;82;mission;Supply 4->4
402;82;mission;Prospection 5->5
402;82;mission;Supply 6->6
402;82;mission;Supply 6->6
402;82;mission;Prospection 2->2
402;82;mission;Supply 6->6
402;82;mission;Supply 4->4
402;83;mission;Supply 3->3
402;83;mission;Supply 6->6
402;83;mission;Supply 1->1
402;83;mission;Supply 4->4
402;83;mission;Prospection 5->5
402;83;mission;Supply 6->6
402;83;mission;Supply 6->6
402;83;mission;Supply 1->1
402;83;mission;Supply 4->4
402;83;mission;Supply 6->6
402;83;mission;Supply 6->6
402;83;mission;Supply 1->1
402;83;mission;Prospection 2->2
402;83;mission;Prospection 5->5
402;83;mission;Supply 4->4
402;83;mission;Supply 1->1
402;83;mission;Supply 3->3
402;83;mission;Supply 3->3
402;83;mission;Supply 3->3
402;84;mission;Prospection 2->2
402;84;mission;Supply 3->3
402;84;mission;Supply 1->1
402;84;mission;Supply 6->6
402;84;mission;Supply 3->3
402;84;mission;Supply 4->4
402;84;mission;Supply 1->1
402;84;mission;Supply 6->6
402;84;mission;Supply 3->3
402;84;mission;Supply 4->4
402;84;mission;Prospection 5->5
402;84;mission;Supply 1->1
402;84;mission;Supply 3->3
402;84;mission;Supply 6->6
402;84;mission;Supply 3->3
402;84;mission;Prospection 2->2
402;84;mission;Supply 1->1
402;84;mission;Supply 3->3
402;84;mission;Supply 6->6
402;84;mission;Supply 1->1
402;84;mission;Supply 4->4
402;84;mission;Prospection 5->5
402;84;mission;Supply 3->3
402;84;mission;Supply 4->4
402;85;mission;Supply 1->1
402;85;mission;Supply 3->3
402;85;mission;Supply 4->4
402;85;mission;Supply 6->6
402;85;mission;Supply 1->1
402;85;mission;Supply 4->4
402;85;mission;Supply 6->6
402;85;mission;Prospection 2->2
402;85;mission;Supply 1->1
402;85;mission;Supply 3->3
402;85;mission;Supply 6->6
402;85;mission;Supply 3->3
402;85;mission;Supply 1->1
402;85;mission;Prospection 5->5
402;85;mission;Supply 4->4
402;85;mission;Supply 1->1
402;85;mission;Supply 4->4
402;85;mission;Prospection 2->2
402;85;mission;Supply 1->1
402;85;mission;Supply 3->3
402;85;mission;Supply 3->3
402;85;mission;RoadWork 5->5
402;86;mission;Supply 1->1
402;86;mission;Supply 4->4
402;86;mission;Prospection 2->2
402;86;mission;Supply 1->1
402;86;mission;Supply 4->4
402;86;mission;Supply 4->4
402;86;mission;Supply 4->4
402;86;mission;Prospection 5->5
402;86;mission;Supply 1->1
402;86;mission;Prospection 2->2
402;87;mission;Supply 1->1
402;87;mission;Prospection 5->5
402;87;mission;Supply 4->4
402;87;mission;Supply 1->1
402;87;mission;Supply 4->4
402;87;mission;Supply 1->1
402;87;mission;Prospection 2->2
402;87;mission;Prospection 5->5
402;87;mission;Evacuation 6->6
402;87;mission;Supply 4->4
402;87;mission;Supply 4->4
402;87;mission;Prospection 2->2
402;88;mission;Supply 1->1
402;88;mission;Supply 4->4
402;88;mission;Prospection 5->5
402;88;mission;Supply 4->4
402;88;mission;Supply 1->1
402;88;mission;Supply 4->4
402;88;mission;Prospection 2->2
402;88;mission;Supply 4->4
402;88;mission;Prospection 5->5
402;88;mission;RoadWork 1->1
402;88;mission;Supply 4->4
402;89;mission;Supply 4->4
402;89;mission;Supply 4->4
402;89;mission;Supply 4->4
402;89;mission;Prospection 5->5
402;89;mission;Supply 1->1
402;89;mission;Supply 1->1
402;89;mission;RoadWork 4->4
402;89;mission;RoadWork 5->5
402;89;mission;Supply 6->6
402;89;mission;RoadWork 1->1
402;90;mission;Supply 1->1
402;90;mission;Prospection 2->2
402;90;mission;Supply 1->1
402;90;mission;RoadWork 4->4
402;90;mission;Prospection 5->5
402;90;mission;Supply 6->6
402;90;mission;Prospection 2->2
402;90;mission;RoadWork 1->1
402;90;mission;Prospection 5->5
402;91;mission;Supply 6->6
402;91;mission;RoadWork 4->4
402;91;mission;Supply 6->6
402;91;mission;Supply 1->1
402;91;mission;Supply 6->6
402;91;mission;Supply 1->1
402;91;mission;Supply 1->1
402;91;mission;Prospection 2->2
402;91;mission;Prospection 5->5
402;91;mission;Prospection 4->4
402;91;mission;RoadWork 6->6
402;91;mission;RoadWork 1->1
402;91;mission;Prospection 2->2
402;91;mission;Prospection 5->5
402;92;mission;RoadWork 4->4
402;92;mission;Supply 1->1
402;92;mission;Supply 1->1
402;92;mission;Prospection 5->5
402;92;mission;Prospection 4->4
402;92;mission;Foundation 6->6
402;92;mission;Supply 6->6
402;93;mission;Supply 1->1
402;93;mission;Prospection 5->5
402;93;mission;Supply 1->1
402;93;mission;Prospection 4->4
402;93;mission;Supply 3->3
402;93;mission;Supply 1->1
402;93;mission;Prospection 5->5
402;93;mission;Relocation 6->6
402;93;mission;Supply 3->3
402;93;mission;Supply 1->1
402;93;mission;Prospection 4->4
402;93;mission;Supply 1->1
402;94;mission;Supply 3->3
402;94;mission;Supply 1->1
402;94;mission;Prospection 2->2
402;94;mission;Supply 1->1
402;94;mission;Supply 1->1
402;94;mission;Prospection 4->4
402;94;mission;Prospection 5->5
402;94;mission;Supply 6->6
402;94;mission;Supply 1->1
402;94;mission;Supply 3->3
402;94;mission;Prospection 4->4
402;94;mission;Supply 6->6
402;95;mission;Prospection 5->5
402;95;mission;Supply 1->1
402;95;mission;Supply 1->1
402;95;mission;Supply 3->3
402;95;mission;Supply 1->1
402;95;mission;Supply 3->3
402;95;mission;Prospection 4->4
402;95;mission;Prospection 5->5
402;95;mission;Supply 1->1
402;96;mission;Supply 1->1
402;96;mission;Prospection 4->4
402;96;mission;Supply 3->3
402;96;mission;Prospection 5->5
402;96;mission;Supply 1->1
402;96;mission;Supply 3->3
402;96;mission;Supply 1->1
402;96;mission;Supply 1->1
402;96;mission;Supply 1->1
402;96;mission;Prospection 4->4
402;96;mission;Prospection 5->5
402;96;mission;Supply 1->1
402;96;mission;Supply 6->6
402;97;mission;Prospection 4->4
402;97;mission;Prospection 5->5
402;97;mission;Supply 1->1
402;97;mission;Supply 1->1
402;97;mission;Prospection 4->4
402;97;mission;Prospection 5->5
402;97;mission;Supply 6->6
402;97;mission;Prospection 2->2
402;97;mission;Prospection 1->1
402;98;mission;Prospection 4->4
402;98;mission;Prospection 5->5
402;98;mission;Supply 6->6
402;98;mission;Prospection 2->2
402;98;mission;Prospection 4->4
402;98;mission;Prospection 5->5
402;98;mission;Prospection 2->2
402;98;mission;Supply 6->6
402;99;mission;Prospection 4->4
402;99;mission;Supply 6->6
402;99;mission;Prospection 2->2
402;99;mission;Prospection 5->5
402;99;mission;Prospection 4->4
402;99;mission;Prospection 2->2
402;99;mission;Prospection 5->5
402;100;mission;Supply 6->6
402;100;mission;Supply 1->1
402;100;mission;Supply 1->1
402;100;mission;Supply 1->1
402;100;mission;Supply 6->6
402;100;mission;Supply 1->1
402;100;mission;Prospection 4->4
402;100;mission;Supply 1->1
402;100;mission;Supply 1->1
402;100;mission;Prospection 2->2
402;100;mission;Supply 1->1
402;100;mission;Supply 1->1
402;100;mission;Supply 1->1
402;100;mission;Prospection 5->5
402;100;mission;Supply 6->6
402;100;mission;Supply 1->1
402;100;mission;Prospection 4->4
402;100;mission;Supply 1->1
402;100;mission;Prospection 2->2
402;100;mission;RoadWork 3->3
402;100;mission;Supply 1->1
402;100;mission;Supply 6->6
403;1;colonie_nee;1 Première colonie (Humains) mere=0
403;1;colonie_nee;2 Colonie naine (Nains) mere=0
403;1;colonie_nee;3 Colonie elfe (Elfes) mere=0
403;1;colonie_nee;4 Colonie orque (Orques) mere=0
403;1;colonie_nee;5 Colonie humaine (Humains) mere=0
403;1;colonie_nee;6 Colonie naine (Nains) mere=0
403;1;mission;Prospection 1->1
403;2;mission;Prospection 5->5
403;2;mission;Prospection 2->2
403;2;mission;Prospection 4->4
403;2;mission;Prospection 3->3
403;2;mission;Prospection 1->1
403;2;mission;Prospection 5->5
403;2;mission;Prospection 2->2
403;2;mission;Prospection 6->6
403;3;mission;Prospection 1->1
403;3;mission;Prospection 5->5
403;3;mission;Prospection 3->3
403;3;mission;Prospection 6->6
403;3;mission;Prospection 2->2
403;3;mission;Prospection 1->1
403;3;mission;Prospection 5->5
403;3;mission;Prospection 3->3
403;3;mission;Prospection 6->6
403;4;mission;Prospection 2->2
403;4;mission;Prospection 1->1
403;4;mission;Prospection 5->5
403;4;mission;Prospection 6->6
403;4;mission;Prospection 3->3
403;4;mission;Prospection 1->1
403;4;mission;Prospection 2->2
403;4;mission;Prospection 5->5
403;5;mission;Prospection 1->1
403;5;mission;Prospection 5->5
403;5;mission;Prospection 6->6
403;5;mission;Prospection 3->3
403;5;mission;Prospection 2->2
403;5;mission;Prospection 5->5
403;6;mission;Prospection 1->1
403;6;mission;Prospection 6->6
403;6;mission;Prospection 3->3
403;6;mission;Prospection 1->1
403;6;mission;Prospection 5->5
403;6;mission;Prospection 3->3
403;6;mission;Foundation 6->6
403;7;mission;Supply 6->6
403;7;mission;Prospection 1->1
403;7;mission;Supply 6->6
403;7;mission;Prospection 3->3
403;7;mission;Prospection 2->2
403;7;mission;Prospection 1->1
403;7;mission;Supply 6->6
403;8;mission;RoadWork 3->3
403;8;mission;RoadWork 2->2
403;8;mission;Supply 6->6
403;9;mission;Supply 6->6
403;9;mission;Supply 6->6
403;9;mission;Supply 6->6
403;9;mission;Supply 6->6
403;9;mission;Supply 6->6
403;9;mission;RoadWork 3->3
403;9;mission;RoadWork 5->5
403;10;mission;RoadWork 3->3
403;10;mission;RoadWork 1->1
403;10;mission;Prospection 2->2
403;11;mission;Supply 6->6
403;11;mission;Supply 6->6
403;11;mission;RoadWork 3->3
403;11;mission;Supply 6->6
403;11;mission;RoadWork 5->5
403;11;mission;RoadWork 2->2
403;11;mission;RoadWork 1->1
403;11;mission;Prospection 3->3
403;12;mission;RoadWork 2->2
403;12;mission;Supply 6->6
403;12;mission;Supply 6->6
403;12;mission;RoadWork 5->5
403;12;mission;Supply 6->6
403;12;mission;RoadWork 1->1
403;12;mission;RoadWork 3->3
403;12;mission;RoadWork 5->5
403;12;mission;Prospection 2->2
403;13;mission;Supply 6->6
403;13;mission;RoadWork 1->1
403;13;mission;Supply 6->6
403;13;mission;Prospection 3->3
403;13;mission;Prospection 2->2
403;13;mission;Supply 6->6
403;14;mission;RoadWork 2->2
403;14;mission;RoadWork 1->1
403;14;mission;Foundation 6->6
403;14;mission;Supply 6->6
403;14;mission;RoadWork 3->3
403;14;mission;Supply 6->6
403;14;mission;Supply 2->2
403;15;mission;RoadWork 5->5
403;15;mission;Supply 6->6
403;15;mission;Supply 2->2
403;15;mission;Supply 6->6
403;15;mission;Supply 6->6
403;15;mission;Supply 6->6
403;15;mission;Supply 2->2
403;15;mission;Supply 6->6
403;15;mission;RoadWork 3->3
403;16;mission;RoadWork 1->1
403;16;mission;Prospection 2->2
403;16;mission;Supply 6->6
403;16;mission;Supply 6->6
403;16;mission;Supply 2->2
403;16;mission;Supply 2->2
403;17;mission;Supply 6->6
403;17;mission;Supply 6->6
403;17;mission;RoadWork 1->1
403;17;mission;Supply 2->2
403;17;mission;Supply 6->6
403;17;mission;Supply 2->2
403;17;mission;Supply 6->6
403;17;mission;RoadWork 5->5
403;18;mission;RoadWork 1->1
403;18;mission;Supply 6->6
403;18;mission;Supply 6->6
403;18;mission;Supply 6->6
403;18;mission;Prospection 2->2
403;18;mission;RoadWork 3->3
403;18;mission;Supply 2->2
403;18;mission;Supply 6->6
403;19;mission;Supply 2->2
403;19;mission;Supply 2->2
403;19;mission;Supply 6->6
403;19;mission;Supply 6->6
403;19;mission;Supply 6->6
403;19;mission;Supply 6->6
403;19;mission;Supply 6->6
403;19;mission;Foundation 2->2
403;19;mission;RoadWork 5->5
403;19;mission;RoadWork 3->3
403;20;mission;RoadWork 1->1
403;20;mission;Supply 6->6
403;20;mission;Supply 6->6
403;20;mission;Supply 2->2
403;20;mission;RoadWork 6->6
403;21;mission;RoadWork 1->1
403;21;mission;Supply 6->6
403;21;mission;Supply 6->6
403;21;mission;Supply 6->6
403;21;mission;RoadWork 1->1
403;21;mission;Supply 6->6
403;21;mission;Supply 6->6
403;21;mission;Supply 6->6
403;22;mission;Supply 6->6
403;22;mission;Supply 6->6
403;22;mission;Supply 6->6
403;22;mission;Supply 6->6
403;22;mission;Supply 6->6
403;22;mission;Supply 6->6
403;22;mission;Supply 6->6
403;22;mission;Supply 6->6
403;22;mission;Supply 2->2
403;22;mission;Supply 6->6
403;23;mission;Supply 6->6
403;23;mission;Supply 6->6
403;23;mission;RoadWork 1->1
403;23;mission;Supply 2->2
403;23;mission;Supply 2->2
403;23;mission;Supply 6->6
403;23;mission;Supply 6->6
403;23;mission;Supply 2->2
403;23;mission;Supply 6->6
403;24;mission;Supply 2->2
403;24;mission;Supply 2->2
403;24;mission;RoadWork 1->1
403;24;mission;Supply 6->6
403;24;mission;RoadWork 5->5
403;24;mission;Supply 2->2
403;24;mission;Supply 6->6
403;25;mission;Supply 6->6
403;25;mission;Supply 6->6
403;25;mission;RoadWork 2->2
403;25;mission;RoadWork 3->3
403;25;mission;Supply 6->6
403;25;mission;Supply 6->6
403;26;mission;Supply 6->6
403;26;mission;Supply 6->6
403;26;mission;Prospection 2->2
403;26;mission;Supply 6->6
403;27;mission;Supply 6->6
403;27;mission;Supply 6->6
403;27;mission;Supply 6->6
403;27;mission;Supply 6->6
403;27;mission;Supply 6->6
403;28;mission;Supply 6->6
403;28;mission;Supply 6->6
403;28;mission;Prospection 2->2
403;29;mission;Supply 5->5
403;29;mission;Supply 5->5
403;29;mission;Supply 5->5
403;29;mission;Supply 6->6
403;29;mission;Supply 5->5
403;29;mission;Supply 5->5
403;29;mission;Supply 6->6
403;29;mission;Supply 5->5
403;29;mission;Supply 5->5
403;29;mission;Supply 6->6
403;29;mission;Supply 6->6
403;29;mission;Supply 5->5
403;29;mission;Supply 3->3
403;29;mission;Supply 3->3
403;29;mission;Supply 3->3
403;29;mission;Supply 5->5
403;29;mission;Supply 3->3
403;29;mission;Supply 5->5
403;29;mission;Supply 1->1
403;29;mission;Supply 3->3
403;30;mission;Supply 5->5
403;30;mission;Supply 1->1
403;30;mission;Supply 6->6
403;30;mission;Supply 1->1
403;30;mission;Supply 1->1
403;30;mission;Supply 6->6
403;30;mission;Supply 1->1
403;30;mission;Supply 5->5
403;30;mission;Supply 1->1
403;30;mission;Supply 3->3
403;30;mission;Supply 5->5
403;30;mission;Supply 6->6
403;30;mission;Supply 1->1
403;30;mission;Supply 1->1
403;30;mission;Supply 5->5
403;30;mission;Supply 3->3
403;30;mission;Supply 1->1
403;30;mission;Supply 5->5
403;30;mission;Supply 1->1
403;30;mission;Supply 5->5
403;30;mission;Prospection 2->2
403;31;mission;Supply 3->3
403;31;mission;Supply 5->5
403;31;mission;Supply 1->1
403;31;mission;Supply 6->6
403;31;mission;Supply 1->1
403;31;mission;Supply 1->1
403;31;mission;Supply 1->1
403;31;mission;Supply 1->1
403;31;mission;Supply 6->6
403;31;mission;Supply 5->5
403;31;mission;Supply 5->5
403;31;mission;Supply 1->1
403;31;mission;Supply 5->5
403;31;mission;Supply 6->6
403;31;mission;Supply 3->3
403;31;mission;Supply 1->1
403;31;mission;Supply 6->6
403;32;mission;Supply 5->5
403;32;mission;Supply 1->1
403;32;mission;Supply 2->2
403;32;mission;Supply 5->5
403;32;mission;Supply 6->6
403;32;mission;Supply 5->5
403;32;mission;Supply 5->5
403;32;mission;Supply 6->6
403;32;mission;Supply 3->3
403;32;mission;Supply 5->5
403;32;mission;Supply 1->1
403;32;mission;Supply 5->5
403;32;mission;Supply 6->6
403;32;mission;Supply 5->5
403;32;mission;Supply 6->6
403;32;mission;Supply 3->3
403;32;mission;Supply 5->5
403;32;mission;Supply 5->5
403;32;mission;Supply 1->1
403;32;mission;Supply 5->5
403;32;mission;Prospection 2->2
403;32;mission;Supply 5->5
403;32;mission;Supply 1->1
403;32;mission;Supply 3->3
403;32;mission;Supply 1->1
403;32;mission;Supply 3->3
403;33;mission;Supply 1->1
403;33;mission;Supply 5->5
403;33;mission;Supply 6->6
403;33;mission;Prospection 2->2
403;33;mission;Supply 1->1
403;33;mission;Supply 5->5
403;33;mission;Supply 1->1
403;33;mission;Supply 5->5
403;33;mission;Supply 5->5
403;33;mission;Supply 5->5
403;33;mission;Supply 5->5
403;33;mission;Prospection 2->2
403;33;mission;Supply 5->5
403;33;mission;Foundation 6->6
403;33;mission;Supply 1->1
403;33;mission;Supply 5->5
403;33;mission;Supply 6->6
403;33;mission;Supply 3->3
403;33;mission;Supply 5->5
403;33;mission;Supply 6->6
403;33;mission;Supply 1->1
403;33;mission;Supply 5->5
403;33;mission;Supply 1->1
403;33;mission;Supply 6->6
403;34;mission;Supply 1->1
403;34;mission;Supply 5->5
403;34;mission;Supply 6->6
403;34;mission;Supply 1->1
403;34;mission;Supply 3->3
403;34;mission;Supply 6->6
403;34;mission;Supply 1->1
403;34;mission;Supply 1->1
403;34;mission;Supply 6->6
403;34;mission;Supply 6->6
403;34;mission;Supply 3->3
403;34;mission;Supply 6->6
403;34;mission;Supply 1->1
403;34;mission;Prospection 2->2
403;34;mission;Supply 5->5
403;34;mission;Supply 3->3
403;35;mission;Supply 1->1
403;35;mission;Supply 3->3
403;35;mission;Supply 6->6
403;35;mission;Supply 6->6
403;35;mission;Supply 3->3
403;35;mission;Supply 5->5
403;35;mission;Supply 3->3
403;35;mission;Supply 6->6
403;35;mission;Supply 6->6
403;35;mission;Supply 5->5
403;35;mission;Supply 5->5
403;35;mission;Prospection 2->2
403;35;mission;Supply 1->1
403;35;mission;Supply 5->5
403;35;mission;Supply 3->3
403;35;mission;Supply 1->1
403;35;mission;Supply 5->5
403;36;mission;Supply 6->6
403;36;mission;Supply 1->1
403;36;mission;Supply 5->5
403;36;mission;Supply 6->6
403;36;mission;Supply 5->5
403;36;mission;Supply 6->6
403;36;mission;Supply 1->1
403;36;mission;Supply 1->1
403;36;mission;Prospection 2->2
403;36;mission;Supply 6->6
403;36;mission;Supply 1->1
403;36;mission;Supply 3->3
403;36;mission;Supply 5->5
403;36;mission;Supply 1->1
403;36;mission;Supply 1->1
403;36;mission;Supply 6->6
403;36;mission;Supply 5->5
403;36;mission;Supply 1->1
403;36;mission;Supply 1->1
403;36;mission;Prospection 2->2
403;36;mission;Supply 5->5
403;36;mission;Supply 6->6
403;37;mission;Supply 3->3
403;37;mission;Supply 5->5
403;37;mission;Supply 1->1
403;37;mission;Supply 3->3
403;37;mission;Supply 5->5
403;37;mission;Supply 6->6
403;37;mission;Supply 1->1
403;37;mission;Supply 1->1
403;37;mission;Supply 3->3
403;37;mission;Supply 5->5
403;37;mission;Supply 6->6
403;37;mission;Supply 1->1
403;37;mission;Supply 5->5
403;37;mission;Supply 1->1
403;37;mission;Supply 5->5
403;37;mission;Supply 1->1
403;37;mission;Supply 5->5
403;37;mission;Supply 5->5
403;37;mission;Supply 3->3
403;37;mission;Supply 6->6
403;37;mission;Supply 3->3
403;37;mission;Prospection 2->2
403;37;mission;Supply 5->5
403;37;mission;Supply 1->1
403;37;mission;Supply 6->6
403;37;mission;Supply 6->6
403;37;mission;Supply 1->1
403;38;mission;Supply 5->5
403;38;mission;Supply 5->5
403;38;mission;Supply 5->5
403;38;mission;Supply 1->1
403;38;mission;Supply 5->5
403;38;mission;Supply 5->5
403;38;mission;Supply 6->6
403;38;mission;Supply 5->5
403;38;mission;Supply 1->1
403;38;mission;Prospection 2->2
403;38;mission;Supply 3->3
403;38;mission;Supply 6->6
403;38;mission;Supply 5->5
403;38;mission;Supply 6->6
403;38;mission;Supply 5->5
403;38;mission;Supply 3->3
403;38;mission;Supply 1->1
403;38;mission;Supply 5->5
403;39;mission;Supply 6->6
403;39;mission;Supply 1->1
403;39;mission;Supply 6->6
403;39;mission;Supply 5->5
403;39;mission;Supply 6->6
403;39;mission;Supply 1->1
403;39;mission;Supply 5->5
403;39;mission;Supply 6->6
403;39;mission;Supply 3->3
403;39;mission;Supply 5->5
403;39;mission;Supply 5->5
403;39;mission;Supply 6->6
403;39;mission;Supply 5->5
403;39;mission;Supply 5->5
403;39;mission;Supply 6->6
403;39;mission;Supply 5->5
403;39;mission;Supply 3->3
403;39;mission;Supply 5->5
403;39;mission;Supply 6->6
403;39;mission;Supply 1->1
403;39;mission;Supply 6->6
403;40;mission;Supply 3->3
403;40;mission;Supply 6->6
403;40;mission;Supply 1->1
403;40;mission;Supply 6->6
403;40;mission;Supply 5->5
403;40;mission;Supply 5->5
403;40;mission;Supply 5->5
403;40;mission;Supply 5->5
403;40;mission;Supply 5->5
403;40;mission;Supply 5->5
403;40;mission;Prospection 2->2
403;40;mission;Supply 5->5
403;40;mission;Supply 1->1
403;41;mission;Supply 5->5
403;41;mission;Supply 3->3
403;41;mission;Supply 5->5
403;41;mission;Supply 5->5
403;41;mission;Supply 3->3
403;41;mission;Supply 5->5
403;41;mission;Supply 1->1
403;41;mission;Supply 5->5
403;41;mission;Supply 5->5
403;41;mission;Supply 3->3
403;41;mission;Supply 5->5
403;41;mission;Supply 5->5
403;41;mission;Supply 3->3
403;41;mission;Supply 5->5
403;41;mission;Supply 3->3
403;41;mission;Supply 5->5
403;41;mission;Prospection 2->2
403;41;mission;Supply 5->5
403;41;mission;Supply 5->5
403;41;mission;Supply 5->5
403;41;mission;RoadWork 6->6
403;41;mission;Supply 3->3
403;42;mission;Supply 1->1
403;42;mission;Supply 3->3
403;42;mission;Supply 3->3
403;42;mission;Supply 5->5
403;42;mission;Supply 1->1
403;42;mission;Supply 6->6
403;42;mission;Supply 5->5
403;42;mission;Supply 1->1
403;42;mission;Supply 5->5
403;42;mission;Supply 5->5
403;42;mission;Supply 6->6
403;42;mission;Supply 5->5
403;42;mission;Supply 5->5
403;42;mission;Supply 5->5
403;42;mission;Supply 5->5
403;42;mission;Supply 5->5
403;42;mission;Supply 5->5
403;42;mission;Prospection 2->2
403;42;mission;Supply 1->1
403;43;mission;Supply 5->5
403;43;mission;Supply 5->5
403;43;mission;Supply 5->5
403;43;mission;Supply 5->5
403;43;mission;Supply 5->5
403;43;mission;Supply 5->5
403;43;mission;Supply 6->6
403;43;mission;Supply 5->5
403;43;mission;Supply 5->5
403;43;mission;Supply 6->6
403;43;mission;Supply 3->3
403;43;mission;Supply 6->6
403;44;mission;Supply 5->5
403;44;mission;Supply 5->5
403;44;mission;Supply 5->5
403;44;mission;Supply 5->5
403;44;mission;Supply 6->6
403;44;mission;Supply 1->1
403;44;mission;Supply 5->5
403;44;mission;Supply 5->5
403;44;mission;Supply 1->1
403;44;mission;Supply 5->5
403;44;mission;Supply 1->1
403;44;mission;Supply 5->5
403;44;mission;Supply 5->5
403;44;mission;Supply 1->1
403;44;mission;Supply 1->1
403;44;mission;Prospection 6->6
403;44;mission;Supply 1->1
403;45;mission;Supply 1->1
403;45;mission;Supply 6->6
403;45;mission;Supply 1->1
403;45;mission;Supply 6->6
403;45;mission;Supply 5->5
403;45;mission;Supply 6->6
403;45;mission;Supply 5->5
403;45;mission;Supply 1->1
403;45;mission;Supply 6->6
403;45;mission;Supply 3->3
403;45;mission;Supply 5->5
403;45;mission;Supply 1->1
403;46;mission;Supply 5->5
403;46;mission;Supply 1->1
403;46;mission;Supply 5->5
403;46;mission;Supply 5->5
403;46;mission;Supply 5->5
403;46;mission;Supply 5->5
403;46;mission;Supply 1->1
403;46;mission;Supply 5->5
403;46;mission;Supply 5->5
403;46;mission;Supply 5->5
403;46;mission;Supply 5->5
403;46;mission;RoadWork 6->6
403;46;mission;Supply 3->3
403;46;mission;Supply 5->5
403;46;mission;Supply 5->5
403;47;mission;Supply 5->5
403;47;mission;Supply 5->5
403;47;mission;Supply 6->6
403;47;mission;Supply 5->5
403;47;mission;Supply 5->5
403;47;mission;Supply 5->5
403;47;mission;Supply 5->5
403;47;mission;Supply 5->5
403;47;mission;Supply 1->1
403;47;mission;Supply 5->5
403;47;mission;Supply 6->6
403;47;mission;Supply 5->5
403;47;mission;Supply 5->5
403;47;mission;Supply 6->6
403;47;mission;RoadWork 3->3
403;47;mission;Supply 1->1
403;47;mission;Supply 1->1
403;47;mission;Supply 5->5
403;48;mission;Supply 1->1
403;48;mission;Supply 5->5
403;48;mission;Supply 5->5
403;48;mission;Supply 5->5
403;48;mission;Supply 1->1
403;48;mission;Supply 5->5
403;48;mission;Supply 5->5
403;48;mission;Supply 6->6
403;48;mission;Supply 5->5
403;48;mission;Supply 5->5
403;48;mission;Supply 1->1
403;48;mission;Supply 5->5
403;48;mission;Supply 5->5
403;48;mission;Supply 5->5
403;48;mission;RoadWork 3->3
403;48;mission;Supply 5->5
403;48;mission;RoadWork 6->6
403;48;mission;Supply 5->5
403;48;mission;Supply 5->5
403;48;mission;Supply 5->5
403;49;mission;Supply 5->5
403;49;mission;Supply 5->5
403;49;mission;Supply 6->6
403;49;mission;RoadWork 1->1
403;49;mission;Supply 5->5
403;49;mission;Supply 5->5
403;49;mission;Supply 1->1
403;49;mission;Supply 1->1
403;49;mission;Supply 1->1
403;49;mission;Supply 1->1
403;49;mission;Supply 1->1
403;49;mission;RoadWork 5->5
403;49;mission;Supply 1->1
403;49;mission;Supply 3->3
403;49;mission;Supply 6->6
403;50;mission;Supply 1->1
403;50;mission;RoadWork 5->5
403;50;mission;Prospection 6->6
403;50;mission;Supply 1->1
403;50;mission;RoadWork 5->5
403;50;mission;Supply 1->1
403;51;mission;Supply 1->1
403;51;mission;Supply 1->1
403;51;mission;Prospection 6->6
403;51;mission;Supply 1->1
403;51;mission;Supply 1->1
403;51;mission;Supply 1->1
403;51;mission;Supply 1->1
403;51;mission;Supply 3->3
403;51;mission;RoadWork 6->6
403;52;mission;RoadWork 1->1
403;52;mission;Supply 1->1
403;52;mission;Supply 1->1
403;52;mission;Supply 1->1
403;52;mission;Supply 1->1
403;52;mission;RoadWork 6->6
403;52;mission;Supply 1->1
403;52;mission;Supply 1->1
403;52;mission;Supply 1->1
403;53;mission;Supply 1->1
403;53;mission;Supply 1->1
403;53;mission;Supply 1->1
403;53;mission;Supply 1->1
403;53;mission;Supply 1->1
403;53;mission;Supply 1->1
403;53;mission;Supply 1->1
403;53;mission;Supply 1->1
403;53;mission;Supply 1->1
403;53;mission;Supply 1->1
403;53;mission;Supply 1->1
403;53;mission;Prospection 6->6
403;54;mission;Supply 6->6
403;54;mission;Supply 3->3
403;55;mission;Supply 6->6
403;55;mission;Supply 6->6
403;56;mission;Prospection 6->6
403;56;mission;RoadWork 6->6
403;56;mission;Supply 6->6
403;57;mission;Supply 6->6
403;57;mission;Supply 6->6
403;57;mission;Supply 3->3
403;57;mission;Supply 3->3
403;57;mission;Supply 3->3
403;57;mission;Supply 3->3
403;58;mission;Supply 3->3
403;58;mission;Supply 3->3
403;58;mission;RoadWork 6->6
403;59;mission;Prospection 6->6
403;59;mission;Supply 3->3
403;59;mission;Supply 3->3
403;59;mission;Supply 6->6
403;60;mission;Supply 3->3
403;60;mission;Supply 6->6
403;60;mission;Supply 3->3
403;60;mission;Supply 6->6
403;60;mission;Supply 6->6
403;61;mission;Supply 5->5
403;61;mission;Supply 5->5
403;61;mission;Supply 3->3
403;61;mission;Supply 5->5
403;61;mission;Supply 5->5
403;61;mission;Supply 5->5
403;61;mission;Supply 6->6
403;61;mission;Supply 5->5
403;61;mission;Supply 5->5
403;61;mission;Supply 3->3
403;61;mission;Supply 5->5
403;61;mission;Supply 3->3
403;62;mission;Supply 6->6
403;62;mission;Supply 5->5
403;62;mission;Supply 5->5
403;62;mission;Supply 5->5
403;62;mission;Supply 5->5
403;62;mission;Supply 3->3
403;62;mission;Supply 3->3
403;62;mission;Supply 5->5
403;62;mission;Supply 3->3
403;62;mission;Supply 3->3
403;62;mission;Supply 5->5
403;62;mission;Prospection 6->6
403;62;mission;Supply 3->3
403;62;mission;Supply 5->5
403;62;mission;Supply 3->3
403;62;mission;Supply 3->3
403;63;mission;Supply 3->3
403;63;mission;Supply 5->5
403;63;mission;Supply 6->6
403;63;mission;Supply 5->5
403;63;mission;Supply 3->3
403;63;mission;Supply 6->6
403;63;mission;Supply 3->3
403;63;mission;Supply 5->5
403;63;mission;Supply 3->3
403;64;mission;Supply 5->5
403;64;mission;Supply 5->5
403;64;mission;Supply 5->5
403;64;mission;Supply 5->5
403;64;mission;Prospection 6->6
403;64;mission;Supply 5->5
403;64;mission;Supply 5->5
403;64;mission;Supply 5->5
403;65;mission;Supply 3->3
403;65;mission;Supply 5->5
403;65;mission;Supply 3->3
403;65;mission;Supply 3->3
403;65;mission;Supply 5->5
403;65;mission;Supply 3->3
403;65;mission;Supply 5->5
403;65;mission;Supply 3->3
403;65;mission;Supply 5->5
403;65;mission;Prospection 6->6
403;65;mission;Supply 3->3
403;65;mission;Supply 3->3
403;66;mission;Supply 5->5
403;66;mission;Supply 5->5
403;66;mission;Prospection 6->6
403;66;mission;Supply 3->3
403;66;mission;Supply 5->5
403;66;mission;Prospection 6->6
403;67;mission;Supply 5->5
403;67;mission;Supply 5->5
403;67;mission;Supply 5->5
403;67;mission;Supply 3->3
403;67;mission;Supply 6->6
403;67;mission;Supply 3->3
403;67;mission;Supply 5->5
403;67;mission;Supply 3->3
403;68;mission;Supply 5->5
403;68;mission;Supply 5->5
403;68;mission;Supply 6->6
403;68;mission;Supply 5->5
403;68;mission;Supply 5->5
403;68;mission;Supply 5->5
403;68;mission;Supply 3->3
403;68;mission;Supply 5->5
403;68;mission;Prospection 6->6
403;68;mission;Supply 5->5
403;69;mission;Supply 5->5
403;69;mission;Supply 5->5
403;69;mission;Supply 6->6
403;69;mission;Supply 5->5
403;69;mission;Supply 6->6
403;69;mission;Supply 6->6
403;69;mission;Supply 6->6
403;69;mission;Supply 5->5
403;69;mission;Supply 5->5
403;70;mission;Supply 5->5
403;70;mission;Supply 5->5
403;70;mission;RoadWork 5->5
403;70;mission;Supply 6->6
403;71;mission;Supply 6->6
403;71;mission;Supply 5->5
403;71;mission;Supply 5->5
403;71;mission;Supply 5->5
403;71;mission;Supply 6->6
403;71;mission;Supply 5->5
403;71;mission;Supply 6->6
403;71;mission;Supply 6->6
403;71;mission;Supply 5->5
403;72;mission;Supply 6->6
403;72;mission;Supply 5->5
403;72;mission;Supply 6->6
403;72;mission;Supply 5->5
403;72;mission;Supply 6->6
403;72;mission;Supply 5->5
403;72;mission;Supply 5->5
403;72;mission;Supply 5->5
403;72;mission;Supply 6->6
403;73;mission;Supply 6->6
403;73;mission;Supply 5->5
403;73;mission;Supply 6->6
403;73;mission;Supply 5->5
403;73;mission;Supply 6->6
403;73;mission;Supply 5->5
403;73;mission;Supply 5->5
403;73;mission;Supply 3->3
403;74;mission;Supply 6->6
403;74;mission;Supply 3->3
403;74;mission;Supply 6->6
403;74;mission;Supply 5->5
403;74;mission;Supply 5->5
403;74;mission;Supply 5->5
403;74;mission;Supply 5->5
403;74;mission;Supply 5->5
403;74;mission;Supply 6->6
403;74;mission;Supply 3->3
403;74;mission;Supply 5->5
403;74;mission;Supply 3->3
403;74;mission;Supply 5->5
403;75;mission;Supply 5->5
403;75;mission;Supply 5->5
403;75;mission;Supply 3->3
403;75;mission;Supply 3->3
403;75;mission;RoadWork 6->6
403;75;mission;RoadWork 5->5
403;75;mission;Supply 3->3
403;76;mission;Supply 3->3
403;76;mission;Supply 3->3
403;76;mission;Supply 3->3
403;76;mission;Prospection 6->6
403;76;mission;Supply 3->3
403;76;mission;Prospection 6->6
403;76;mission;RoadWork 5->5
403;77;mission;Supply 3->3
403;77;mission;Supply 3->3
403;77;mission;Supply 3->3
403;77;mission;Supply 5->5
403;77;mission;Prospection 6->6
403;77;mission;Supply 3->3
403;77;mission;Supply 3->3
403;77;mission;RoadWork 5->5
403;77;mission;Supply 3->3
403;78;mission;Supply 3->3
403;78;mission;Supply 3->3
403;78;mission;Supply 3->3
403;78;mission;Supply 3->3
403;78;mission;Supply 3->3
403;78;mission;Supply 3->3
403;78;mission;Supply 3->3
403;78;mission;Supply 3->3
403;78;mission;Supply 3->3
403;78;mission;Supply 3->3
403;78;mission;Supply 3->3
403;78;mission;Supply 3->3
403;78;mission;Supply 3->3
403;78;mission;Supply 3->3
403;78;mission;Supply 3->3
403;78;mission;Prospection 6->6
403;78;mission;Supply 3->3
403;79;mission;Supply 3->3
403;79;mission;Supply 3->3
403;79;mission;Supply 3->3
403;79;mission;Supply 3->3
403;79;mission;Supply 3->3
403;79;mission;Supply 3->3
403;79;mission;Supply 3->3
403;79;mission;Supply 3->3
403;79;mission;Supply 3->3
403;79;mission;Prospection 6->6
403;80;mission;Supply 3->3
403;80;mission;Supply 3->3
403;80;mission;Supply 3->3
403;80;mission;Prospection 6->6
403;80;mission;Supply 3->3
403;81;mission;Supply 3->3
403;81;mission;Supply 3->3
403;81;mission;Prospection 6->6
403;81;mission;Supply 3->3
403;82;mission;Supply 3->3
403;82;mission;Prospection 6->6
403;82;mission;Supply 3->3
403;82;mission;Supply 3->3
403;82;mission;Supply 3->3
403;82;mission;Supply 3->3
403;82;mission;Supply 3->3
403;83;mission;Supply 3->3
403;83;mission;Supply 3->3
403;83;mission;Prospection 6->6
403;83;mission;Supply 3->3
403;83;mission;Supply 3->3
403;83;mission;Supply 3->3
403;83;mission;Supply 3->3
403;84;mission;Prospection 6->6
403;84;mission;Supply 3->3
403;84;mission;Supply 5->5
403;84;mission;Supply 3->3
403;84;mission;Supply 3->3
403;84;mission;Supply 3->3
403;84;mission;Supply 3->3
403;84;mission;Prospection 6->6
403;84;mission;Supply 3->3
403;85;mission;Supply 3->3
403;85;mission;Supply 3->3
403;85;mission;Supply 3->3
403;85;mission;Supply 5->5
403;85;mission;Supply 3->3
403;85;mission;Supply 5->5
403;85;mission;Supply 3->3
403;85;mission;Supply 5->5
403;85;mission;Supply 3->3
403;85;mission;Supply 5->5
403;85;mission;Supply 5->5
403;85;mission;Supply 5->5
403;85;mission;Supply 5->5
403;85;mission;Supply 3->3
403;85;mission;Supply 5->5
403;85;mission;Supply 3->3
403;85;mission;Supply 5->5
403;85;mission;Supply 5->5
403;85;mission;Supply 3->3
403;85;mission;Supply 5->5
403;85;mission;Supply 3->3
403;85;mission;Supply 5->5
403;85;mission;Supply 3->3
403;85;mission;Supply 3->3
403;85;mission;Prospection 6->6
403;86;mission;Supply 5->5
403;86;mission;Supply 5->5
403;86;mission;Supply 5->5
403;86;mission;Supply 5->5
403;86;mission;Supply 5->5
403;86;mission;Supply 5->5
403;86;mission;Supply 5->5
403;86;mission;Supply 3->3
403;86;mission;Supply 3->3
403;86;mission;Prospection 6->6
403;86;mission;Supply 3->3
403;86;mission;Supply 3->3
403;86;mission;Supply 3->3
403;86;mission;Supply 5->5
403;87;mission;Supply 5->5
403;87;mission;Supply 5->5
403;87;mission;Supply 5->5
403;87;mission;Supply 5->5
403;87;mission;Supply 5->5
403;87;mission;Supply 5->5
403;87;mission;Supply 3->3
403;87;mission;Supply 5->5
403;87;mission;Supply 5->5
403;87;mission;Prospection 6->6
403;87;mission;Supply 5->5
403;87;mission;Supply 5->5
403;88;mission;Supply 5->5
403;88;mission;RoadWork 5->5
403;88;mission;Supply 3->3
403;88;mission;Prospection 6->6
403;89;mission;Supply 3->3
403;89;mission;Supply 3->3
403;89;mission;Prospection 6->6
403;90;mission;Prospection 6->6
403;90;mission;Supply 3->3
403;91;mission;Supply 3->3
403;91;mission;Supply 3->3
403;91;mission;Supply 3->3
403;91;mission;Supply 3->3
403;91;mission;Prospection 6->6
403;92;mission;Supply 3->3
403;92;mission;Supply 3->3
403;92;mission;Supply 3->3
403;92;mission;Supply 3->3
403;92;mission;Prospection 6->6
403;92;mission;Supply 3->3
403;93;mission;Supply 3->3
403;93;mission;Supply 3->3
403;93;mission;Supply 3->3
403;93;mission;Supply 3->3
403;93;mission;Supply 3->3
403;93;mission;Supply 3->3
403;93;mission;Supply 3->3
403;94;mission;Supply 3->3
403;94;mission;Supply 3->3
403;94;mission;Supply 3->3
403;94;mission;Supply 3->3
403;94;mission;Prospection 6->6
403;94;mission;Supply 3->3
403;94;mission;Supply 3->3
403;95;mission;Supply 3->3
403;95;mission;Supply 3->3
403;95;mission;Prospection 6->6
403;96;mission;Supply 3->3
403;96;mission;Supply 3->3
403;96;mission;Prospection 6->6
403;96;mission;Supply 3->3
403;97;mission;Supply 3->3
403;97;mission;Prospection 6->6
403;97;mission;Supply 3->3
403;97;mission;Supply 3->3
403;98;mission;Supply 3->3
403;98;mission;Supply 3->3
403;99;mission;Supply 3->3
403;100;mission;Supply 3->3
403;100;mission;Supply 3->3
404;1;colonie_nee;1 Première colonie (Humains) mere=0
404;1;colonie_nee;2 Colonie naine (Nains) mere=0
404;1;colonie_nee;3 Colonie elfe (Elfes) mere=0
404;1;colonie_nee;4 Colonie orque (Orques) mere=0
404;1;colonie_nee;5 Colonie humaine (Humains) mere=0
404;1;colonie_nee;6 Colonie naine (Nains) mere=0
404;2;mission;Prospection 5->5
404;2;mission;Prospection 2->2
404;2;mission;Prospection 3->3
404;2;mission;Prospection 1->1
404;2;mission;Prospection 5->5
404;2;mission;Prospection 2->2
404;3;mission;Prospection 1->1
404;3;mission;Prospection 6->6
404;3;mission;Prospection 5->5
404;3;mission;Prospection 2->2
404;3;mission;Prospection 3->3
404;3;mission;Prospection 4->4
404;3;mission;Prospection 5->5
404;4;mission;Prospection 2->2
404;4;mission;Prospection 3->3
404;4;mission;Prospection 6->6
404;4;mission;Prospection 5->5
404;4;mission;Prospection 4->4
404;4;mission;Prospection 1->1
404;5;mission;Prospection 3->3
404;5;mission;Prospection 5->5
404;5;mission;Prospection 2->2
404;5;mission;Prospection 1->1
404;5;mission;Prospection 3->3
404;5;mission;Prospection 5->5
404;5;mission;Prospection 2->2
404;5;mission;Prospection 4->4
404;6;mission;Prospection 3->3
404;6;mission;Prospection 5->5
404;6;mission;Prospection 2->2
404;6;mission;Prospection 6->6
404;6;mission;Prospection 1->1
404;6;mission;Prospection 4->4
404;6;mission;Prospection 6->6
404;6;mission;RoadWork 3->3
404;7;mission;RoadWork 2->2
404;7;mission;Prospection 1->1
404;7;mission;Prospection 6->6
404;7;pacte;Alliance 1-5
404;7;mission;RoadWork 2->2
404;7;mission;RoadWork 3->3
404;7;mission;RoadWork 6->6
404;8;mission;RoadWork 3->3
404;8;mission;RoadWork 5->5
404;8;mission;RoadWork 6->6
404;8;mission;Prospection 1->1
404;8;mission;Prospection 2->2
404;8;mission;RoadWork 3->3
404;8;mission;RoadWork 5->5
404;9;mission;RoadWork 6->6
404;9;mission;RoadWork 2->2
404;9;mission;Prospection 1->1
404;9;mission;Prospection 6->6
404;9;mission;RoadWork 2->2
404;9;mission;RoadWork 3->3
404;9;mission;RoadWork 5->5
404;10;mission;RoadWork 6->6
404;10;mission;RoadWork 3->3
404;10;mission;RoadWork 5->5
404;10;mission;Foundation 2->2
404;10;mission;Supply 2->2
404;10;mission;Prospection 6->6
404;10;mission;Supply 2->2
404;11;mission;RoadWork 3->3
404;11;mission;RoadWork 5->5
404;11;mission;Supply 2->2
404;11;mission;Supply 2->2
404;11;mission;Supply 2->2
404;11;mission;Supply 2->2
404;11;mission;Supply 2->2
404;11;mission;Prospection 3->3
404;11;mission;RoadWork 5->5
404;12;mission;RoadWork 3->3
404;12;mission;RoadWork 6->6
404;12;mission;Supply 2->2
404;12;mission;Prospection 3->3
404;12;mission;Supply 2->2
404;12;mission;Prospection 6->6
404;13;mission;RoadWork 5->5
404;13;mission;RoadWork 3->3
404;13;mission;RoadWork 6->6
404;13;mission;RoadWork 2->2
404;13;mission;RoadWork 5->5
404;13;mission;RoadWork 3->3
404;14;mission;Prospection 6->6
404;14;mission;RoadWork 3->3
404;14;mission;RoadWork 5->5
404;14;mission;Prospection 2->2
404;14;mission;Prospection 6->6
404;14;mission;RoadWork 3->3
404;14;mission;Supply 2->2
404;15;mission;Supply 5->5
404;15;mission;Supply 5->5
404;15;mission;Supply 5->5
404;15;mission;Supply 5->5
404;15;mission;Supply 5->5
404;15;mission;Supply 2->2
404;15;mission;Supply 5->5
404;15;mission;Supply 5->5
404;15;mission;Prospection 3->3
404;15;mission;Supply 5->5
404;15;mission;Supply 5->5
404;16;mission;Supply 5->5
404;16;mission;Supply 5->5
404;16;mission;Prospection 6->6
404;16;mission;Supply 5->5
404;16;mission;Supply 5->5
404;16;mission;Supply 5->5
404;16;mission;Prospection 6->6
404;16;mission;RoadWork 2->2
404;16;mission;Supply 5->5
404;17;mission;Supply 5->5
404;17;mission;Supply 5->5
404;17;mission;Supply 5->5
404;17;mission;RoadWork 2->2
404;17;mission;Prospection 6->6
404;17;mission;Supply 5->5
404;18;mission;Supply 2->2
404;18;mission;Prospection 6->6
404;18;mission;Supply 2->2
404;18;mission;Supply 5->5
404;18;mission;Supply 3->3
404;18;mission;Supply 5->5
404;18;mission;Supply 3->3
404;18;mission;Supply 3->3
404;18;mission;Supply 5->5
404;18;mission;Prospection 6->6
404;18;mission;Supply 3->3
404;18;mission;Supply 3->3
404;18;mission;RoadWork 2->2
404;18;mission;Supply 3->3
404;18;mission;Supply 3->3
404;18;mission;Supply 5->5
404;19;mission;Prospection 6->6
404;19;mission;Supply 3->3
404;19;mission;Supply 5->5
404;19;mission;RoadWork 2->2
404;19;mission;Supply 3->3
404;19;mission;Supply 5->5
404;19;mission;Supply 5->5
404;19;mission;Supply 3->3
404;19;mission;Supply 3->3
404;19;mission;Prospection 4->4
404;19;mission;Supply 5->5
404;19;mission;Prospection 6->6
404;19;mission;Supply 3->3
404;19;mission;Supply 5->5
404;19;mission;Supply 3->3
404;20;mission;Supply 2->2
404;20;mission;Supply 3->3
404;20;mission;Supply 2->2
404;20;mission;Supply 3->3
404;20;mission;Prospection 6->6
404;20;mission;Supply 3->3
404;20;mission;Supply 2->2
404;20;mission;Prospection 4->4
404;20;mission;Supply 5->5
404;20;mission;Prospection 6->6
404;20;mission;Supply 2->2
404;20;mission;Supply 5->5
404;20;mission;RoadWork 4->4
404;20;mission;Supply 5->5
404;21;mission;Supply 5->5
404;21;mission;Supply 2->2
404;21;mission;Supply 5->5
404;21;mission;Prospection 6->6
404;21;mission;RoadWork 4->4
404;21;mission;Supply 5->5
404;21;mission;Supply 2->2
404;21;mission;Supply 5->5
404;21;mission;Prospection 6->6
404;21;mission;Supply 2->2
404;22;mission;Supply 5->5
404;22;mission;Supply 5->5
404;22;mission;Supply 5->5
404;22;mission;Supply 2->2
404;22;mission;Supply 5->5
404;22;mission;Foundation 6->6
404;22;mission;Supply 6->6
404;22;mission;Supply 5->5
404;22;mission;Supply 3->3
404;22;mission;RoadWork 4->4
404;22;mission;Supply 2->2
404;23;mission;Supply 5->5
404;23;mission;Prospection 6->6
404;23;mission;Supply 2->2
404;23;mission;Prospection 4->4
404;23;mission;Supply 5->5
404;23;mission;Supply 5->5
404;23;mission;Supply 3->3
404;23;mission;Foundation 6->6
404;23;mission;Supply 2->2
404;23;mission;Supply 3->3
404;23;mission;Supply 6->6
404;23;mission;Supply 3->3
404;23;mission;Supply 5->5
404;23;mission;Supply 3->3
404;23;mission;Supply 6->6
404;24;mission;RoadWork 4->4
404;24;mission;Supply 6->6
404;24;mission;Supply 6->6
404;24;mission;Supply 2->2
404;24;mission;Supply 6->6
404;24;mission;Supply 3->3
404;24;mission;Prospection 4->4
404;24;mission;Supply 6->6
404;24;mission;Supply 6->6
404;25;mission;RoadWork 2->2
404;25;mission;Supply 5->5
404;25;mission;Supply 3->3
404;25;mission;Supply 5->5
404;25;mission;Supply 6->6
404;25;mission;Supply 6->6
404;25;mission;Supply 6->6
404;25;mission;Supply 3->3
404;25;mission;Supply 5->5
404;25;mission;Supply 6->6
404;25;mission;RoadWork 4->4
404;25;mission;Foundation 2->2
404;25;mission;Supply 2->2
404;25;mission;Supply 3->3
404;25;mission;Supply 5->5
404;25;mission;Supply 6->6
404;25;mission;Supply 2->2
404;26;mission;Supply 6->6
404;26;mission;Supply 3->3
404;26;mission;Supply 5->5
404;26;mission;Supply 6->6
404;26;mission;Supply 2->2
404;26;mission;Supply 5->5
404;26;mission;Supply 5->5
404;26;mission;Supply 6->6
404;26;mission;Supply 3->3
404;26;mission;Supply 6->6
404;26;mission;Supply 2->2
404;26;mission;Supply 5->5
404;26;mission;Supply 2->2
404;26;mission;Supply 6->6
404;26;mission;Supply 2->2
404;26;mission;Supply 3->3
404;26;mission;Supply 6->6
404;27;mission;Supply 6->6
404;27;mission;Supply 5->5
404;27;mission;Supply 2->2
404;27;mission;Supply 3->3
404;27;mission;Supply 5->5
404;27;mission;Supply 5->5
404;27;mission;Supply 6->6
404;27;mission;Supply 3->3
404;27;mission;Supply 2->2
404;27;mission;Supply 3->3
404;27;mission;Supply 6->6
404;27;mission;Prospection 4->4
404;27;mission;Supply 6->6
404;27;mission;Supply 2->2
404;27;mission;Supply 3->3
404;27;mission;RoadWork 5->5
404;27;mission;Supply 6->6
404;27;mission;Supply 6->6
404;28;mission;Supply 2->2
404;28;mission;Supply 5->5
404;28;mission;Supply 2->2
404;28;mission;Supply 5->5
404;28;mission;Supply 3->3
404;28;mission;Supply 5->5
404;28;mission;Supply 2->2
404;28;mission;Supply 3->3
404;28;mission;Supply 5->5
404;28;mission;Supply 3->3
404;28;mission;Supply 6->6
404;28;mission;Supply 3->3
404;28;mission;RoadWork 4->4
404;28;mission;Supply 5->5
404;28;mission;Supply 3->3
404;28;mission;Supply 5->5
404;28;mission;Supply 6->6
404;28;mission;Supply 3->3
404;28;mission;Supply 5->5
404;28;mission;Supply 3->3
404;28;mission;Supply 2->2
404;28;mission;Supply 3->3
404;28;mission;Supply 5->5
404;28;mission;Supply 3->3
404;28;mission;Supply 5->5
404;28;mission;Supply 3->3
404;28;mission;Supply 3->3
404;29;mission;Supply 6->6
404;29;mission;Supply 5->5
404;29;mission;RoadWork 4->4
404;29;mission;Supply 5->5
404;29;mission;Supply 6->6
404;29;mission;Supply 3->3
404;29;mission;Supply 5->5
404;29;mission;Supply 3->3
404;29;mission;Supply 5->5
404;29;mission;Supply 6->6
404;29;mission;RoadWork 2->2
404;29;mission;Supply 5->5
404;29;mission;Supply 5->5
404;29;mission;Supply 5->5
404;29;mission;Supply 2->2
404;29;mission;Supply 3->3
404;29;mission;Supply 5->5
404;29;mission;Supply 5->5
404;29;mission;Supply 6->6
404;29;mission;RoadWork 4->4
404;29;mission;Supply 3->3
404;29;mission;Supply 5->5
404;29;mission;Supply 3->3
404;29;mission;Supply 2->2
404;30;mission;Supply 6->6
404;30;mission;Supply 2->2
404;30;mission;Supply 5->5
404;30;mission;Supply 6->6
404;30;mission;Supply 5->5
404;30;mission;Supply 2->2
404;30;mission;Supply 3->3
404;30;mission;Supply 3->3
404;30;mission;Supply 5->5
404;30;mission;Supply 3->3
404;30;mission;RoadWork 4->4
404;30;mission;Supply 5->5
404;30;mission;Supply 5->5
404;30;mission;Supply 6->6
404;30;mission;Supply 6->6
404;30;mission;Supply 3->3
404;30;mission;Prospection 2->2
404;30;mission;Supply 5->5
404;30;mission;Supply 6->6
404;30;mission;RoadWork 4->4
404;30;mission;Supply 3->3
404;31;mission;Supply 6->6
404;31;mission;Supply 2->2
404;31;mission;Supply 5->5
404;31;mission;Supply 5->5
404;31;mission;Supply 6->6
404;31;mission;Supply 5->5
404;31;mission;Supply 2->2
404;31;mission;Supply 5->5
404;31;mission;Supply 5->5
404;31;mission;Supply 5->5
404;31;mission;Supply 2->2
404;31;mission;Supply 5->5
404;31;mission;RoadWork 4->4
404;31;mission;Supply 5->5
404;31;mission;Supply 2->2
404;31;mission;Supply 6->6
404;31;mission;Supply 5->5
404;31;mission;RoadWork 3->3
404;31;mission;Supply 5->5
404;31;mission;Supply 6->6
404;32;mission;Supply 5->5
404;32;mission;Supply 6->6
404;32;mission;RoadWork 4->4
404;32;mission;Supply 5->5
404;32;mission;Supply 2->2
404;32;mission;Supply 5->5
404;32;mission;Supply 5->5
404;32;mission;Supply 5->5
404;32;mission;Supply 5->5
404;32;mission;Supply 5->5
404;32;mission;Supply 5->5
404;32;mission;Supply 5->5
404;32;mission;Supply 6->6
404;32;mission;Prospection 4->4
404;32;mission;Supply 5->5
404;32;mission;Prospection 2->2
404;32;mission;Supply 5->5
404;32;mission;Supply 5->5
404;32;mission;Supply 5->5
404;32;mission;Supply 2->2
404;32;mission;Supply 6->6
404;33;mission;Supply 5->5
404;33;mission;Supply 2->2
404;33;mission;Supply 5->5
404;33;mission;Prospection 4->4
404;33;mission;Supply 5->5
404;33;mission;Supply 6->6
404;33;mission;Supply 5->5
404;33;mission;Supply 2->2
404;33;mission;Supply 5->5
404;33;mission;Supply 3->3
404;33;mission;Supply 5->5
404;33;mission;Supply 6->6
404;33;mission;Supply 3->3
404;33;mission;Supply 5->5
404;33;mission;Supply 5->5
404;33;mission;Supply 3->3
404;33;mission;Supply 5->5
404;33;mission;Supply 6->6
404;33;mission;Supply 5->5
404;33;mission;Supply 5->5
404;33;mission;Supply 2->2
404;33;mission;Prospection 4->4
404;33;mission;Supply 6->6
404;33;mission;Supply 3->3
404;34;mission;Supply 2->2
404;34;mission;Supply 3->3
404;34;mission;Supply 3->3
404;34;mission;Prospection 4->4
404;34;mission;Supply 5->5
404;34;mission;Supply 6->6
404;34;mission;Supply 5->5
404;34;mission;Supply 2->2
404;34;mission;Supply 3->3
404;34;mission;Supply 5->5
404;34;mission;Supply 6->6
404;34;mission;Supply 5->5
404;34;mission;Supply 2->2
404;34;mission;Supply 6->6
404;34;mission;Supply 5->5
404;34;mission;Supply 3->3
404;34;mission;Supply 2->2
404;34;mission;Supply 6->6
404;34;mission;Supply 3->3
404;34;mission;Supply 6->6
404;34;mission;Supply 3->3
404;34;mission;Supply 3->3
404;34;mission;Prospection 4->4
404;34;mission;Supply 5->5
404;34;mission;Supply 6->6
404;35;mission;Supply 2->2
404;35;mission;Supply 6->6
404;35;mission;Supply 5->5
404;35;mission;Supply 2->2
404;35;mission;Supply 5->5
404;35;mission;Supply 6->6
404;35;mission;Supply 5->5
404;35;mission;Supply 5->5
404;35;mission;Supply 2->2
404;35;mission;Supply 5->5
404;35;mission;Supply 5->5
404;35;mission;Supply 5->5
404;35;mission;Supply 2->2
404;35;mission;Prospection 4->4
404;35;mission;Supply 5->5
404;35;mission;Supply 5->5
404;35;mission;Supply 3->3
404;35;mission;Supply 6->6
404;35;mission;Supply 6->6
404;35;mission;Supply 3->3
404;35;mission;Supply 3->3
404;35;mission;Supply 5->5
404;35;mission;Supply 3->3
404;35;mission;Supply 5->5
404;35;mission;Supply 6->6
404;36;mission;Supply 5->5
404;36;mission;Supply 5->5
404;36;mission;Supply 6->6
404;36;mission;Supply 6->6
404;36;mission;Supply 2->2
404;36;mission;Supply 5->5
404;36;mission;Supply 5->5
404;36;mission;Supply 5->5
404;36;mission;Supply 6->6
404;36;mission;Supply 5->5
404;36;mission;Supply 5->5
404;36;mission;Supply 3->3
404;36;mission;Prospection 4->4
404;36;mission;Supply 5->5
404;36;mission;Supply 3->3
404;36;mission;Supply 5->5
404;36;mission;Supply 3->3
404;36;mission;Prospection 2->2
404;36;mission;Supply 5->5
404;36;mission;Supply 5->5
404;36;mission;Supply 6->6
404;36;mission;Supply 5->5
404;36;mission;Supply 5->5
404;37;mission;Supply 5->5
404;37;mission;Supply 6->6
404;37;mission;Supply 2->2
404;37;mission;Supply 5->5
404;37;mission;Supply 5->5
404;37;mission;Supply 5->5
404;37;mission;Supply 2->2
404;37;mission;Supply 5->5
404;37;mission;Supply 5->5
404;37;mission;Supply 6->6
404;37;mission;Supply 5->5
404;37;mission;Supply 2->2
404;37;mission;Prospection 4->4
404;37;mission;Supply 5->5
404;37;mission;Supply 6->6
404;37;mission;Supply 5->5
404;37;mission;Supply 5->5
404;37;mission;Supply 5->5
404;37;mission;Supply 3->3
404;37;mission;Supply 6->6
404;37;mission;Supply 3->3
404;37;mission;Supply 3->3
404;37;mission;Supply 5->5
404;37;mission;Supply 3->3
404;37;mission;Supply 5->5
404;37;mission;Supply 6->6
404;37;mission;Supply 5->5
404;37;mission;Supply 5->5
404;38;mission;Prospection 4->4
404;38;mission;Supply 5->5
404;38;mission;Supply 5->5
404;38;mission;Supply 5->5
404;38;mission;Supply 5->5
404;38;mission;Supply 6->6
404;38;mission;Supply 5->5
404;38;mission;Supply 5->5
404;38;mission;Supply 6->6
404;38;mission;Supply 5->5
404;38;mission;Supply 5->5
404;38;mission;Supply 2->2
404;38;mission;Supply 5->5
404;38;mission;Supply 5->5
404;38;mission;Supply 5->5
404;38;mission;Prospection 4->4
404;38;mission;Supply 3->3
404;38;mission;Supply 6->6
404;38;mission;Supply 3->3
404;38;mission;Supply 3->3
404;38;mission;Supply 3->3
404;38;mission;Supply 6->6
404;38;mission;Supply 3->3
404;38;mission;Supply 2->2
404;39;mission;RoadWork 5->5
404;39;mission;Supply 2->2
404;39;mission;Supply 6->6
404;39;mission;Prospection 4->4
404;39;mission;Supply 2->2
404;39;mission;Supply 6->6
404;39;mission;Supply 2->2
404;39;mission;Supply 3->3
404;39;mission;Supply 6->6
404;39;mission;Supply 3->3
404;39;mission;Prospection 5->5
404;39;mission;Supply 6->6
404;39;mission;Supply 3->3
404;39;mission;Prospection 4->4
404;39;mission;Supply 6->6
404;39;mission;Supply 2->2
404;39;mission;Supply 3->3
404;39;mission;Supply 6->6
404;40;mission;Supply 2->2
404;40;mission;Supply 6->6
404;40;mission;Supply 2->2
404;40;mission;Prospection 4->4
404;40;mission;Supply 2->2
404;40;mission;Supply 6->6
404;40;mission;RoadWork 5->5
404;40;mission;Supply 3->3
404;40;mission;Supply 6->6
404;40;mission;Supply 3->3
404;40;mission;Supply 3->3
404;40;mission;Supply 2->2
404;40;mission;Supply 3->3
404;40;mission;Prospection 4->4
404;40;mission;Supply 6->6
404;40;mission;Supply 2->2
404;41;mission;Prospection 5->5
404;41;mission;Supply 6->6
404;41;mission;Supply 2->2
404;41;mission;Supply 6->6
404;41;mission;Supply 3->3
404;41;mission;Supply 6->6
404;41;mission;Prospection 4->4
404;41;mission;Supply 3->3
404;41;mission;Prospection 5->5
404;41;mission;Supply 2->2
404;42;mission;Prospection 4->4
404;42;mission;Supply 6->6
404;42;mission;Supply 2->2
404;42;mission;Supply 6->6
404;42;mission;Supply 2->2
404;42;mission;Supply 6->6
404;42;mission;Supply 3->3
404;42;mission;Supply 6->6
404;42;mission;Prospection 4->4
404;42;mission;Prospection 2->2
404;42;mission;Supply 3->3
404;42;mission;Supply 6->6
404;42;mission;Supply 3->3
404;43;mission;Supply 6->6
404;43;mission;Supply 2->2
404;43;mission;Prospection 4->4
404;43;mission;Supply 6->6
404;43;mission;Supply 2->2
404;43;mission;Supply 2->2
404;43;mission;Supply 3->3
404;43;mission;Supply 3->3
404;43;mission;Prospection 4->4
404;43;mission;RoadWork 6->6
404;44;mission;Supply 6->6
404;44;mission;Prospection 2->2
404;44;mission;Supply 6->6
404;44;mission;Prospection 4->4
404;44;mission;Supply 6->6
404;44;mission;Prospection 2->2
404;44;mission;RoadWork 4->4
404;44;mission;Supply 3->3
404;45;mission;Supply 6->6
404;45;mission;Supply 6->6
404;45;mission;Supply 3->3
404;45;mission;Supply 3->3
404;45;mission;Prospection 4->4
404;45;mission;Supply 6->6
404;45;mission;Prospection 2->2
404;45;mission;Supply 3->3
404;45;mission;Supply 3->3
404;45;mission;Supply 3->3
404;45;mission;Supply 3->3
404;45;mission;Supply 6->6
404;45;mission;Supply 3->3
404;45;mission;Prospection 4->4
404;45;mission;Supply 3->3
404;46;mission;Prospection 2->2
404;46;mission;Supply 3->3
404;46;mission;Supply 6->6
404;46;mission;Supply 3->3
404;46;mission;Supply 3->3
404;46;mission;Supply 3->3
404;46;mission;Supply 3->3
404;46;mission;Prospection 4->4
404;46;mission;Supply 3->3
404;46;mission;Prospection 2->2
404;46;mission;Supply 3->3
404;46;mission;Supply 6->6
404;46;mission;Supply 3->3
404;46;mission;Supply 3->3
404;46;mission;Supply 6->6
404;46;mission;Supply 3->3
404;46;mission;Prospection 4->4
404;46;mission;Supply 3->3
404;46;mission;Supply 6->6
404;47;mission;Supply 3->3
404;47;mission;Prospection 2->2
404;47;mission;Supply 3->3
404;47;mission;Supply 3->3
404;47;mission;Supply 6->6
404;47;mission;Supply 3->3
404;47;mission;Supply 3->3
404;47;mission;Supply 3->3
404;47;mission;Supply 6->6
404;47;mission;Prospection 4->4
404;47;mission;Supply 6->6
404;47;mission;Prospection 2->2
404;47;mission;RoadWork 3->3
404;47;mission;Supply 6->6
404;47;mission;Supply 3->3
404;48;mission;Supply 3->3
404;48;mission;Prospection 4->4
404;48;mission;Supply 6->6
404;48;mission;Supply 3->3
404;48;mission;Supply 3->3
404;48;mission;Prospection 2->2
404;48;mission;Supply 3->3
404;48;mission;Supply 3->3
404;48;mission;Supply 3->3
404;48;mission;Supply 6->6
404;48;mission;Supply 3->3
404;48;mission;Prospection 4->4
404;48;mission;Prospection 2->2
404;48;mission;Supply 3->3
404;48;mission;Supply 3->3
404;48;mission;Supply 6->6
404;49;mission;Supply 3->3
404;49;mission;Supply 3->3
404;49;mission;Supply 3->3
404;49;mission;Prospection 4->4
404;49;mission;Supply 3->3
404;49;mission;Supply 3->3
404;49;mission;Supply 6->6
404;49;mission;Supply 6->6
404;49;mission;Supply 3->3
404;49;mission;Prospection 2->2
404;49;mission;Supply 3->3
404;49;mission;Prospection 4->4
404;49;mission;Supply 3->3
404;49;mission;Supply 6->6
404;50;mission;Supply 3->3
404;50;mission;Prospection 2->2
404;50;mission;Supply 3->3
404;50;mission;Prospection 4->4
404;50;mission;Supply 3->3
404;50;mission;Supply 3->3
404;50;mission;Supply 6->6
404;50;mission;Supply 3->3
404;50;mission;Supply 6->6
404;50;mission;Supply 3->3
404;50;mission;RoadWork 4->4
404;50;mission;Prospection 2->2
404;50;mission;Supply 6->6
404;50;mission;Supply 6->6
404;51;mission;Supply 6->6
404;51;mission;RoadWork 3->3
404;51;mission;Prospection 4->4
404;51;mission;Prospection 2->2
404;51;mission;Supply 3->3
404;51;mission;Supply 6->6
404;51;mission;Supply 3->3
404;51;mission;Prospection 4->4
404;51;mission;Supply 3->3
404;51;mission;RoadWork 6->6
404;51;mission;Supply 3->3
404;51;mission;Prospection 2->2
404;51;mission;Supply 6->6
404;52;mission;Supply 6->6
404;52;mission;Prospection 4->4
404;52;mission;Supply 6->6
404;52;mission;Supply 3->3
404;52;mission;Supply 6->6
404;52;mission;Supply 3->3
404;52;mission;Supply 6->6
404;52;mission;Prospection 4->4
404;52;mission;Supply 3->3
404;53;mission;Supply 6->6
404;53;mission;Supply 3->3
404;53;mission;Prospection 4->4
404;53;mission;Supply 3->3
404;53;mission;Supply 3->3
404;53;mission;Supply 6->6
404;53;mission;Prospection 2->2
404;53;mission;Supply 3->3
404;53;mission;Supply 6->6
404;53;mission;Supply 3->3
404;53;mission;Prospection 4->4
404;53;mission;Supply 6->6
404;53;mission;Supply 3->3
404;54;mission;Supply 6->6
404;54;mission;Supply 6->6
404;54;mission;Supply 6->6
404;54;mission;Supply 3->3
404;54;mission;Prospection 4->4
404;54;mission;Prospection 2->2
404;54;mission;Supply 3->3
404;54;mission;Prospection 4->4
404;54;mission;Supply 3->3
404;55;mission;Supply 6->6
404;55;mission;Prospection 2->2
404;55;mission;Supply 6->6
404;55;mission;Supply 3->3
404;55;mission;Supply 3->3
404;55;mission;Supply 6->6
404;55;mission;Supply 3->3
404;55;mission;Prospection 4->4
404;55;mission;Supply 3->3
404;55;mission;Supply 3->3
404;55;mission;Supply 6->6
404;55;mission;Prospection 4->4
404;56;mission;Supply 3->3
404;56;mission;Supply 6->6
404;56;mission;Supply 6->6
404;56;mission;Supply 3->3
404;56;mission;Supply 3->3
404;56;mission;Prospection 4->4
404;56;mission;Supply 6->6
404;56;mission;Supply 3->3
404;57;mission;Supply 6->6
404;57;mission;Supply 3->3
404;57;mission;Supply 3->3
404;57;mission;Prospection 4->4
404;57;mission;Supply 6->6
404;57;mission;Supply 3->3
404;57;mission;Supply 3->3
404;57;mission;Supply 6->6
404;57;mission;Prospection 4->4
404;57;mission;Supply 6->6
404;58;mission;Supply 3->3
404;58;mission;Prospection 4->4
404;58;mission;Supply 6->6
404;58;mission;Prospection 4->4
404;58;mission;Supply 6->6
404;59;mission;Supply 3->3
404;59;mission;Supply 6->6
404;59;mission;Supply 3->3
404;59;mission;Supply 6->6
404;59;mission;Prospection 2->2
404;59;mission;Prospection 4->4
404;59;mission;Supply 3->3
404;59;mission;Prospection 2->2
404;59;mission;Prospection 4->4
404;59;mission;Supply 3->3
404;59;mission;Supply 3->3
404;60;mission;Supply 6->6
404;60;mission;Prospection 2->2
404;60;mission;Prospection 4->4
404;60;mission;Supply 6->6
404;60;mission;Supply 3->3
404;60;mission;Prospection 4->4
404;60;mission;Prospection 2->2
404;60;mission;Supply 6->6
404;60;mission;Supply 6->6
404;61;mission;Supply 6->6
404;61;mission;Supply 6->6
404;61;mission;Prospection 4->4
404;61;mission;Supply 6->6
404;61;mission;Prospection 2->2
404;61;mission;RoadWork 3->3
404;61;mission;Prospection 4->4
404;61;mission;Supply 6->6
404;62;mission;Supply 6->6
404;62;mission;Prospection 2->2
404;62;mission;Supply 6->6
404;62;mission;Prospection 4->4
404;62;mission;Supply 6->6
404;62;mission;Prospection 2->2
404;62;mission;Supply 6->6
404;62;mission;Supply 3->3
404;62;mission;Prospection 4->4
404;63;mission;Prospection 2->2
404;63;mission;Supply 6->6
404;63;mission;Prospection 4->4
404;63;mission;Supply 3->3
404;63;mission;RoadWork 6->6
404;64;mission;Prospection 4->4
404;64;mission;Prospection 2->2
404;64;mission;Supply 6->6
404;64;mission;Supply 6->6
404;64;mission;Supply 6->6
404;64;mission;Prospection 2->2
404;64;mission;Supply 3->3
404;64;mission;Prospection 4->4
404;65;mission;RoadWork 6->6
404;65;mission;Prospection 2->2
404;65;mission;Prospection 4->4
404;65;mission;Prospection 6->6
404;65;mission;Prospection 2->2
404;65;mission;Supply 3->3
404;65;mission;Supply 3->3
404;65;mission;Prospection 4->4
404;66;mission;RoadWork 6->6
404;66;mission;Supply 3->3
404;66;mission;Prospection 4->4
404;66;mission;Supply 3->3
404;66;mission;Prospection 6->6
404;66;mission;Prospection 2->2
404;66;mission;Supply 3->3
404;66;mission;Supply 3->3
404;67;mission;Supply 3->3
404;67;mission;Prospection 4->4
404;67;mission;Supply 6->6
404;67;mission;Supply 3->3
404;67;mission;RoadWork 2->2
404;67;mission;Supply 6->6
404;67;mission;Prospection 4->4
404;67;mission;Supply 3->3
404;67;mission;Prospection 2->2
404;67;mission;Supply 3->3
404;68;mission;Supply 3->3
404;68;mission;Prospection 4->4
404;68;mission;Supply 6->6
404;68;mission;Supply 3->3
404;68;mission;Supply 3->3
404;68;mission;Supply 3->3
404;68;mission;Foundation 2->2
404;68;mission;Supply 2->2
404;68;mission;Supply 3->3
404;68;mission;Prospection 4->4
404;68;mission;Supply 3->3
404;68;mission;Supply 6->6
404;68;mission;Supply 2->2
404;68;mission;Supply 3->3
404;69;mission;Prospection 4->4
404;69;mission;Supply 6->6
404;69;mission;Supply 2->2
404;69;mission;Supply 3->3
404;69;mission;Supply 6->6
404;69;mission;Supply 2->2
404;69;mission;Supply 6->6
404;69;mission;Supply 6->6
404;69;mission;Supply 3->3
404;69;mission;Supply 6->6
404;69;mission;Supply 3->3
404;69;mission;Supply 6->6
404;69;mission;Supply 6->6
404;70;mission;Prospection 2->2
404;70;mission;Supply 6->6
404;70;mission;Supply 2->2
404;70;mission;Supply 6->6
404;70;mission;Supply 6->6
404;70;mission;Supply 6->6
404;70;mission;Supply 3->3
404;70;mission;Prospection 2->2
404;70;mission;Supply 3->3
404;70;mission;Supply 3->3
404;70;mission;Supply 6->6
404;70;mission;Supply 2->2
404;70;mission;Supply 6->6
404;71;mission;Supply 2->2
404;71;mission;Supply 6->6
404;71;mission;Supply 3->3
404;71;mission;Supply 6->6
404;71;mission;Supply 2->2
404;71;mission;Supply 3->3
404;71;mission;Supply 6->6
404;71;mission;Supply 6->6
404;71;mission;Supply 3->3
404;71;mission;Supply 6->6
404;72;mission;Supply 2->2
404;72;mission;Supply 6->6
404;72;mission;Supply 2->2
404;72;mission;Supply 6->6
404;72;mission;Supply 3->3
404;72;mission;Supply 6->6
404;72;mission;Supply 3->3
404;72;mission;Supply 6->6
404;72;mission;Supply 6->6
404;72;mission;Supply 3->3
404;72;mission;Supply 6->6
404;72;mission;Supply 3->3
404;72;mission;Supply 6->6
404;73;mission;Supply 3->3
404;73;mission;Supply 3->3
404;73;mission;Supply 6->6
404;73;mission;Supply 2->2
404;73;mission;Supply 3->3
404;73;mission;Supply 6->6
404;73;mission;Supply 3->3
404;73;mission;Supply 6->6
404;73;mission;Supply 2->2
404;73;mission;Supply 3->3
404;73;mission;Supply 6->6
404;74;mission;Supply 2->2
404;74;mission;Supply 6->6
404;74;mission;Supply 3->3
404;74;mission;Supply 2->2
404;74;mission;Supply 6->6
404;74;mission;Supply 3->3
404;74;mission;Supply 6->6
404;74;mission;Supply 2->2
404;74;mission;Supply 6->6
404;74;mission;Supply 6->6
404;74;mission;Supply 2->2
404;74;mission;Supply 6->6
404;74;mission;Supply 3->3
404;74;mission;Supply 6->6
404;74;mission;Supply 3->3
404;74;mission;Supply 6->6
404;75;mission;Supply 2->2
404;75;mission;Supply 2->2
404;75;mission;Supply 6->6
404;75;mission;Supply 2->2
404;75;mission;Supply 2->2
404;75;mission;Supply 6->6
404;75;mission;Supply 6->6
404;75;mission;Supply 6->6
404;75;mission;Supply 2->2
404;75;mission;Supply 2->2
404;75;mission;Supply 6->6
404;76;mission;Supply 6->6
404;76;mission;Supply 6->6
404;76;mission;Supply 6->6
404;76;mission;Supply 6->6
404;76;mission;Supply 2->2
404;76;mission;Supply 6->6
404;76;mission;Supply 6->6
404;76;mission;Supply 2->2
404;76;mission;Supply 2->2
404;77;mission;Supply 6->6
404;77;mission;Supply 2->2
404;77;mission;Supply 6->6
404;77;mission;Supply 6->6
404;77;mission;Supply 2->2
404;77;mission;Supply 6->6
404;77;mission;Supply 6->6
404;77;mission;Supply 2->2
404;77;mission;Supply 6->6
404;77;mission;Supply 6->6
404;77;mission;Supply 2->2
404;77;mission;Supply 6->6
404;77;mission;Supply 6->6
404;77;mission;Prospection 4->4
404;77;mission;Supply 2->2
404;78;mission;Supply 6->6
404;78;mission;Supply 2->2
404;78;mission;Supply 2->2
404;78;mission;Prospection 4->4
404;78;mission;Supply 6->6
404;78;mission;Supply 2->2
404;78;mission;Supply 6->6
404;78;mission;Supply 6->6
404;78;mission;Supply 2->2
404;78;mission;Supply 6->6
404;78;mission;Supply 6->6
404;79;mission;Supply 6->6
404;79;mission;Prospection 4->4
404;79;mission;Supply 6->6
404;79;mission;Supply 2->2
404;79;mission;Supply 6->6
404;79;mission;Supply 6->6
404;79;mission;Supply 6->6
404;79;mission;Supply 6->6
404;79;mission;Supply 6->6
404;79;mission;Supply 6->6
404;79;mission;Supply 2->2
404;79;mission;Supply 6->6
404;79;mission;Prospection 4->4
404;79;mission;Supply 6->6
404;80;mission;Supply 2->2
404;80;mission;Supply 2->2
404;80;mission;Prospection 4->4
404;80;mission;Supply 6->6
404;80;mission;Supply 6->6
404;80;mission;Supply 2->2
404;80;mission;Prospection 4->4
404;80;mission;RoadWork 6->6
404;80;mission;Supply 2->2
404;80;mission;Supply 6->6
404;81;mission;Supply 6->6
404;81;mission;Supply 6->6
404;81;mission;Supply 6->6
404;81;mission;Supply 6->6
404;81;mission;Supply 2->2
404;81;mission;Supply 6->6
404;81;mission;Prospection 4->4
404;81;mission;Supply 6->6
404;81;mission;Supply 2->2
404;81;mission;Supply 6->6
404;81;mission;Supply 6->6
404;81;mission;Supply 2->2
404;81;mission;Supply 6->6
404;81;mission;Prospection 4->4
404;81;mission;Supply 6->6
404;81;mission;Supply 2->2
404;81;mission;Supply 6->6
404;81;mission;Supply 6->6
404;81;mission;Supply 6->6
404;82;mission;Supply 6->6
404;82;mission;Supply 2->2
404;82;mission;Supply 6->6
404;82;mission;Supply 6->6
404;82;mission;Supply 6->6
404;82;mission;Supply 2->2
404;82;mission;Supply 6->6
404;82;mission;Supply 6->6
404;82;mission;Supply 2->2
404;82;mission;Supply 6->6
404;82;mission;Prospection 4->4
404;82;mission;Supply 6->6
404;82;mission;Supply 2->2
404;82;mission;Supply 6->6
404;82;mission;Supply 2->2
404;82;mission;Supply 6->6
404;82;mission;Supply 6->6
404;82;mission;Prospection 4->4
404;82;mission;Supply 6->6
404;82;mission;Supply 6->6
404;83;mission;Supply 6->6
404;83;mission;Supply 6->6
404;83;mission;Supply 6->6
404;83;mission;Supply 6->6
404;83;mission;Supply 6->6
404;83;mission;Supply 6->6
404;83;mission;Supply 6->6
404;83;mission;Supply 6->6
404;83;mission;Supply 6->6
404;83;mission;Prospection 4->4
404;83;mission;Supply 6->6
404;83;mission;Supply 2->2
404;83;mission;Supply 6->6
404;83;mission;Supply 6->6
404;83;mission;Supply 2->2
404;83;mission;Supply 2->2
404;83;mission;Supply 6->6
404;83;mission;Supply 6->6
404;84;mission;Supply 2->2
404;84;mission;Prospection 4->4
404;84;mission;Supply 6->6
404;84;mission;Supply 2->2
404;84;mission;Supply 6->6
404;84;mission;Supply 6->6
404;84;mission;Supply 6->6
404;84;mission;Supply 6->6
404;84;mission;Supply 6->6
404;84;mission;Supply 6->6
404;84;mission;Supply 2->2
404;84;mission;Supply 6->6
404;84;mission;Supply 2->2
404;84;mission;Prospection 4->4
404;84;mission;Supply 2->2
404;84;mission;Supply 6->6
404;84;mission;Supply 6->6
404;85;mission;Supply 6->6
404;85;mission;Supply 2->2
404;85;mission;Supply 6->6
404;85;mission;Prospection 4->4
404;85;mission;Supply 6->6
404;85;mission;Supply 2->2
404;85;mission;Supply 6->6
404;85;mission;Supply 6->6
404;85;mission;Supply 6->6
404;85;mission;Supply 2->2
404;85;mission;Supply 6->6
404;85;mission;Supply 6->6
404;85;mission;Supply 2->2
404;85;mission;Supply 6->6
404;85;mission;Supply 2->2
404;85;mission;Supply 6->6
404;85;mission;Prospection 4->4
404;85;mission;Supply 6->6
404;85;mission;Supply 6->6
404;85;mission;Supply 6->6
404;86;mission;Supply 6->6
404;86;mission;Supply 6->6
404;86;mission;Supply 6->6
404;86;mission;Supply 2->2
404;86;mission;Supply 6->6
404;86;mission;Supply 6->6
404;86;mission;Supply 6->6
404;86;mission;Supply 6->6
404;86;mission;Supply 6->6
404;86;mission;Prospection 4->4
404;86;mission;Supply 6->6
404;86;mission;Supply 6->6
404;86;mission;Supply 2->2
404;86;mission;Supply 6->6
404;86;mission;Supply 6->6
404;86;mission;Prospection 4->4
404;86;mission;Supply 6->6
404;87;mission;Supply 2->2
404;87;mission;Supply 6->6
404;87;mission;Supply 6->6
404;87;mission;Supply 6->6
404;87;mission;Supply 2->2
404;87;mission;Supply 2->2
404;87;mission;Supply 6->6
404;87;mission;Supply 6->6
404;87;mission;Supply 2->2
404;87;mission;Supply 6->6
404;87;mission;Supply 6->6
404;87;mission;Supply 6->6
404;87;mission;Supply 2->2
404;87;mission;Prospection 4->4
404;87;mission;Supply 6->6
404;87;mission;Supply 2->2
404;87;mission;Supply 2->2
404;87;mission;Supply 6->6
404;88;mission;Supply 6->6
404;88;mission;Supply 6->6
404;88;mission;Prospection 4->4
404;88;mission;Supply 6->6
404;88;mission;Supply 6->6
404;88;mission;Supply 2->2
404;88;mission;Supply 2->2
404;88;mission;Prospection 4->4
404;88;mission;Supply 2->2
404;88;mission;Supply 6->6
404;88;mission;Supply 6->6
404;88;mission;Supply 2->2
404;88;mission;Supply 2->2
404;89;mission;Supply 2->2
404;89;mission;Supply 2->2
404;89;mission;Prospection 4->4
404;89;mission;RoadWork 6->6
404;89;mission;Supply 2->2
404;89;mission;Supply 2->2
404;89;mission;Prospection 4->4
404;89;mission;Supply 2->2
404;89;mission;Supply 2->2
404;90;mission;Prospection 6->6
404;90;mission;Prospection 4->4
404;90;mission;Supply 2->2
404;90;mission;Supply 2->2
404;90;mission;Supply 2->2
404;90;mission;Prospection 6->6
404;90;mission;Prospection 4->4
404;91;mission;Prospection 6->6
404;91;mission;Prospection 4->4
404;91;mission;Supply 2->2
404;91;mission;Prospection 4->4
404;92;mission;RoadWork 2->2
404;92;mission;Prospection 4->4
404;92;mission;Supply 2->2
404;92;mission;Supply 2->2
404;92;mission;Prospection 4->4
404;93;mission;Supply 2->2
404;93;mission;Supply 2->2
404;93;mission;Prospection 4->4
404;93;mission;Supply 2->2
404;93;mission;Prospection 4->4
404;93;mission;RoadWork 2->2
404;94;mission;Supply 2->2
404;94;mission;Supply 2->2
404;94;mission;Prospection 4->4
404;94;mission;Supply 2->2
404;94;mission;Supply 2->2
404;94;mission;Supply 2->2
404;94;mission;Prospection 4->4
404;95;mission;Supply 2->2
404;95;mission;Prospection 4->4
404;95;mission;Supply 2->2
404;95;mission;Supply 2->2
404;95;mission;Supply 2->2
404;95;mission;Prospection 4->4
404;96;mission;Supply 2->2
404;96;mission;Supply 2->2
404;96;mission;Prospection 4->4
404;96;mission;Supply 2->2
404;96;mission;Supply 2->2
404;96;mission;Supply 2->2
404;96;mission;Supply 2->2
404;96;mission;Prospection 4->4
404;97;mission;Supply 2->2
404;97;mission;Supply 2->2
404;97;mission;Prospection 4->4
404;97;mission;Supply 2->2
404;97;mission;Supply 2->2
404;97;mission;Supply 2->2
404;97;mission;Prospection 4->4
404;98;mission;Supply 2->2
404;98;mission;Prospection 4->4
404;98;mission;Supply 2->2
404;98;mission;Supply 2->2
404;98;mission;Prospection 4->4
404;99;mission;Supply 2->2
404;99;mission;Supply 2->2
404;99;mission;Supply 2->2
404;99;mission;Supply 6->6
404;99;mission;Supply 6->6
404;99;mission;Supply 2->2
404;99;mission;Supply 2->2
404;99;mission;Prospection 4->4
404;99;mission;Supply 2->2
404;99;mission;Supply 2->2
404;100;mission;Prospection 4->4
404;100;mission;Supply 2->2
404;100;mission;Prospection 6->6
404;100;mission;Prospection 4->4
404;100;mission;RoadWork 2->2
405;1;colonie_nee;1 Première colonie (Humains) mere=0
405;1;colonie_nee;2 Colonie naine (Nains) mere=0
405;1;colonie_nee;3 Colonie elfe (Elfes) mere=0
405;1;colonie_nee;4 Colonie orque (Orques) mere=0
405;1;colonie_nee;5 Colonie humaine (Humains) mere=0
405;1;colonie_nee;6 Colonie naine (Nains) mere=0
405;1;mission;Prospection 5->5
405;2;mission;Prospection 1->1
405;2;mission;Prospection 5->5
405;2;mission;Prospection 6->6
405;2;mission;Prospection 3->3
405;2;mission;Prospection 4->4
405;2;mission;Prospection 1->1
405;2;mission;Prospection 5->5
405;2;mission;Prospection 6->6
405;3;mission;Prospection 3->3
405;3;mission;Prospection 1->1
405;3;mission;Prospection 2->2
405;3;mission;Prospection 5->5
405;3;mission;Prospection 6->6
405;3;mission;Prospection 3->3
405;4;mission;Prospection 2->2
405;4;mission;Prospection 6->6
405;4;mission;Prospection 1->1
405;4;mission;Prospection 3->3
405;4;mission;Prospection 2->2
405;5;mission;Prospection 1->1
405;5;mission;Prospection 2->2
405;5;mission;Prospection 3->3
405;5;mission;Prospection 1->1
405;5;mission;Prospection 6->6
405;6;mission;Prospection 2->2
405;6;mission;Prospection 3->3
405;6;mission;Prospection 1->1
405;6;mission;Prospection 1->1
405;6;mission;Prospection 2->2
405;6;mission;Prospection 3->3
405;7;mission;Prospection 6->6
405;7;mission;RoadWork 1->1
405;7;mission;Prospection 2->2
405;7;mission;Prospection 3->3
405;7;mission;Prospection 1->1
405;7;mission;Prospection 3->3
405;7;pacte;Alliance 6-2
405;8;mission;Prospection 1->1
405;8;mission;RoadWork 2->2
405;8;mission;RoadWork 3->3
405;8;mission;Foundation 6->6
405;8;mission;Supply 6->6
405;9;mission;Prospection 3->3
405;9;mission;RoadWork 1->1
405;9;mission;Relocation 6->6
405;9;mission;Prospection 3->3
405;9;mission;Supply 6->6
405;9;mission;Supply 6->6
405;9;mission;Prospection 1->1
405;10;mission;RoadWork 2->2
405;10;mission;Prospection 3->3
405;10;mission;Prospection 1->1
405;10;mission;RoadWork 6->6
405;10;mission;RoadWork 2->2
405;10;mission;RoadWork 4->4
405;11;mission;Supply 6->6
405;11;mission;RoadWork 1->1
405;11;mission;Supply 6->6
405;11;mission;Supply 6->6
405;11;mission;Prospection 1->1
405;11;mission;Prospection 4->4
405;11;mission;Supply 6->6
405;11;mission;RoadWork 2->2
405;12;mission;RoadWork 1->1
405;12;mission;Supply 6->6
405;12;mission;Prospection 3->3
405;12;mission;RoadWork 2->2
405;13;mission;Supply 6->6
405;13;mission;RoadWork 3->3
405;13;mission;RoadWork 3->3
405;13;mission;RoadWork 1->1
405;13;mission;RoadWork 2->2
405;13;mission;Supply 6->6
405;14;mission;Supply 6->6
405;14;mission;Prospection 1->1
405;14;mission;RoadWork 3->3
405;14;mission;Supply 6->6
405;14;mission;RoadWork 3->3
405;15;mission;Supply 6->6
405;15;mission;RoadWork 2->2
405;15;mission;RoadWork 1->1
405;15;mission;Prospection 3->3
405;15;mission;Supply 6->6
405;16;mission;Foundation 1->1
405;16;mission;Prospection 3->3
405;16;mission;Supply 6->6
405;16;mission;Supply 1->1
405;16;mission;Supply 1->1
405;16;mission;Supply 6->6
405;16;mission;Prospection 3->3
405;16;mission;Supply 6->6
405;16;mission;RoadWork 1->1
405;17;mission;Supply 6->6
405;17;mission;RoadWork 3->3
405;17;mission;Supply 1->1
405;17;mission;Supply 1->1
405;17;mission;Supply 6->6
405;17;mission;Supply 1->1
405;17;mission;RoadWork 3->3
405;17;mission;Supply 1->1
405;18;mission;RoadWork 3->3
405;18;mission;Supply 1->1
405;18;mission;Supply 1->1
405;18;mission;Prospection 3->3
405;18;mission;RoadWork 6->6
405;18;mission;Supply 1->1
405;18;mission;Supply 6->6
405;19;mission;Foundation 3->3
405;19;mission;Supply 1->1
405;19;mission;Supply 3->3
405;19;mission;Supply 6->6
405;19;mission;Supply 1->1
405;19;mission;Supply 3->3
405;19;mission;Supply 3->3
405;19;mission;RoadWork 6->6
405;19;mission;Supply 3->3
405;19;mission;Supply 1->1
405;20;mission;Supply 6->6
405;20;mission;Supply 1->1
405;20;mission;Supply 3->3
405;20;mission;Supply 1->1
405;20;mission;RoadWork 6->6
405;20;mission;Supply 1->1
405;21;mission;Supply 6->6
405;21;mission;Supply 3->3
405;21;mission;Supply 1->1
405;21;mission;Supply 3->3
405;21;mission;Supply 3->3
405;21;mission;RoadWork 6->6
405;21;mission;Supply 1->1
405;21;mission;Supply 3->3
405;21;mission;Supply 3->3
405;22;mission;Supply 1->1
405;22;mission;Supply 6->6
405;22;mission;Supply 3->3
405;22;mission;Supply 1->1
405;22;mission;RoadWork 2->2
405;22;mission;RoadWork 6->6
405;22;mission;RoadWork 3->3
405;22;mission;Supply 1->1
405;23;mission;Supply 1->1
405;23;mission;RoadWork 2->2
405;23;mission;Supply 3->3
405;23;mission;Supply 3->3
405;23;mission;Supply 1->1
405;23;mission;Supply 3->3
405;23;mission;RoadWork 2->2
405;24;mission;Supply 1->1
405;24;mission;Supply 1->1
405;24;mission;RoadWork 6->6
405;24;mission;Supply 3->3
405;24;mission;RoadWork 1->1
405;24;mission;Supply 6->6
405;24;mission;Supply 1->1
405;24;mission;Supply 3->3
405;25;mission;Supply 3->3
405;25;mission;Supply 1->1
405;25;mission;RoadWork 2->2
405;25;mission;RoadWork 6->6
405;25;mission;Supply 3->3
405;25;mission;RoadWork 2->2
405;25;mission;RoadWork 6->6
405;25;mission;Supply 1->1
405;25;mission;Supply 3->3
405;26;mission;Supply 1->1
405;26;mission;Supply 3->3
405;26;mission;RoadWork 6->6
405;26;mission;Supply 1->1
405;26;mission;Foundation 2->2
405;26;mission;Supply 2->2
405;26;mission;RoadWork 3->3
405;26;mission;Supply 2->2
405;26;mission;Supply 2->2
405;26;mission;RoadWork 1->1
405;27;mission;Prospection 6->6
405;27;mission;Supply 2->2
405;27;mission;Supply 3->3
405;27;mission;Supply 2->2
405;27;mission;Supply 2->2
405;27;mission;Supply 3->3
405;27;mission;Prospection 1->1
405;27;mission;Supply 3->3
405;27;mission;Supply 6->6
405;27;mission;Supply 1->1
405;27;mission;Supply 6->6
405;27;mission;Supply 2->2
405;27;mission;Supply 6->6
405;28;mission;Supply 1->1
405;28;mission;Supply 6->6
405;28;mission;Supply 6->6
405;28;mission;Supply 1->1
405;28;mission;Supply 6->6
405;28;mission;Supply 1->1
405;28;mission;Supply 2->2
405;28;mission;Supply 3->3
405;28;mission;Supply 6->6
405;28;mission;Supply 1->1
405;28;mission;Supply 2->2
405;28;mission;Supply 1->1
405;28;mission;Supply 6->6
405;29;mission;Supply 2->2
405;29;mission;Supply 3->3
405;29;mission;Supply 1->1
405;29;mission;Supply 2->2
405;29;mission;Supply 3->3
405;29;mission;Supply 6->6
405;29;mission;Supply 6->6
405;29;mission;Supply 3->3
405;29;mission;RoadWork 1->1
405;29;mission;Supply 6->6
405;29;mission;Supply 1->1
405;30;mission;Supply 1->1
405;30;mission;Supply 6->6
405;30;mission;Supply 2->2
405;30;mission;Supply 3->3
405;30;mission;Supply 1->1
405;30;mission;Supply 2->2
405;30;mission;Supply 6->6
405;30;mission;Supply 2->2
405;30;mission;RoadWork 3->3
405;30;mission;Supply 1->1
405;30;mission;Supply 6->6
405;30;mission;Supply 2->2
405;30;mission;Supply 3->3
405;31;mission;RoadWork 4->4
405;31;mission;Supply 6->6
405;31;mission;Supply 1->1
405;31;mission;Supply 2->2
405;31;mission;Supply 6->6
405;31;mission;Supply 1->1
405;31;mission;Supply 2->2
405;31;mission;RoadWork 4->4
405;31;mission;RoadWork 3->3
405;31;mission;Supply 1->1
405;32;mission;Supply 3->3
405;32;mission;Supply 1->1
405;32;mission;Supply 6->6
405;32;mission;Supply 2->2
405;32;mission;RoadWork 4->4
405;32;mission;Supply 2->2
405;32;mission;Supply 1->1
405;32;mission;Supply 3->3
405;32;mission;Supply 6->6
405;32;mission;Supply 2->2
405;32;mission;Supply 2->2
405;32;mission;Supply 1->1
405;32;mission;Supply 3->3
405;32;mission;RoadWork 4->4
405;32;mission;RoadWork 6->6
405;33;mission;Supply 6->6
405;33;mission;Supply 2->2
405;33;mission;Supply 1->1
405;33;mission;Supply 2->2
405;33;mission;Supply 6->6
405;33;mission;Supply 1->1
405;33;mission;Supply 2->2
405;33;mission;Supply 3->3
405;33;mission;Supply 1->1
405;33;mission;Supply 2->2
405;33;mission;Supply 3->3
405;33;mission;Supply 3->3
405;34;mission;Supply 6->6
405;34;mission;Supply 3->3
405;34;mission;RoadWork 4->4
405;34;mission;Supply 2->2
405;34;mission;Supply 3->3
405;34;mission;Supply 6->6
405;34;mission;Supply 1->1
405;34;mission;Supply 3->3
405;34;mission;Supply 6->6
405;34;mission;Supply 2->2
405;34;mission;Supply 1->1
405;34;mission;Supply 2->2
405;34;mission;RoadWork 4->4
405;34;mission;Supply 6->6
405;35;mission;Supply 1->1
405;35;mission;Supply 2->2
405;35;mission;Supply 3->3
405;35;mission;Supply 6->6
405;35;mission;Supply 1->1
405;35;mission;Supply 2->2
405;35;mission;Supply 2->2
405;35;mission;Supply 3->3
405;35;mission;Supply 2->2
405;35;mission;Supply 3->3
405;35;mission;Supply 2->2
405;35;mission;Prospection 4->4
405;35;mission;Supply 3->3
405;35;mission;RoadWork 1->1
405;35;mission;Supply 3->3
405;35;mission;Supply 2->2
405;36;mission;Supply 3->3
405;36;mission;Supply 6->6
405;36;mission;Supply 1->1
405;36;mission;Supply 2->2
405;36;mission;Supply 3->3
405;36;mission;RoadWork 4->4
405;36;mission;Supply 3->3
405;36;mission;Supply 2->2
405;36;mission;Supply 6->6
405;36;mission;Supply 1->1
405;36;mission;Supply 1->1
405;36;mission;Supply 1->1
405;36;mission;RoadWork 3->3
405;36;mission;Prospection 4->4
405;36;mission;Supply 2->2
405;36;mission;Supply 1->1
405;36;mission;RoadWork 6->6
405;37;mission;Supply 1->1
405;37;mission;Supply 2->2
405;37;mission;Prospection 4->4
405;37;mission;RoadWork 3->3
405;37;mission;Supply 1->1
405;37;mission;Supply 2->2
405;37;mission;Supply 6->6
405;37;mission;Supply 3->3
405;37;mission;Prospection 4->4
405;37;mission;Supply 2->2
405;38;mission;Supply 1->1
405;38;mission;Supply 2->2
405;38;mission;Supply 6->6
405;38;mission;Supply 2->2
405;38;mission;Supply 2->2
405;38;mission;Supply 1->1
405;38;mission;Supply 2->2
405;38;mission;Supply 6->6
405;38;mission;Supply 3->3
405;38;mission;Prospection 4->4
405;38;mission;Supply 1->1
405;38;mission;Supply 6->6
405;38;mission;Supply 2->2
405;38;mission;Supply 3->3
405;38;mission;Supply 3->3
405;39;mission;Supply 3->3
405;39;mission;Prospection 4->4
405;39;mission;Supply 2->2
405;39;mission;RoadWork 1->1
405;39;mission;Supply 3->3
405;39;mission;Supply 2->2
405;39;mission;Supply 3->3
405;39;mission;Supply 6->6
405;39;mission;Supply 2->2
405;39;mission;Supply 6->6
405;39;mission;Supply 2->2
405;39;mission;Prospection 4->4
405;39;mission;Supply 1->1
405;39;mission;Supply 6->6
405;39;mission;RoadWork 3->3
405;40;mission;Supply 1->1
405;40;mission;Supply 2->2
405;40;mission;Supply 3->3
405;40;mission;Supply 1->1
405;40;mission;Supply 2->2
405;40;mission;Supply 6->6
405;40;mission;Supply 1->1
405;40;mission;Supply 2->2
405;40;mission;Prospection 4->4
405;40;mission;Supply 2->2
405;40;mission;Supply 3->3
405;40;mission;Supply 3->3
405;40;mission;Supply 2->2
405;40;mission;Supply 6->6
405;40;mission;Supply 3->3
405;41;mission;RoadWork 1->1
405;41;mission;Supply 3->3
405;41;mission;Prospection 4->4
405;41;mission;Supply 6->6
405;41;mission;Supply 2->2
405;41;mission;Supply 1->1
405;41;mission;Supply 1->1
405;41;mission;Supply 2->2
405;41;mission;Foundation 3->3
405;41;mission;Supply 3->3
405;41;mission;Prospection 4->4
405;41;mission;Supply 6->6
405;41;mission;Supply 3->3
405;41;mission;Supply 6->6
405;41;mission;Supply 3->3
405;41;mission;Supply 1->1
405;42;mission;Supply 2->2
405;42;mission;Supply 3->3
405;42;mission;Supply 6->6
405;42;mission;Supply 3->3
405;42;mission;Supply 3->3
405;42;mission;Supply 6->6
405;42;mission;Supply 1->1
405;42;mission;Supply 2->2
405;42;mission;Prospection 4->4
405;42;mission;Supply 1->1
405;42;mission;Supply 3->3
405;42;mission;Supply 6->6
405;42;mission;Supply 3->3
405;42;mission;Supply 6->6
405;42;mission;Supply 1->1
405;42;mission;Supply 2->2
405;42;mission;Prospection 4->4
405;43;mission;Supply 3->3
405;43;mission;Supply 1->1
405;43;mission;Supply 3->3
405;43;mission;Supply 6->6
405;43;mission;Supply 2->2
405;43;mission;Supply 3->3
405;43;mission;Supply 3->3
405;43;mission;Supply 6->6
405;43;mission;Supply 1->1
405;43;mission;Supply 2->2
405;43;mission;Prospection 4->4
405;43;mission;Supply 3->3
405;43;mission;Supply 6->6
405;43;mission;Supply 3->3
405;43;mission;Supply 1->1
405;43;mission;Supply 3->3
405;43;mission;Supply 6->6
405;44;mission;Supply 2->2
405;44;mission;Prospection 4->4
405;44;mission;Supply 6->6
405;44;mission;Supply 3->3
405;44;mission;Supply 1->1
405;44;mission;Supply 6->6
405;44;mission;Supply 3->3
405;44;mission;Supply 6->6
405;44;mission;Supply 2->2
405;44;mission;Supply 3->3
405;44;mission;Supply 1->1
405;44;mission;Supply 6->6
405;44;mission;Prospection 4->4
405;44;mission;Supply 1->1
405;44;mission;RoadWork 2->2
405;44;mission;Supply 3->3
405;45;mission;Supply 3->3
405;45;mission;Supply 3->3
405;45;mission;Supply 6->6
405;45;mission;Supply 1->1
405;45;mission;Supply 2->2
405;45;mission;Supply 3->3
405;45;mission;Prospection 4->4
405;45;mission;Supply 6->6
405;45;mission;Supply 3->3
405;45;mission;Supply 1->1
405;45;mission;Supply 2->2
405;45;mission;Supply 3->3
405;45;mission;Supply 1->1
405;45;mission;Supply 3->3
405;45;mission;Supply 3->3
405;45;mission;Supply 3->3
405;45;mission;Prospection 2->2
405;46;mission;Supply 3->3
405;46;mission;Prospection 4->4
405;46;mission;RoadWork 1->1
405;46;mission;Supply 3->3
405;46;mission;Supply 6->6
405;46;mission;Supply 3->3
405;46;mission;Supply 3->3
405;46;mission;Supply 3->3
405;46;mission;Supply 2->2
405;46;mission;Supply 3->3
405;46;mission;Supply 3->3
405;46;mission;Prospection 4->4
405;46;mission;Supply 1->1
405;46;mission;RoadWork 6->6
405;46;mission;Supply 3->3
405;46;mission;Supply 2->2
405;47;mission;Supply 1->1
405;47;mission;Supply 3->3
405;47;mission;Prospection 4->4
405;47;mission;Supply 3->3
405;47;mission;Supply 1->1
405;47;mission;Supply 3->3
405;47;mission;Supply 6->6
405;47;mission;Supply 2->2
405;47;mission;Supply 1->1
405;47;mission;Supply 3->3
405;47;mission;Prospection 4->4
405;47;mission;Supply 6->6
405;47;mission;Supply 1->1
405;47;mission;Supply 2->2
405;47;mission;Supply 3->3
405;48;mission;Supply 3->3
405;48;mission;Supply 1->1
405;48;mission;Supply 3->3
405;48;mission;Prospection 4->4
405;48;mission;Supply 2->2
405;48;mission;Supply 3->3
405;48;mission;Supply 6->6
405;48;mission;Supply 1->1
405;48;mission;Supply 3->3
405;48;mission;Supply 3->3
405;48;mission;Supply 1->1
405;48;mission;Supply 3->3
405;48;mission;Supply 3->3
405;48;mission;Prospection 2->2
405;48;mission;Prospection 4->4
405;48;mission;RoadWork 6->6
405;48;mission;Supply 1->1
405;48;mission;Supply 6->6
405;49;mission;Supply 3->3
405;49;mission;Supply 2->2
405;49;mission;Supply 3->3
405;49;mission;Prospection 4->4
405;49;mission;Supply 1->1
405;49;mission;Supply 3->3
405;49;mission;Supply 2->2
405;49;mission;Supply 3->3
405;49;mission;Supply 1->1
405;49;mission;Supply 6->6
405;49;mission;Supply 3->3
405;49;mission;Supply 6->6
405;50;mission;Supply 1->1
405;50;mission;Supply 2->2
405;50;mission;Supply 3->3
405;50;mission;RoadWork 4->4
405;50;mission;Supply 1->1
405;50;mission;Supply 1->1
405;50;mission;Supply 6->6
405;50;mission;Supply 3->3
405;50;mission;Foundation 2->2
405;50;mission;Prospection 4->4
405;50;mission;Supply 2->2
405;50;mission;Supply 3->3
405;50;mission;Supply 2->2
405;50;mission;Supply 1->1
405;50;mission;Supply 6->6
405;51;mission;Supply 2->2
405;51;mission;Supply 3->3
405;51;mission;Supply 1->1
405;51;mission;Supply 6->6
405;51;mission;Supply 2->2
405;51;mission;Supply 3->3
405;51;mission;Prospection 4->4
405;51;mission;Supply 6->6
405;51;mission;Supply 2->2
405;51;mission;Supply 3->3
405;51;mission;Supply 1->1
405;51;mission;Supply 2->2
405;51;mission;Supply 3->3
405;51;mission;Supply 6->6
405;51;mission;Supply 3->3
405;51;mission;Prospection 4->4
405;51;mission;RoadWork 1->1
405;51;mission;Foundation 2->2
405;51;mission;Supply 3->3
405;51;mission;Foundation 6->6
405;51;mission;Supply 2->2
405;52;mission;Supply 3->3
405;52;mission;Supply 1->1
405;52;mission;Supply 2->2
405;52;mission;Supply 3->3
405;52;mission;Supply 3->3
405;52;mission;Supply 2->2
405;52;mission;Supply 6->6
405;52;mission;Supply 3->3
405;52;mission;Supply 1->1
405;52;mission;Prospection 4->4
405;52;mission;Supply 3->3
405;52;mission;Supply 6->6
405;52;mission;Supply 2->2
405;52;mission;Supply 6->6
405;52;mission;Supply 2->2
405;52;mission;Supply 2->2
405;52;mission;Supply 3->3
405;52;mission;Supply 2->2
405;52;mission;Supply 3->3
405;53;mission;Supply 2->2
405;53;mission;Supply 3->3
405;53;mission;Prospection 4->4
405;53;mission;RoadWork 1->1
405;53;mission;Supply 6->6
405;53;mission;Supply 2->2
405;53;mission;Supply 3->3
405;53;mission;Supply 6->6
405;53;mission;Supply 2->2
405;53;mission;Supply 3->3
405;53;mission;Supply 2->2
405;53;mission;Supply 6->6
405;53;mission;Supply 2->2
405;53;mission;Supply 6->6
405;53;mission;Supply 2->2
405;53;mission;Prospection 1->1
405;53;mission;Prospection 4->4
405;53;mission;Supply 3->3
405;53;mission;Supply 3->3
405;53;mission;Supply 6->6
405;53;mission;Supply 2->2
405;54;mission;Supply 2->2
405;54;mission;Supply 6->6
405;54;mission;Supply 2->2
405;54;mission;RoadWork 1->1
405;54;mission;Supply 2->2
405;54;mission;Prospection 4->4
405;54;mission;Supply 3->3
405;54;mission;Supply 2->2
405;54;mission;Supply 3->3
405;54;mission;Supply 2->2
405;54;mission;Supply 3->3
405;54;mission;RoadWork 6->6
405;54;mission;Prospection 1->1
405;54;mission;Supply 2->2
405;54;mission;Supply 3->3
405;54;mission;Prospection 4->4
405;54;mission;Supply 2->2
405;54;mission;Supply 6->6
405;55;mission;Supply 2->2
405;55;mission;Supply 2->2
405;55;mission;RoadWork 1->1
405;55;mission;Supply 2->2
405;55;mission;Supply 6->6
405;55;mission;Supply 3->3
405;55;mission;Supply 2->2
405;55;mission;Supply 6->6
405;55;mission;Prospection 4->4
405;55;mission;Supply 2->2
405;55;mission;Supply 6->6
405;55;mission;Supply 6->6
405;55;mission;Supply 2->2
405;55;mission;RoadWork 3->3
405;55;mission;RoadWork 1->1
405;55;mission;Supply 2->2
405;55;mission;Supply 3->3
405;56;mission;Supply 2->2
405;56;mission;Prospection 4->4
405;56;mission;Supply 6->6
405;56;mission;Supply 2->2
405;56;mission;Supply 2->2
405;56;mission;Supply 6->6
405;56;mission;Supply 2->2
405;56;mission;RoadWork 1->1
405;56;mission;Supply 3->3
405;56;mission;Supply 2->2
405;56;mission;Supply 3->3
405;56;mission;Supply 6->6
405;56;mission;Supply 2->2
405;56;mission;RoadWork 4->4
405;56;mission;Supply 6->6
405;56;mission;Supply 2->2
405;56;mission;Supply 2->2
405;57;mission;RoadWork 3->3
405;57;mission;RoadWork 1->1
405;57;mission;Supply 2->2
405;57;mission;Supply 2->2
405;57;mission;Supply 3->3
405;57;mission;Supply 2->2
405;57;mission;Supply 3->3
405;57;mission;Prospection 4->4
405;57;mission;Supply 6->6
405;57;mission;Supply 2->2
405;57;mission;Supply 3->3
405;57;mission;Supply 2->2
405;57;mission;Prospection 1->1
405;57;mission;Supply 2->2
405;57;mission;Supply 3->3
405;57;mission;Prospection 6->6
405;57;mission;Supply 2->2
405;57;mission;Supply 3->3
405;57;mission;Prospection 4->4
405;58;mission;Supply 2->2
405;58;mission;Supply 2->2
405;58;mission;Supply 6->6
405;58;mission;RoadWork 1->1
405;58;mission;Supply 3->3
405;58;mission;Supply 3->3
405;58;mission;Supply 6->6
405;58;mission;Supply 6->6
405;58;mission;Prospection 4->4
405;58;mission;RoadWork 1->1
405;58;mission;RoadWork 3->3
405;58;mission;Supply 2->2
405;58;mission;Supply 3->3
405;58;mission;Supply 6->6
405;59;mission;Supply 2->2
405;59;mission;Supply 3->3
405;59;mission;Prospection 4->4
405;59;mission;Supply 6->6
405;59;mission;Supply 2->2
405;59;mission;Supply 3->3
405;59;mission;Supply 6->6
405;59;mission;Supply 2->2
405;59;mission;Supply 3->3
405;59;mission;RoadWork 1->1
405;59;mission;Supply 2->2
405;59;mission;Supply 3->3
405;59;mission;Supply 2->2
405;59;mission;Supply 3->3
405;59;mission;Prospection 4->4
405;59;mission;Prospection 6->6
405;59;mission;Supply 2->2
405;59;mission;Supply 2->2
405;59;mission;Supply 3->3
405;59;mission;RoadWork 1->1
405;59;mission;Supply 2->2
405;59;mission;Supply 6->6
405;60;mission;Supply 2->2
405;60;mission;Supply 6->6
405;60;mission;Supply 2->2
405;60;mission;Supply 6->6
405;60;mission;Supply 2->2
405;60;mission;Prospection 4->4
405;60;mission;Supply 6->6
405;60;mission;Supply 3->3
405;60;mission;RoadWork 1->1
405;60;mission;Supply 3->3
405;60;mission;Supply 6->6
405;60;mission;Supply 2->2
405;60;mission;Supply 3->3
405;60;mission;Supply 6->6
405;60;mission;Prospection 4->4
405;60;mission;Supply 2->2
405;60;mission;Supply 3->3
405;61;mission;Supply 2->2
405;61;mission;Supply 6->6
405;61;mission;Supply 3->3
405;61;mission;Supply 2->2
405;61;mission;Supply 6->6
405;61;mission;RoadWork 1->1
405;61;mission;Supply 2->2
405;61;mission;Supply 3->3
405;61;mission;Supply 2->2
405;61;mission;Supply 3->3
405;61;mission;Supply 2->2
405;61;mission;Supply 3->3
405;61;mission;Prospection 4->4
405;61;mission;Supply 6->6
405;61;mission;Supply 2->2
405;61;mission;Supply 3->3
405;61;mission;Supply 2->2
405;61;mission;Supply 2->2
405;61;mission;RoadWork 1->1
405;61;mission;Supply 3->3
405;61;mission;Supply 3->3
405;61;mission;Supply 6->6
405;62;mission;Supply 3->3
405;62;mission;Prospection 4->4
405;62;mission;Supply 6->6
405;62;mission;Supply 2->2
405;62;mission;Supply 3->3
405;62;mission;Supply 6->6
405;62;mission;Supply 2->2
405;62;mission;Supply 6->6
405;62;mission;RoadWork 1->1
405;62;mission;Supply 3->3
405;62;mission;Supply 3->3
405;62;mission;Prospection 4->4
405;62;mission;Supply 2->2
405;62;mission;Supply 2->2
405;62;mission;Supply 6->6
405;62;mission;RoadWork 1->1
405;63;mission;Supply 2->2
405;63;mission;Supply 6->6
405;63;mission;Supply 2->2
405;63;mission;Supply 3->3
405;63;mission;Supply 2->2
405;63;mission;Prospection 4->4
405;63;mission;Supply 6->6
405;63;mission;Supply 6->6
405;63;mission;RoadWork 1->1
405;63;mission;Supply 6->6
405;63;mission;Supply 2->2
405;63;mission;Supply 6->6
405;63;mission;Supply 2->2
405;63;mission;Supply 2->2
405;63;mission;Prospection 4->4
405;63;mission;Supply 3->3
405;63;mission;RoadWork 1->1
405;63;mission;Supply 6->6
405;64;mission;Supply 3->3
405;64;mission;Supply 3->3
405;64;mission;Supply 3->3
405;64;mission;Supply 2->2
405;64;mission;Supply 6->6
405;64;mission;Prospection 4->4
405;64;mission;Supply 3->3
405;64;mission;Prospection 4->4
405;64;mission;Supply 2->2
405;64;mission;Supply 3->3
405;65;mission;Supply 6->6
405;65;mission;Supply 3->3
405;65;mission;Supply 6->6
405;65;mission;Supply 3->3
405;65;mission;Supply 6->6
405;65;mission;Supply 2->2
405;65;mission;Supply 3->3
405;65;mission;Supply 6->6
405;65;mission;Supply 3->3
405;65;mission;Supply 2->2
405;65;mission;Supply 6->6
405;65;mission;Prospection 4->4
405;65;mission;Prospection 1->1
405;65;mission;Supply 3->3
405;65;mission;Supply 6->6
405;66;mission;Supply 2->2
405;66;mission;Prospection 4->4
405;66;mission;Supply 3->3
405;66;mission;Supply 6->6
405;66;mission;Supply 2->2
405;66;mission;Supply 6->6
405;66;mission;Prospection 4->4
405;66;mission;Supply 3->3
405;66;mission;Supply 6->6
405;66;mission;Supply 6->6
405;67;mission;Prospection 1->1
405;67;mission;Supply 6->6
405;67;mission;Supply 6->6
405;67;mission;Supply 3->3
405;67;mission;Prospection 4->4
405;67;mission;Supply 3->3
405;67;mission;Supply 2->2
405;67;mission;Supply 2->2
405;67;mission;Prospection 6->6
405;67;mission;Prospection 4->4
405;67;mission;Supply 3->3
405;68;mission;Supply 2->2
405;68;mission;Prospection 1->1
405;68;mission;Supply 2->2
405;68;mission;Supply 2->2
405;68;mission;Prospection 6->6
405;68;mission;Prospection 4->4
405;68;mission;Supply 3->3
405;68;mission;Prospection 1->1
405;68;mission;Prospection 6->6
405;68;mission;Supply 3->3
405;69;mission;Prospection 4->4
405;69;mission;Prospection 1->1
405;69;mission;Supply 2->2
405;69;mission;Supply 3->3
405;69;mission;Supply 2->2
405;69;mission;Supply 3->3
405;69;mission;Prospection 4->4
405;69;mission;Supply 2->2
405;69;mission;Supply 3->3
405;70;mission;Supply 2->2
405;70;mission;RoadWork 1->1
405;70;mission;Supply 3->3
405;70;mission;Prospection 4->4
405;70;mission;Supply 2->2
405;71;mission;Prospection 1->1
405;71;mission;Prospection 4->4
405;71;mission;Supply 2->2
405;71;mission;Supply 3->3
405;71;mission;Supply 2->2
405;71;mission;Supply 3->3
405;71;mission;Supply 3->3
405;71;mission;Prospection 1->1
405;71;mission;Prospection 4->4
405;71;mission;Supply 2->2
405;72;mission;Supply 3->3
405;72;mission;Supply 3->3
405;72;mission;Prospection 1->1
405;72;mission;Prospection 4->4
405;72;mission;Supply 2->2
405;72;mission;Supply 3->3
405;72;mission;Prospection 1->1
405;72;mission;Supply 2->2
405;72;mission;Prospection 4->4
405;73;mission;Supply 2->2
405;73;mission;Supply 3->3
405;73;mission;Supply 2->2
405;73;mission;Supply 3->3
405;73;mission;Supply 2->2
405;73;mission;Prospection 4->4
405;73;mission;Prospection 3->3
405;73;mission;Prospection 1->1
405;74;mission;Supply 3->3
405;74;mission;Prospection 4->4
405;74;mission;Supply 3->3
405;74;mission;Prospection 1->1
405;74;mission;Prospection 4->4
405;74;mission;Supply 3->3
405;75;mission;Prospection 4->4
405;75;mission;Supply 3->3
405;75;mission;Prospection 4->4
405;76;mission;Supply 3->3
405;76;mission;Supply 3->3
405;76;mission;Supply 3->3
405;76;mission;Supply 3->3
405;76;mission;Prospection 4->4
405;76;mission;Prospection 1->1
405;76;mission;Prospection 4->4
405;76;mission;Prospection 1->1
405;77;mission;Supply 3->3
405;77;mission;Supply 3->3
405;77;mission;Supply 3->3
405;77;mission;Supply 3->3
405;77;mission;Supply 3->3
405;77;mission;Prospection 4->4
405;77;mission;Prospection 1->1
405;77;mission;Supply 3->3
405;77;mission;Supply 3->3
405;78;mission;Prospection 1->1
405;78;mission;Supply 3->3
405;78;mission;Prospection 4->4
405;78;mission;Supply 3->3
405;78;mission;Supply 3->3
405;78;mission;Prospection 1->1
405;78;mission;Prospection 4->4
405;78;mission;Supply 3->3
405;79;mission;Supply 3->3
405;79;mission;Supply 3->3
405;79;mission;Supply 3->3
405;79;mission;Prospection 4->4
405;79;mission;Prospection 1->1
405;79;mission;Supply 3->3
405;79;mission;Supply 3->3
405;79;mission;Prospection 4->4
405;79;mission;Prospection 1->1
405;80;mission;Prospection 4->4
405;80;mission;Prospection 1->1
405;80;mission;Prospection 3->3
405;80;mission;Prospection 1->1
405;81;mission;Prospection 4->4
405;81;mission;Prospection 1->1
405;81;mission;Prospection 4->4
405;81;mission;Prospection 3->3
405;82;mission;Prospection 4->4
405;82;mission;Prospection 3->3
405;82;mission;Prospection 4->4
405;82;mission;Prospection 1->1
405;83;mission;Prospection 4->4
405;83;mission;Prospection 1->1
405;83;mission;Prospection 4->4
405;84;mission;Prospection 1->1
405;84;mission;Prospection 4->4
405;84;mission;Prospection 1->1
405;85;mission;Prospection 4->4
405;85;mission;Prospection 1->1
405;85;mission;Prospection 4->4
405;86;mission;Prospection 4->4
405;86;mission;Prospection 3->3
405;86;mission;Prospection 4->4
405;87;mission;Prospection 4->4
405;87;mission;Prospection 3->3
405;88;mission;Prospection 1->1
405;88;mission;Prospection 4->4
405;88;mission;Prospection 1->1
405;88;mission;Prospection 4->4
405;88;mission;RoadWork 3->3
405;89;mission;Prospection 4->4
405;92;mission;Prospection 3->3
405;92;mission;Prospection 4->4
405;92;mission;Prospection 3->3
405;92;mission;Prospection 1->1
405;92;mission;Prospection 4->4
405;93;mission;Prospection 3->3
405;93;mission;Prospection 1->1
405;93;mission;Prospection 4->4
405;94;mission;Prospection 4->4
405;94;mission;Prospection 1->1
405;94;mission;Prospection 4->4
405;94;mission;Prospection 1->1
405;95;mission;Prospection 4->4
405;95;mission;Prospection 1->1
405;95;mission;Prospection 3->3
405;95;mission;Prospection 4->4
405;95;mission;Prospection 1->1
405;96;mission;Prospection 3->3
405;96;mission;Prospection 4->4
405;96;mission;Prospection 1->1
405;96;mission;Prospection 3->3
405;96;mission;Prospection 4->4
405;97;mission;Prospection 4->4
405;97;mission;Prospection 1->1
405;98;mission;Prospection 4->4
405;98;mission;Prospection 3->3
405;98;mission;Prospection 4->4
405;98;mission;Prospection 1->1
405;99;mission;Prospection 4->4
405;99;mission;Prospection 1->1
405;99;mission;Prospection 4->4
405;100;mission;RoadWork 1->1
405;100;mission;Prospection 4->4
405;100;mission;RoadWork 1->1
406;1;colonie_nee;1 Première colonie (Humains) mere=0
406;1;colonie_nee;2 Colonie naine (Nains) mere=0
406;1;colonie_nee;3 Colonie elfe (Elfes) mere=0
406;1;colonie_nee;4 Colonie orque (Orques) mere=0
406;1;colonie_nee;5 Colonie humaine (Humains) mere=0
406;1;colonie_nee;6 Colonie naine (Nains) mere=0
406;1;mission;Prospection 5->5
406;1;mission;Prospection 1->1
406;2;pacte;War 4-6
406;2;expedition_guerre;4->6 guerriers=4 armes=0
406;2;bataille;4->6 victoire=False butin=0
406;2;mission;Prospection 5->5
406;2;pacte;Truce 4-6
406;2;mission;Prospection 1->1
406;2;mission;Prospection 5->5
406;2;mission;Prospection 2->2
406;3;mission;Prospection 1->1
406;3;mission;Prospection 3->3
406;3;mission;Prospection 2->2
406;3;mission;Prospection 5->5
406;4;mission;Prospection 1->1
406;4;mission;Prospection 2->2
406;4;mission;Prospection 3->3
406;4;mission;Prospection 5->5
406;4;mission;RoadWork 6->6
406;4;mission;Prospection 2->2
406;4;mission;Prospection 1->1
406;4;mission;Prospection 3->3
406;4;mission;Prospection 5->5
406;4;mission;Prospection 6->6
406;5;mission;Prospection 2->2
406;5;mission;Prospection 5->5
406;5;mission;RoadWork 6->6
406;5;mission;Prospection 1->1
406;5;mission;Prospection 2->2
406;5;mission;RoadWork 5->5
406;5;mission;RoadWork 6->6
406;5;mission;RoadWork 3->3
406;6;mission;RoadWork 1->1
406;6;mission;Prospection 2->2
406;6;mission;RoadWork 6->6
406;6;mission;RoadWork 3->3
406;6;mission;RoadWork 1->1
406;6;mission;Supply 5->5
406;6;mission;Prospection 2->2
406;6;mission;RoadWork 6->6
406;7;mission;Prospection 1->1
406;7;mission;Supply 5->5
406;7;mission;RoadWork 2->2
406;7;mission;Prospection 6->6
406;7;mission;Prospection 1->1
406;7;mission;RoadWork 3->3
406;7;mission;Supply 5->5
406;8;mission;Supply 5->5
406;8;mission;Supply 2->2
406;8;mission;Supply 5->5
406;8;mission;Supply 2->2
406;8;mission;Supply 5->5
406;8;mission;Prospection 6->6
406;8;mission;Supply 2->2
406;8;mission;Supply 5->5
406;8;mission;Supply 1->1
406;9;mission;Supply 5->5
406;9;mission;Supply 2->2
406;9;mission;Supply 5->5
406;9;mission;Supply 1->1
406;9;mission;RoadWork 6->6
406;9;mission;Supply 1->1
406;9;mission;RoadWork 2->2
406;10;mission;Supply 1->1
406;10;mission;Supply 5->5
406;10;mission;Supply 1->1
406;10;mission;Supply 2->2
406;10;mission;RoadWork 3->3
406;10;mission;Supply 1->1
406;10;mission;Supply 5->5
406;11;mission;Supply 1->1
406;11;mission;Supply 2->2
406;11;mission;Supply 1->1
406;11;mission;Supply 5->5
406;11;mission;Supply 1->1
406;11;mission;Supply 1->1
406;11;mission;Supply 5->5
406;11;mission;Supply 1->1
406;11;mission;Supply 5->5
406;11;mission;Supply 1->1
406;11;mission;Supply 2->2
406;11;mission;Supply 5->5
406;11;mission;Supply 2->2
406;11;mission;Supply 5->5
406;11;mission;Foundation 6->6
406;12;mission;Supply 5->5
406;12;mission;Supply 6->6
406;12;mission;Supply 1->1
406;12;mission;Supply 6->6
406;12;mission;Supply 1->1
406;12;mission;Supply 5->5
406;12;mission;Supply 6->6
406;12;mission;Supply 1->1
406;12;mission;Supply 5->5
406;12;mission;Supply 1->1
406;12;mission;Supply 2->2
406;12;mission;Supply 2->2
406;12;mission;Supply 6->6
406;12;mission;Supply 2->2
406;12;mission;Supply 2->2
406;13;mission;Supply 1->1
406;13;mission;Supply 6->6
406;13;mission;Supply 1->1
406;13;mission;Supply 5->5
406;13;mission;Supply 2->2
406;13;mission;Supply 1->1
406;13;mission;Supply 5->5
406;13;mission;Supply 6->6
406;13;mission;Supply 1->1
406;13;mission;Supply 1->1
406;13;mission;Supply 6->6
406;13;mission;Supply 5->5
406;13;mission;Supply 2->2
406;13;mission;Supply 2->2
406;13;mission;RoadWork 1->1
406;14;mission;Supply 2->2
406;14;mission;Supply 2->2
406;14;mission;Supply 1->1
406;14;mission;Supply 6->6
406;14;mission;Supply 6->6
406;14;mission;Supply 2->2
406;14;mission;Supply 6->6
406;14;mission;RoadWork 1->1
406;14;mission;Supply 1->1
406;15;mission;Supply 6->6
406;15;mission;Supply 1->1
406;15;mission;RoadWork 5->5
406;15;mission;Supply 6->6
406;15;mission;Supply 1->1
406;15;mission;Supply 6->6
406;15;mission;Supply 2->2
406;15;mission;RoadWork 5->5
406;15;mission;Supply 6->6
406;15;mission;Supply 1->1
406;16;mission;Supply 1->1
406;16;mission;RoadWork 5->5
406;16;mission;Supply 1->1
406;16;mission;Supply 2->2
406;16;mission;Supply 6->6
406;16;mission;Supply 1->1
406;17;mission;RoadWork 5->5
406;17;mission;Supply 1->1
406;17;mission;Supply 1->1
406;17;mission;RoadWork 5->5
406;17;mission;Supply 2->2
406;17;mission;RoadWork 1->1
406;17;mission;Supply 6->6
406;18;mission;Supply 1->1
406;18;mission;Supply 1->1
406;18;mission;RoadWork 5->5
406;18;mission;Supply 1->1
406;18;mission;Supply 1->1
406;18;mission;RoadWork 5->5
406;18;mission;Supply 6->6
406;18;mission;RoadWork 2->2
406;18;mission;Prospection 3->3
406;18;mission;Supply 6->6
406;19;mission;RoadWork 1->1
406;19;mission;RoadWork 5->5
406;19;mission;RoadWork 3->3
406;19;mission;Supply 6->6
406;19;mission;Supply 2->2
406;19;mission;RoadWork 1->1
406;19;mission;Supply 2->2
406;19;mission;Prospection 3->3
406;19;mission;RoadWork 5->5
406;19;mission;Supply 6->6
406;20;mission;RoadWork 3->3
406;20;mission;RoadWork 5->5
406;20;mission;RoadWork 1->1
406;20;mission;Supply 2->2
406;20;mission;Supply 6->6
406;20;mission;Supply 2->2
406;21;mission;Supply 2->2
406;21;mission;RoadWork 5->5
406;21;mission;Prospection 3->3
406;21;mission;RoadWork 1->1
406;21;mission;Prospection 3->3
406;21;mission;RoadWork 5->5
406;21;mission;RoadWork 1->1
406;21;mission;Supply 2->2
406;21;mission;Supply 2->2
406;22;mission;RoadWork 3->3
406;22;mission;RoadWork 5->5
406;22;mission;RoadWork 1->1
406;22;mission;Prospection 3->3
406;22;mission;RoadWork 6->6
406;22;mission;RoadWork 1->1
406;22;mission;RoadWork 5->5
406;23;mission;Supply 6->6
406;23;mission;Prospection 3->3
406;23;mission;RoadWork 6->6
406;23;mission;RoadWork 2->2
406;23;mission;Supply 6->6
406;24;mission;RoadWork 1->1
406;24;mission;RoadWork 3->3
406;24;mission;RoadWork 5->5
406;24;mission;Supply 6->6
406;24;mission;Prospection 3->3
406;24;mission;RoadWork 2->2
406;24;mission;Supply 6->6
406;25;mission;RoadWork 2->2
406;25;mission;RoadWork 1->1
406;25;mission;RoadWork 5->5
406;25;mission;Supply 6->6
406;25;mission;Supply 6->6
406;26;mission;Supply 6->6
406;26;mission;RoadWork 2->2
406;26;mission;Supply 6->6
406;27;mission;Supply 6->6
406;27;mission;Supply 6->6
406;27;mission;Supply 6->6
406;27;mission;Supply 6->6
406;27;mission;Supply 6->6
406;28;mission;Supply 6->6
406;28;mission;Supply 6->6
406;28;mission;Supply 6->6
406;28;mission;Supply 5->5
406;28;mission;Supply 6->6
406;28;mission;Supply 1->1
406;29;mission;Supply 5->5
406;29;mission;Supply 5->5
406;29;mission;Supply 6->6
406;29;mission;Supply 1->1
406;29;mission;Supply 1->1
406;29;mission;Supply 5->5
406;29;mission;Supply 6->6
406;29;mission;Supply 1->1
406;29;mission;Supply 3->3
406;29;mission;Supply 1->1
406;29;mission;Supply 1->1
406;29;mission;Supply 5->5
406;29;mission;Supply 3->3
406;29;mission;Supply 6->6
406;29;mission;Supply 1->1
406;29;mission;Supply 3->3
406;29;mission;Supply 3->3
406;29;mission;Supply 5->5
406;30;mission;Supply 3->3
406;30;mission;Prospection 6->6
406;30;mission;RoadWork 1->1
406;30;mission;Supply 5->5
406;30;mission;Supply 1->1
406;30;mission;Supply 1->1
406;30;mission;Supply 1->1
406;30;mission;Supply 1->1
406;30;mission;Supply 1->1
406;30;mission;Supply 5->5
406;30;mission;Supply 3->3
406;30;mission;Supply 5->5
406;30;mission;Prospection 6->6
406;30;mission;Foundation 2->2
406;30;mission;Supply 2->2
406;30;mission;Supply 3->3
406;30;mission;Supply 5->5
406;31;mission;Foundation 1->1
406;31;mission;Supply 5->5
406;31;mission;Supply 1->1
406;31;mission;Prospection 6->6
406;31;mission;Supply 1->1
406;31;mission;Supply 5->5
406;31;mission;Supply 5->5
406;31;mission;Supply 1->1
406;31;mission;Supply 5->5
406;31;mission;Foundation 3->3
406;31;mission;Supply 5->5
406;31;mission;Supply 3->3
406;31;mission;Supply 1->1
406;31;mission;Supply 5->5
406;31;mission;Supply 1->1
406;31;mission;Supply 3->3
406;31;mission;Supply 1->1
406;31;mission;Supply 5->5
406;31;mission;Supply 1->1
406;31;mission;Supply 2->2
406;31;mission;Supply 3->3
406;31;mission;Supply 5->5
406;31;mission;Supply 1->1
406;31;mission;Supply 3->3
406;32;mission;Supply 5->5
406;32;mission;Foundation 6->6
406;32;mission;Supply 1->1
406;32;mission;Supply 1->1
406;32;mission;Supply 6->6
406;32;mission;Supply 1->1
406;32;mission;Supply 5->5
406;32;mission;Supply 1->1
406;32;mission;Supply 1->1
406;32;mission;Supply 6->6
406;32;mission;Supply 5->5
406;32;mission;Supply 1->1
406;32;mission;Supply 3->3
406;32;mission;Supply 1->1
406;32;mission;Supply 5->5
406;32;mission;Supply 1->1
406;32;mission;Supply 6->6
406;32;mission;Supply 1->1
406;32;mission;Supply 3->3
406;32;mission;Supply 1->1
406;32;mission;Supply 6->6
406;32;mission;Supply 5->5
406;32;mission;Supply 1->1
406;32;mission;Supply 5->5
406;33;mission;Supply 3->3
406;33;mission;Supply 5->5
406;33;mission;Supply 6->6
406;33;mission;Supply 1->1
406;33;mission;Supply 6->6
406;33;mission;Supply 1->1
406;33;mission;Supply 5->5
406;33;mission;Supply 5->5
406;33;mission;Supply 1->1
406;33;mission;Supply 5->5
406;33;mission;Supply 6->6
406;33;mission;Supply 1->1
406;33;mission;Supply 1->1
406;33;mission;Supply 2->2
406;33;mission;Supply 5->5
406;33;mission;Supply 6->6
406;33;mission;Supply 1->1
406;33;mission;Supply 3->3
406;33;mission;Supply 1->1
406;33;mission;Supply 3->3
406;33;mission;Supply 1->1
406;33;mission;Supply 5->5
406;33;mission;Supply 1->1
406;33;mission;Supply 5->5
406;33;mission;Supply 5->5
406;34;mission;Supply 5->5
406;34;mission;Supply 5->5
406;34;mission;Supply 5->5
406;34;mission;Supply 5->5
406;34;mission;Supply 1->1
406;34;mission;Supply 5->5
406;34;mission;Supply 5->5
406;34;mission;Supply 1->1
406;34;mission;Supply 5->5
406;34;mission;Supply 1->1
406;34;mission;Supply 6->6
406;34;mission;Supply 1->1
406;34;mission;Supply 5->5
406;34;mission;Supply 1->1
406;34;mission;RoadWork 3->3
406;34;mission;Supply 1->1
406;34;mission;Supply 5->5
406;34;mission;Supply 1->1
406;34;mission;Supply 6->6
406;34;mission;Supply 1->1
406;34;mission;Supply 3->3
406;35;mission;Supply 1->1
406;35;mission;Supply 5->5
406;35;mission;Supply 1->1
406;35;mission;Supply 1->1
406;35;mission;Supply 6->6
406;35;mission;Supply 1->1
406;35;mission;Supply 5->5
406;35;mission;Supply 1->1
406;35;mission;Supply 1->1
406;35;mission;Supply 1->1
406;35;mission;Supply 1->1
406;35;mission;Supply 5->5
406;35;mission;Supply 6->6
406;35;mission;Supply 1->1
406;35;mission;Supply 1->1
406;35;mission;Supply 1->1
406;35;mission;Supply 5->5
406;35;mission;Supply 1->1
406;35;mission;Supply 6->6
406;36;mission;Supply 5->5
406;36;mission;Supply 3->3
406;36;mission;Supply 5->5
406;36;mission;Supply 5->5
406;36;mission;Supply 1->1
406;36;mission;Supply 5->5
406;36;mission;Supply 1->1
406;36;mission;Supply 5->5
406;36;mission;Supply 5->5
406;36;mission;Supply 1->1
406;36;mission;Supply 5->5
406;36;mission;Supply 1->1
406;36;mission;Supply 5->5
406;36;mission;Supply 1->1
406;36;mission;Supply 3->3
406;36;mission;Supply 6->6
406;36;mission;Supply 3->3
406;36;mission;Supply 1->1
406;36;mission;Supply 3->3
406;36;mission;RoadWork 2->2
406;36;mission;Supply 1->1
406;36;mission;Supply 6->6
406;36;mission;Supply 1->1
406;36;mission;Supply 3->3
406;36;mission;Supply 5->5
406;37;mission;Supply 3->3
406;37;mission;Supply 5->5
406;37;mission;Supply 6->6
406;37;mission;Supply 1->1
406;37;mission;Supply 5->5
406;37;mission;Supply 1->1
406;37;mission;Supply 5->5
406;37;mission;Supply 1->1
406;37;mission;Supply 5->5
406;37;mission;Supply 1->1
406;37;mission;Supply 5->5
406;37;mission;Supply 6->6
406;37;mission;Supply 5->5
406;37;mission;Supply 1->1
406;37;mission;Supply 3->3
406;37;mission;Supply 5->5
406;37;mission;Supply 1->1
406;37;mission;Supply 3->3
406;37;mission;Supply 5->5
406;37;mission;Supply 1->1
406;37;mission;Supply 5->5
406;37;mission;Supply 3->3
406;37;mission;Supply 5->5
406;37;mission;Supply 1->1
406;37;mission;Supply 3->3
406;37;mission;Supply 6->6
406;37;mission;Supply 1->1
406;37;mission;Supply 1->1
406;37;mission;Supply 5->5
406;37;mission;Supply 1->1
406;37;mission;Supply 3->3
406;37;mission;Supply 5->5
406;37;mission;Supply 6->6
406;37;mission;Supply 1->1
406;37;mission;Supply 5->5
406;37;mission;Supply 1->1
406;37;mission;Supply 5->5
406;38;mission;Supply 1->1
406;38;mission;Supply 3->3
406;38;mission;Supply 5->5
406;38;mission;Supply 1->1
406;38;mission;Supply 5->5
406;38;mission;Supply 5->5
406;38;mission;Supply 1->1
406;38;mission;Supply 5->5
406;38;mission;Supply 1->1
406;38;mission;Supply 5->5
406;38;mission;Supply 1->1
406;38;mission;Supply 5->5
406;38;mission;Supply 3->3
406;38;mission;Supply 5->5
406;38;mission;Supply 1->1
406;38;mission;Supply 5->5
406;38;mission;Supply 1->1
406;38;mission;Supply 5->5
406;38;mission;Supply 5->5
406;38;mission;Supply 1->1
406;38;mission;Supply 5->5
406;38;mission;Supply 1->1
406;38;mission;Supply 5->5
406;38;mission;Supply 1->1
406;38;mission;Supply 5->5
406;38;mission;Supply 6->6
406;38;mission;Supply 1->1
406;38;mission;Supply 3->3
406;38;mission;Supply 1->1
406;38;mission;Supply 1->1
406;38;mission;Supply 3->3
406;38;mission;Supply 6->6
406;38;mission;Supply 5->5
406;38;mission;Supply 1->1
406;38;mission;Supply 3->3
406;38;mission;Supply 5->5
406;39;mission;Supply 1->1
406;39;mission;Supply 5->5
406;39;mission;Supply 1->1
406;39;mission;Supply 3->3
406;39;mission;Supply 5->5
406;39;mission;Supply 3->3
406;39;mission;Supply 5->5
406;39;mission;Supply 1->1
406;39;mission;Supply 5->5
406;39;mission;Supply 6->6
406;39;mission;Supply 1->1
406;39;mission;Supply 5->5
406;39;mission;Supply 1->1
406;39;mission;Supply 5->5
406;39;mission;Supply 1->1
406;39;mission;Supply 5->5
406;39;mission;Supply 1->1
406;39;mission;Supply 5->5
406;39;mission;Supply 5->5
406;39;mission;Supply 1->1
406;39;mission;Supply 5->5
406;39;mission;Supply 1->1
406;39;mission;Supply 5->5
406;39;mission;Supply 1->1
406;39;mission;Supply 1->1
406;39;mission;RoadWork 3->3
406;39;mission;Supply 6->6
406;39;mission;Supply 1->1
406;39;mission;Supply 1->1
406;39;mission;Supply 3->3
406;40;mission;Supply 1->1
406;40;mission;Supply 5->5
406;40;mission;Supply 1->1
406;40;mission;Supply 3->3
406;40;mission;Supply 5->5
406;40;mission;Supply 3->3
406;40;mission;Supply 5->5
406;40;mission;Supply 1->1
406;40;mission;Supply 3->3
406;40;mission;Supply 5->5
406;40;mission;Supply 1->1
406;40;mission;Supply 5->5
406;40;mission;Supply 5->5
406;40;mission;Supply 5->5
406;40;mission;Supply 6->6
406;40;mission;Supply 3->3
406;40;mission;Supply 5->5
406;40;mission;Supply 1->1
406;40;mission;Supply 5->5
406;40;mission;Supply 3->3
406;40;mission;Supply 5->5
406;40;mission;Supply 6->6
406;40;mission;Supply 1->1
406;40;mission;Supply 3->3
406;40;mission;Supply 5->5
406;40;mission;Supply 3->3
406;40;mission;Supply 5->5
406;40;mission;Supply 3->3
406;40;mission;Supply 6->6
406;40;mission;Supply 1->1
406;40;mission;Supply 5->5
406;40;mission;Supply 5->5
406;40;mission;Supply 3->3
406;40;mission;Supply 5->5
406;40;mission;Supply 6->6
406;40;mission;Supply 1->1
406;40;mission;Supply 2->2
406;40;mission;Supply 5->5
406;40;mission;Supply 3->3
406;40;mission;Supply 5->5
406;41;mission;Supply 3->3
406;41;mission;Supply 5->5
406;41;mission;Supply 5->5
406;41;mission;Supply 1->1
406;41;mission;Supply 3->3
406;41;mission;Supply 5->5
406;41;mission;Supply 3->3
406;41;mission;Supply 5->5
406;41;mission;Supply 1->1
406;41;mission;Supply 5->5
406;41;mission;Supply 6->6
406;41;mission;Supply 3->3
406;41;mission;Supply 5->5
406;41;mission;Supply 1->1
406;41;mission;Supply 3->3
406;41;mission;Supply 5->5
406;41;mission;Supply 5->5
406;41;mission;Supply 3->3
406;41;mission;Supply 5->5
406;41;mission;Supply 5->5
406;41;mission;Supply 5->5
406;41;mission;Supply 3->3
406;41;mission;Supply 5->5
406;41;mission;Supply 6->6
406;41;mission;Supply 5->5
406;41;mission;Supply 1->1
406;41;mission;Supply 1->1
406;41;mission;Prospection 2->2
406;41;mission;Supply 5->5
406;41;mission;Supply 6->6
406;41;mission;Supply 1->1
406;41;mission;Supply 5->5
406;41;mission;Supply 5->5
406;42;mission;Supply 1->1
406;42;mission;Supply 3->3
406;42;mission;Supply 5->5
406;42;mission;Supply 3->3
406;42;mission;Supply 5->5
406;42;mission;Supply 5->5
406;42;mission;Supply 5->5
406;42;mission;Supply 1->1
406;42;mission;Supply 3->3
406;42;mission;Supply 5->5
406;42;mission;Supply 5->5
406;42;mission;Supply 1->1
406;42;mission;Supply 5->5
406;42;mission;Supply 5->5
406;42;mission;Supply 6->6
406;42;mission;Supply 5->5
406;42;mission;Supply 5->5
406;42;mission;Supply 1->1
406;42;mission;Supply 5->5
406;42;mission;Supply 5->5
406;42;mission;Supply 1->1
406;42;mission;Supply 5->5
406;42;mission;Prospection 2->2
406;42;mission;Supply 1->1
406;42;mission;RoadWork 3->3
406;42;mission;Supply 6->6
406;42;mission;Supply 5->5
406;42;mission;Supply 1->1
406;42;mission;Supply 5->5
406;42;mission;Supply 2->2
406;42;mission;Supply 5->5
406;43;mission;Supply 1->1
406;43;mission;Supply 5->5
406;43;mission;Supply 3->3
406;43;mission;Supply 5->5
406;43;mission;Supply 1->1
406;43;mission;Supply 3->3
406;43;mission;Supply 5->5
406;43;mission;Supply 3->3
406;43;mission;Supply 5->5
406;43;mission;Supply 1->1
406;43;mission;Supply 5->5
406;43;mission;Supply 5->5
406;43;mission;Supply 1->1
406;43;mission;Supply 3->3
406;43;mission;Supply 5->5
406;43;mission;Supply 3->3
406;43;mission;Supply 5->5
406;43;mission;RoadWork 6->6
406;43;mission;Supply 1->1
406;43;mission;Supply 5->5
406;43;mission;Supply 5->5
406;43;mission;Supply 1->1
406;43;mission;Supply 3->3
406;43;mission;Supply 5->5
406;43;mission;Prospection 2->2
406;43;mission;Supply 3->3
406;43;mission;Supply 1->1
406;43;mission;Supply 3->3
406;43;mission;Supply 3->3
406;43;mission;Supply 5->5
406;44;mission;Supply 3->3
406;44;mission;Supply 1->1
406;44;mission;Supply 5->5
406;44;mission;Supply 3->3
406;44;mission;Supply 5->5
406;44;mission;Supply 1->1
406;44;mission;Supply 2->2
406;44;mission;Supply 5->5
406;44;mission;Supply 5->5
406;44;mission;Supply 5->5
406;44;mission;Supply 1->1
406;44;mission;Supply 3->3
406;44;mission;Supply 5->5
406;44;mission;Supply 3->3
406;44;mission;Supply 5->5
406;44;mission;Supply 5->5
406;44;mission;Supply 1->1
406;44;mission;Supply 5->5
406;44;mission;Supply 2->2
406;44;mission;Supply 3->3
406;44;mission;Supply 1->1
406;44;mission;Supply 3->3
406;44;mission;Supply 3->3
406;45;mission;RoadWork 5->5
406;45;mission;Supply 3->3
406;45;mission;Supply 1->1
406;45;mission;Supply 5->5
406;45;mission;Supply 5->5
406;45;mission;Supply 5->5
406;45;mission;Supply 5->5
406;45;mission;Supply 5->5
406;45;mission;Supply 5->5
406;45;mission;Supply 5->5
406;45;mission;Supply 1->1
406;45;mission;Supply 5->5
406;45;mission;Supply 3->3
406;45;mission;Prospection 2->2
406;45;mission;Supply 1->1
406;45;mission;Supply 3->3
406;45;mission;RoadWork 6->6
406;46;mission;Supply 5->5
406;46;mission;Supply 1->1
406;46;mission;Supply 5->5
406;46;mission;Supply 5->5
406;46;mission;Supply 5->5
406;46;mission;Supply 6->6
406;46;mission;Supply 5->5
406;46;mission;Supply 1->1
406;46;mission;Supply 5->5
406;46;mission;Supply 5->5
406;46;mission;Prospection 2->2
406;46;mission;Supply 5->5
406;46;mission;Supply 5->5
406;46;mission;Supply 6->6
406;46;mission;Supply 1->1
406;46;mission;Supply 5->5
406;46;mission;Supply 2->2
406;46;mission;Supply 3->3
406;46;mission;Supply 5->5
406;46;mission;Supply 6->6
406;46;mission;Supply 1->1
406;46;mission;Supply 5->5
406;46;mission;Supply 2->2
406;46;mission;Supply 5->5
406;46;mission;Supply 1->1
406;46;mission;Supply 5->5
406;47;mission;Supply 5->5
406;47;mission;Supply 6->6
406;47;mission;Supply 5->5
406;47;mission;Supply 5->5
406;47;mission;Supply 5->5
406;47;mission;Supply 1->1
406;47;mission;Supply 2->2
406;47;mission;Supply 5->5
406;47;mission;Supply 5->5
406;47;mission;Supply 6->6
406;47;mission;Supply 1->1
406;47;mission;Supply 5->5
406;47;mission;Supply 5->5
406;47;mission;Supply 1->1
406;47;mission;Supply 5->5
406;47;mission;Supply 5->5
406;47;mission;Supply 1->1
406;47;mission;Supply 5->5
406;47;mission;Supply 6->6
406;47;mission;Supply 1->1
406;47;mission;Prospection 2->2
406;47;mission;Supply 1->1
406;47;mission;Supply 3->3
406;47;mission;Supply 6->6
406;47;mission;Supply 5->5
406;47;mission;Supply 5->5
406;47;mission;Supply 5->5
406;48;mission;Supply 1->1
406;48;mission;Supply 2->2
406;48;mission;Supply 5->5
406;48;mission;Supply 5->5
406;48;mission;Supply 1->1
406;48;mission;Supply 5->5
406;48;mission;Supply 5->5
406;48;mission;Supply 1->1
406;48;mission;Supply 5->5
406;48;mission;Supply 6->6
406;48;mission;Supply 5->5
406;48;mission;Supply 5->5
406;48;mission;Supply 5->5
406;48;mission;Supply 1->1
406;48;mission;Supply 5->5
406;48;mission;Supply 5->5
406;48;mission;Supply 1->1
406;48;mission;Supply 3->3
406;48;mission;Supply 5->5
406;48;mission;Supply 6->6
406;48;mission;RoadWork 2->2
406;48;mission;Supply 3->3
406;48;mission;Supply 3->3
406;48;mission;Supply 2->2
406;48;mission;Supply 3->3
406;48;mission;Supply 1->1
406;48;mission;Supply 6->6
406;49;mission;RoadWork 5->5
406;49;mission;Supply 1->1
406;49;mission;Supply 6->6
406;49;mission;Supply 3->3
406;49;mission;Supply 5->5
406;49;mission;Supply 5->5
406;49;mission;Supply 3->3
406;49;mission;Supply 5->5
406;49;mission;Supply 6->6
406;49;mission;Supply 5->5
406;49;mission;Supply 3->3
406;49;mission;Supply 5->5
406;49;mission;Supply 1->1
406;49;mission;Supply 3->3
406;49;mission;Supply 5->5
406;49;mission;Supply 5->5
406;49;mission;Supply 1->1
406;49;mission;Supply 5->5
406;49;mission;Supply 6->6
406;49;mission;Supply 5->5
406;49;mission;Prospection 2->2
406;49;mission;Supply 5->5
406;49;mission;Supply 1->1
406;49;mission;Supply 3->3
406;49;mission;Supply 5->5
406;49;mission;Supply 3->3
406;49;mission;Supply 5->5
406;49;mission;Supply 6->6
406;49;mission;Supply 5->5
406;49;mission;Supply 2->2
406;49;mission;Supply 5->5
406;50;mission;Supply 3->3
406;50;mission;Supply 5->5
406;50;mission;Supply 6->6
406;50;mission;Supply 1->1
406;50;mission;Supply 5->5
406;50;mission;Supply 3->3
406;50;mission;Supply 5->5
406;50;mission;Supply 1->1
406;50;mission;Supply 5->5
406;50;mission;Supply 6->6
406;50;mission;Supply 5->5
406;50;mission;Supply 1->1
406;50;mission;Supply 2->2
406;50;mission;Supply 3->3
406;50;mission;Supply 5->5
406;50;mission;Supply 5->5
406;50;mission;Supply 1->1
406;50;mission;Supply 5->5
406;50;mission;Supply 5->5
406;50;mission;Supply 5->5
406;50;mission;Supply 5->5
406;50;mission;Supply 1->1
406;50;mission;Supply 3->3
406;50;mission;Supply 6->6
406;50;mission;Supply 5->5
406;50;mission;Supply 3->3
406;50;mission;Supply 5->5
406;50;mission;Supply 5->5
406;50;mission;Supply 6->6
406;51;mission;Supply 1->1
406;51;mission;Supply 5->5
406;51;mission;Supply 5->5
406;51;mission;Supply 3->3
406;51;mission;Supply 1->1
406;51;mission;Supply 1->1
406;51;mission;Supply 3->3
406;51;mission;Supply 3->3
406;51;mission;Supply 6->6
406;51;mission;Supply 1->1
406;51;mission;RoadWork 5->5
406;51;mission;Supply 3->3
406;51;mission;Supply 6->6
406;51;mission;Supply 1->1
406;52;mission;Supply 1->1
406;52;mission;Supply 3->3
406;52;mission;Supply 6->6
406;52;mission;Supply 1->1
406;52;mission;Supply 3->3
406;52;mission;Supply 6->6
406;52;mission;Supply 3->3
406;52;mission;Supply 3->3
406;52;mission;Supply 1->1
406;52;mission;Supply 3->3
406;52;mission;Supply 6->6
406;52;mission;Supply 3->3
406;52;mission;Supply 1->1
406;52;mission;Supply 6->6
406;52;mission;Supply 3->3
406;52;mission;Supply 2->2
406;52;mission;Supply 5->5
406;52;mission;Supply 6->6
406;52;mission;Supply 1->1
406;52;mission;Supply 5->5
406;53;mission;Supply 1->1
406;53;mission;Supply 6->6
406;53;mission;Supply 3->3
406;53;mission;Supply 5->5
406;53;mission;Supply 1->1
406;53;mission;Supply 5->5
406;53;mission;Supply 3->3
406;53;mission;Supply 5->5
406;53;mission;Supply 6->6
406;53;mission;Supply 1->1
406;53;mission;Supply 5->5
406;53;mission;Supply 1->1
406;53;mission;RoadWork 2->2
406;53;mission;Supply 3->3
406;53;mission;Supply 2->2
406;53;mission;Supply 5->5
406;53;mission;Supply 3->3
406;53;mission;Supply 6->6
406;53;mission;Supply 1->1
406;53;mission;Supply 2->2
406;53;mission;Supply 3->3
406;53;mission;Supply 5->5
406;54;mission;Supply 5->5
406;54;mission;Supply 6->6
406;54;mission;Supply 1->1
406;54;mission;Supply 3->3
406;54;mission;Supply 1->1
406;54;mission;Supply 1->1
406;54;mission;Supply 3->3
406;54;mission;Supply 5->5
406;54;mission;Supply 6->6
406;54;mission;Supply 5->5
406;54;mission;Supply 1->1
406;54;mission;Supply 3->3
406;54;mission;Supply 5->5
406;54;mission;Supply 5->5
406;54;mission;Supply 6->6
406;54;mission;Supply 1->1
406;54;mission;Supply 3->3
406;54;mission;Supply 6->6
406;54;mission;Supply 5->5
406;54;mission;Supply 3->3
406;54;mission;Supply 1->1
406;54;mission;Supply 6->6
406;54;mission;Supply 3->3
406;54;mission;Supply 1->1
406;54;mission;Supply 2->2
406;54;mission;Supply 5->5
406;55;mission;Supply 3->3
406;55;mission;Supply 5->5
406;55;mission;Supply 1->1
406;55;mission;Supply 1->1
406;55;mission;Supply 3->3
406;55;mission;Supply 5->5
406;55;mission;Supply 1->1
406;55;mission;Supply 5->5
406;55;mission;Supply 3->3
406;55;mission;Supply 2->2
406;55;mission;Supply 6->6
406;55;mission;Supply 1->1
406;55;mission;Supply 3->3
406;55;mission;Supply 1->1
406;55;mission;Supply 3->3
406;55;mission;Supply 6->6
406;55;mission;Supply 5->5
406;56;mission;Supply 3->3
406;56;mission;Supply 5->5
406;56;mission;Supply 1->1
406;56;mission;Supply 6->6
406;56;mission;Supply 5->5
406;56;mission;Supply 1->1
406;56;mission;Supply 3->3
406;56;mission;Supply 5->5
406;56;mission;Supply 1->1
406;56;mission;Supply 3->3
406;56;mission;Supply 3->3
406;56;mission;Supply 6->6
406;56;mission;Supply 1->1
406;56;mission;Supply 5->5
406;56;mission;Supply 3->3
406;56;mission;Supply 1->1
406;56;mission;Supply 3->3
406;56;mission;Supply 1->1
406;56;mission;Supply 5->5
406;56;mission;Prospection 6->6
406;56;mission;Supply 5->5
406;57;mission;Supply 3->3
406;57;mission;Supply 3->3
406;57;mission;Supply 5->5
406;57;mission;Supply 1->1
406;57;mission;Supply 5->5
406;57;mission;Supply 6->6
406;57;mission;Supply 3->3
406;57;mission;Supply 3->3
406;57;mission;Supply 5->5
406;57;mission;Supply 1->1
406;57;mission;Supply 3->3
406;57;mission;Supply 5->5
406;57;mission;Supply 6->6
406;57;mission;Supply 3->3
406;57;mission;Supply 6->6
406;57;mission;Supply 5->5
406;57;mission;Supply 1->1
406;57;mission;Supply 3->3
406;57;mission;Supply 5->5
406;57;mission;Supply 1->1
406;57;mission;Supply 3->3
406;58;mission;Supply 1->1
406;58;mission;Supply 5->5
406;58;mission;Supply 1->1
406;58;mission;Supply 5->5
406;58;mission;Supply 5->5
406;58;mission;Supply 1->1
406;58;mission;Supply 5->5
406;58;mission;Prospection 6->6
406;58;mission;Supply 5->5
406;58;mission;Supply 1->1
406;58;mission;Supply 5->5
406;58;mission;Supply 5->5
406;58;mission;Supply 3->3
406;58;mission;Supply 1->1
406;58;mission;Supply 1->1
406;58;mission;Supply 3->3
406;58;mission;Supply 5->5
406;58;mission;Supply 3->3
406;58;mission;Supply 5->5
406;58;mission;Prospection 6->6
406;58;mission;Supply 1->1
406;59;mission;Supply 1->1
406;59;mission;Supply 5->5
406;59;mission;Supply 1->1
406;59;mission;Supply 5->5
406;59;mission;Supply 1->1
406;59;mission;Supply 6->6
406;59;mission;Supply 1->1
406;59;mission;Supply 5->5
406;59;mission;Supply 2->2
406;59;mission;Supply 3->3
406;59;mission;Supply 5->5
406;59;mission;Supply 1->1
406;59;mission;Supply 3->3
406;59;mission;Supply 5->5
406;59;mission;Supply 6->6
406;60;mission;Supply 3->3
406;60;mission;Supply 1->1
406;60;mission;Supply 5->5
406;60;mission;Supply 3->3
406;60;mission;Supply 1->1
406;60;mission;Supply 5->5
406;60;mission;Supply 6->6
406;60;mission;Supply 5->5
406;60;mission;Supply 5->5
406;60;mission;Supply 6->6
406;60;mission;Supply 3->3
406;60;mission;Supply 1->1
406;60;mission;Supply 3->3
406;60;mission;Supply 5->5
406;60;mission;Supply 3->3
406;60;mission;Supply 5->5
406;60;mission;Supply 3->3
406;60;mission;Prospection 6->6
406;61;mission;Supply 1->1
406;61;mission;Supply 5->5
406;61;mission;Supply 1->1
406;61;mission;Supply 3->3
406;61;mission;Supply 5->5
406;61;mission;Supply 6->6
406;61;mission;Supply 1->1
406;61;mission;Supply 3->3
406;61;mission;Supply 6->6
406;61;mission;Supply 1->1
406;61;mission;Supply 3->3
406;61;mission;Supply 5->5
406;61;mission;Supply 6->6
406;61;mission;Prospection 2->2
406;61;mission;Supply 3->3
406;61;mission;Supply 1->1
406;61;mission;Supply 6->6
406;62;mission;Supply 3->3
406;62;mission;Supply 5->5
406;62;mission;Supply 5->5
406;62;mission;Supply 1->1
406;62;mission;Supply 3->3
406;62;mission;Supply 1->1
406;62;mission;Supply 3->3
406;62;mission;Supply 5->5
406;62;mission;Supply 6->6
406;62;mission;Supply 3->3
406;62;mission;Supply 3->3
406;62;mission;Supply 1->1
406;62;mission;Supply 3->3
406;62;mission;Supply 1->1
406;62;mission;Supply 6->6
406;62;mission;Supply 1->1
406;62;mission;Supply 3->3
406;62;mission;Supply 3->3
406;62;mission;Supply 1->1
406;62;mission;Supply 5->5
406;62;mission;Supply 1->1
406;62;mission;Supply 5->5
406;63;mission;Supply 5->5
406;63;mission;Supply 1->1
406;63;mission;Supply 3->3
406;63;mission;Supply 6->6
406;63;mission;Supply 5->5
406;63;mission;Supply 5->5
406;63;mission;Supply 3->3
406;63;mission;Supply 5->5
406;63;mission;Supply 5->5
406;63;mission;Supply 6->6
406;63;mission;Supply 5->5
406;63;mission;Supply 5->5
406;63;mission;Supply 5->5
406;63;mission;Supply 1->1
406;63;mission;Supply 5->5
406;63;mission;Supply 6->6
406;63;mission;Supply 3->3
406;63;mission;Supply 5->5
406;63;mission;Supply 3->3
406;63;mission;Supply 5->5
406;63;mission;Supply 6->6
406;63;mission;Supply 1->1
406;63;mission;Supply 3->3
406;64;mission;Supply 3->3
406;64;mission;Supply 1->1
406;64;mission;Supply 5->5
406;64;mission;Supply 5->5
406;64;mission;Supply 1->1
406;64;mission;Supply 3->3
406;64;mission;Supply 5->5
406;64;mission;Supply 5->5
406;64;mission;Supply 1->1
406;64;mission;Supply 5->5
406;64;mission;Supply 6->6
406;64;mission;Supply 1->1
406;64;mission;Supply 3->3
406;64;mission;Supply 3->3
406;64;mission;Supply 5->5
406;64;mission;Supply 3->3
406;64;mission;Supply 3->3
406;64;mission;Supply 5->5
406;64;mission;Supply 5->5
406;64;mission;Supply 3->3
406;64;mission;Supply 5->5
406;65;mission;Supply 5->5
406;65;mission;Supply 6->6
406;65;mission;Supply 5->5
406;65;mission;Supply 5->5
406;65;mission;Supply 3->3
406;65;mission;Supply 5->5
406;65;mission;Supply 6->6
406;65;mission;Supply 5->5
406;65;mission;Supply 5->5
406;65;mission;Supply 3->3
406;65;mission;Supply 5->5
406;65;mission;Supply 5->5
406;65;mission;Supply 3->3
406;65;mission;Supply 6->6
406;65;mission;Supply 5->5
406;65;mission;Supply 2->2
406;65;mission;Supply 2->2
406;65;mission;Supply 3->3
406;65;mission;Supply 6->6
406;65;mission;Supply 5->5
406;65;mission;Supply 2->2
406;65;mission;Supply 3->3
406;65;mission;Supply 5->5
406;66;mission;Supply 6->6
406;66;mission;Supply 3->3
406;66;mission;Supply 3->3
406;66;mission;Supply 5->5
406;66;mission;Supply 3->3
406;66;mission;Supply 6->6
406;66;mission;Supply 3->3
406;66;mission;Prospection 2->2
406;66;mission;Supply 5->5
406;66;mission;Supply 2->2
406;66;mission;Supply 6->6
406;67;mission;Supply 3->3
406;67;mission;Supply 6->6
406;67;mission;Supply 3->3
406;67;mission;Supply 3->3
406;67;mission;Supply 6->6
406;67;mission;Supply 5->5
406;67;mission;Supply 5->5
406;67;mission;Supply 5->5
406;67;mission;Supply 6->6
406;67;mission;Supply 3->3
406;67;mission;Supply 3->3
406;67;mission;Supply 3->3
406;67;mission;Supply 2->2
406;67;mission;Supply 6->6
406;67;mission;Supply 5->5
406;68;mission;RoadWork 3->3
406;68;mission;Supply 6->6
406;68;mission;Supply 3->3
406;68;mission;Supply 5->5
406;68;mission;Supply 6->6
406;68;mission;Supply 3->3
406;68;mission;Supply 2->2
406;68;mission;Supply 6->6
406;68;mission;Supply 3->3
406;68;mission;Supply 5->5
406;69;mission;Supply 2->2
406;69;mission;Supply 6->6
406;69;mission;Supply 3->3
406;69;mission;Supply 5->5
406;69;mission;Supply 3->3
406;69;mission;Supply 5->5
406;69;mission;Supply 6->6
406;69;mission;Supply 5->5
406;69;mission;Supply 3->3
406;69;mission;Supply 5->5
406;69;mission;Supply 5->5
406;69;mission;Supply 5->5
406;69;mission;Supply 3->3
406;69;mission;Supply 5->5
406;69;mission;Supply 5->5
406;69;mission;Supply 5->5
406;69;mission;Supply 6->6
406;69;mission;Supply 3->3
406;69;mission;Supply 3->3
406;69;mission;Supply 2->2
406;69;mission;Supply 6->6
406;69;mission;Supply 3->3
406;69;mission;Supply 5->5
406;70;mission;Supply 6->6
406;70;mission;Supply 3->3
406;70;mission;Supply 3->3
406;70;mission;Supply 6->6
406;70;mission;Supply 3->3
406;70;mission;Supply 5->5
406;70;mission;Supply 5->5
406;70;mission;Supply 3->3
406;70;mission;Supply 5->5
406;70;mission;Supply 5->5
406;70;mission;Supply 5->5
406;70;mission;Supply 5->5
406;70;mission;Supply 3->3
406;70;mission;Supply 6->6
406;70;mission;Supply 3->3
406;70;mission;Supply 5->5
406;71;mission;Supply 6->6
406;71;mission;Supply 3->3
406;71;mission;Supply 3->3
406;71;mission;Supply 3->3
406;71;mission;Supply 5->5
406;71;mission;Supply 6->6
406;71;mission;Supply 5->5
406;71;mission;Supply 3->3
406;71;mission;Supply 5->5
406;71;mission;Supply 6->6
406;71;mission;Prospection 2->2
406;71;mission;Supply 3->3
406;71;mission;Supply 6->6
406;71;mission;Supply 3->3
406;71;mission;Supply 6->6
406;72;mission;Supply 5->5
406;72;mission;Supply 3->3
406;72;mission;Supply 3->3
406;72;mission;Supply 5->5
406;72;mission;Supply 5->5
406;72;mission;Supply 5->5
406;72;mission;Supply 3->3
406;72;mission;Supply 6->6
406;72;mission;Supply 3->3
406;72;mission;Supply 3->3
406;73;mission;Prospection 6->6
406;73;mission;Supply 3->3
406;73;mission;Supply 3->3
406;73;mission;Supply 3->3
406;73;mission;Supply 3->3
406;73;mission;Prospection 6->6
406;73;mission;Supply 3->3
406;73;mission;Prospection 2->2
406;73;mission;Supply 3->3
406;73;mission;Supply 3->3
406;73;mission;Supply 3->3
406;74;mission;Prospection 6->6
406;74;mission;Prospection 6->6
406;74;mission;Supply 3->3
406;74;mission;Supply 3->3
406;74;mission;Prospection 2->2
406;75;mission;Supply 6->6
406;75;mission;Supply 6->6
406;75;mission;Supply 3->3
406;75;mission;Prospection 2->2
406;75;mission;Supply 3->3
406;76;mission;Supply 6->6
406;76;mission;Supply 6->6
406;76;mission;Supply 6->6
406;76;mission;Supply 6->6
406;76;mission;Prospection 2->2
406;76;mission;Supply 3->3
406;76;mission;Supply 6->6
406;76;mission;Supply 3->3
406;77;mission;Supply 6->6
406;77;mission;Supply 3->3
406;77;mission;Supply 6->6
406;77;mission;Supply 3->3
406;77;mission;Supply 6->6
406;77;mission;Prospection 2->2
406;77;mission;Supply 6->6
406;77;mission;Supply 6->6
406;77;mission;Supply 3->3
406;77;mission;Prospection 2->2
406;77;mission;Supply 6->6
406;77;mission;Supply 3->3
406;78;mission;Supply 3->3
406;78;mission;Supply 6->6
406;78;mission;Prospection 2->2
406;78;mission;Supply 6->6
406;78;mission;Supply 6->6
406;78;mission;RoadWork 3->3
406;78;mission;Supply 6->6
406;78;mission;Prospection 2->2
406;78;mission;Supply 3->3
406;78;mission;Supply 3->3
406;78;mission;Supply 6->6
406;79;mission;Supply 6->6
406;79;mission;Supply 6->6
406;79;mission;Prospection 2->2
406;79;mission;Supply 3->3
406;79;mission;Supply 3->3
406;79;mission;Supply 6->6
406;79;mission;Supply 6->6
406;80;mission;Supply 6->6
406;80;mission;Supply 6->6
406;80;mission;Prospection 2->2
406;80;mission;Supply 6->6
406;80;mission;Supply 3->3
406;81;mission;Supply 6->6
406;81;mission;Supply 6->6
406;81;mission;Supply 6->6
406;81;mission;Prospection 2->2
406;81;mission;Supply 6->6
406;81;mission;Supply 3->3
406;81;mission;Supply 6->6
406;81;mission;Supply 3->3
406;82;mission;Supply 3->3
406;82;mission;Supply 6->6
406;82;mission;Supply 3->3
406;82;mission;Supply 3->3
406;82;mission;Supply 6->6
406;82;mission;Supply 3->3
406;82;mission;Supply 6->6
406;82;mission;Prospection 2->2
406;82;mission;Supply 3->3
406;82;mission;Supply 3->3
406;82;mission;Supply 6->6
406;83;mission;Supply 3->3
406;83;mission;Supply 6->6
406;83;mission;Supply 3->3
406;83;mission;Supply 3->3
406;83;mission;Supply 3->3
406;83;mission;Supply 6->6
406;83;mission;Supply 3->3
406;83;mission;Supply 6->6
406;83;mission;Prospection 2->2
406;83;mission;Supply 3->3
406;84;mission;Supply 3->3
406;84;mission;Supply 3->3
406;84;mission;Supply 3->3
406;84;mission;Supply 3->3
406;84;mission;Prospection 6->6
406;84;mission;Supply 6->6
406;84;mission;Prospection 2->2
406;84;mission;Supply 6->6
406;84;mission;RoadWork 3->3
406;84;mission;Supply 6->6
406;85;mission;Supply 3->3
406;85;mission;Supply 3->3
406;85;mission;Supply 3->3
406;85;mission;Supply 3->3
406;85;mission;Supply 3->3
406;85;mission;Prospection 6->6
406;85;mission;Prospection 2->2
406;85;mission;Supply 6->6
406;85;mission;Supply 3->3
406;86;mission;Supply 3->3
406;86;mission;Supply 3->3
406;86;mission;Supply 6->6
406;86;mission;Prospection 2->2
406;86;mission;Supply 3->3
406;86;mission;Supply 3->3
406;86;mission;Supply 6->6
406;86;mission;Supply 3->3
406;86;mission;Prospection 2->2
406;86;mission;Supply 3->3
406;86;mission;Supply 3->3
406;86;mission;Supply 3->3
406;86;mission;Supply 6->6
406;87;mission;Supply 3->3
406;87;mission;Supply 3->3
406;87;mission;Supply 3->3
406;87;mission;Prospection 2->2
406;87;mission;Supply 6->6
406;87;mission;Supply 3->3
406;87;mission;Supply 3->3
406;87;mission;Supply 3->3
406;87;mission;Supply 6->6
406;87;mission;Supply 3->3
406;87;mission;Prospection 2->2
406;87;mission;Supply 3->3
406;88;mission;Supply 3->3
406;88;mission;Supply 6->6
406;88;mission;Supply 3->3
406;88;mission;Supply 3->3
406;88;mission;Supply 6->6
406;88;mission;RoadWork 2->2
406;88;mission;Supply 6->6
406;88;mission;Supply 3->3
406;88;mission;Supply 6->6
406;88;mission;Prospection 2->2
406;88;mission;Supply 3->3
406;89;mission;Supply 3->3
406;89;mission;Supply 6->6
406;89;mission;Supply 3->3
406;89;mission;Supply 6->6
406;89;mission;Supply 3->3
406;89;mission;Supply 6->6
406;89;mission;Supply 6->6
406;89;mission;Supply 3->3
406;89;mission;Supply 3->3
406;89;mission;Supply 6->6
406;89;mission;Supply 3->3
406;89;mission;Supply 6->6
406;90;mission;Supply 3->3
406;90;mission;Prospection 2->2
406;90;mission;Supply 3->3
406;90;mission;Supply 6->6
406;90;mission;Prospection 2->2
406;91;mission;Supply 6->6
406;91;mission;Prospection 2->2
406;91;mission;Supply 6->6
406;91;mission;Supply 3->3
406;91;mission;Supply 3->3
406;91;mission;Supply 3->3
406;92;mission;Supply 3->3
406;92;mission;Prospection 2->2
406;92;mission;Supply 3->3
406;92;mission;Supply 6->6
406;92;mission;Supply 3->3
406;92;mission;Supply 6->6
406;92;mission;Supply 3->3
406;92;mission;Supply 3->3
406;92;mission;Supply 6->6
406;92;mission;Prospection 2->2
406;92;mission;Supply 3->3
406;92;mission;Supply 6->6
406;93;mission;Supply 6->6
406;93;mission;Supply 6->6
406;93;mission;Supply 6->6
406;93;mission;Supply 3->3
406;93;mission;Supply 3->3
406;93;mission;Supply 6->6
406;93;mission;Supply 3->3
406;93;mission;Prospection 2->2
406;93;mission;Supply 6->6
406;94;mission;Supply 3->3
406;94;mission;Supply 6->6
406;94;mission;Supply 3->3
406;94;mission;Supply 3->3
406;94;mission;Supply 6->6
406;94;mission;Supply 3->3
406;94;mission;Prospection 6->6
406;95;mission;Supply 6->6
406;95;mission;Supply 3->3
406;95;mission;Supply 6->6
406;95;mission;Supply 3->3
406;95;mission;Supply 6->6
406;95;mission;Supply 6->6
406;95;mission;Supply 3->3
406;95;mission;Supply 3->3
406;96;mission;Supply 3->3
406;96;mission;Prospection 6->6
406;96;mission;Prospection 6->6
406;96;mission;Prospection 2->2
406;96;mission;Supply 3->3
406;96;mission;Supply 3->3
406;97;mission;Supply 3->3
406;97;mission;Prospection 6->6
406;97;mission;Supply 3->3
406;97;mission;Supply 3->3
406;97;mission;Supply 3->3
406;97;mission;Prospection 6->6
406;97;mission;Supply 3->3
406;97;mission;Supply 3->3
406;98;mission;Prospection 6->6
406;98;mission;Supply 3->3
406;98;mission;Prospection 6->6
406;98;mission;Supply 3->3
406;99;mission;Supply 3->3
406;99;mission;Prospection 6->6
406;99;mission;Prospection 6->6
406;100;mission;Prospection 6->6
406;100;mission;Prospection 6->6
407;1;colonie_nee;1 Première colonie (Humains) mere=0
407;1;colonie_nee;2 Colonie naine (Nains) mere=0
407;1;colonie_nee;3 Colonie elfe (Elfes) mere=0
407;1;colonie_nee;4 Colonie orque (Orques) mere=0
407;1;colonie_nee;5 Colonie humaine (Humains) mere=0
407;1;colonie_nee;6 Colonie naine (Nains) mere=0
407;1;mission;Prospection 5->5
407;2;mission;Prospection 1->1
407;2;mission;Prospection 4->4
407;2;mission;Prospection 2->2
407;2;mission;Prospection 5->5
407;2;mission;Prospection 6->6
407;2;mission;Prospection 1->1
407;2;mission;Prospection 4->4
407;2;mission;Prospection 2->2
407;3;mission;Prospection 3->3
407;3;mission;Prospection 5->5
407;3;mission;Prospection 1->1
407;3;mission;Prospection 2->2
407;3;mission;Prospection 3->3
407;3;mission;Prospection 5->5
407;4;mission;Prospection 2->2
407;4;mission;Prospection 6->6
407;4;mission;Prospection 5->5
407;4;mission;Prospection 3->3
407;4;mission;Prospection 6->6
407;4;mission;Prospection 4->4
407;4;mission;Prospection 2->2
407;4;mission;RoadWork 3->3
407;4;mission;Prospection 1->1
407;5;mission;Prospection 6->6
407;5;mission;Prospection 5->5
407;5;mission;Prospection 1->1
407;5;mission;Prospection 4->4
407;5;mission;RoadWork 2->2
407;6;mission;Prospection 1->1
407;6;mission;Prospection 6->6
407;6;mission;Prospection 3->3
407;6;mission;Foundation 2->2
407;6;mission;Prospection 5->5
407;6;mission;Prospection 6->6
407;7;mission;Supply 2->2
407;7;mission;Prospection 3->3
407;7;mission;Prospection 1->1
407;7;mission;Supply 2->2
407;7;mission;Supply 2->2
407;7;mission;Prospection 3->3
407;7;mission;Supply 1->1
407;7;mission;Supply 5->5
407;7;mission;Supply 1->1
407;7;mission;Supply 5->5
407;7;mission;RoadWork 6->6
407;8;mission;Prospection 3->3
407;8;mission;Prospection 1->1
407;8;mission;Supply 2->2
407;8;mission;Prospection 3->3
407;8;mission;Supply 1->1
407;8;mission;Supply 2->2
407;8;mission;RoadWork 6->6
407;9;mission;Supply 2->2
407;9;mission;Supply 1->1
407;9;mission;Prospection 3->3
407;9;mission;Supply 6->6
407;9;mission;RoadWork 2->2
407;9;mission;RoadWork 3->3
407;9;mission;Supply 6->6
407;10;mission;Supply 6->6
407;10;mission;RoadWork 1->1
407;10;mission;Supply 6->6
407;10;mission;Supply 5->5
407;10;mission;Prospection 3->3
407;10;mission;Supply 5->5
407;10;mission;RoadWork 1->1
407;10;mission;Supply 1->1
407;11;mission;Supply 1->1
407;11;mission;Prospection 3->3
407;11;mission;RoadWork 6->6
407;11;mission;Supply 1->1
407;11;mission;Prospection 3->3
407;11;mission;RoadWork 4->4
407;11;mission;Supply 5->5
407;12;mission;Supply 1->1
407;12;mission;Supply 2->2
407;12;mission;Supply 5->5
407;12;mission;Supply 1->1
407;12;mission;Supply 6->6
407;12;mission;Supply 1->1
407;12;mission;RoadWork 4->4
407;12;mission;Supply 2->2
407;12;mission;Supply 5->5
407;12;mission;Supply 1->1
407;12;mission;Supply 2->2
407;12;mission;Supply 1->1
407;12;mission;Supply 2->2
407;13;mission;Supply 3->3
407;13;mission;Supply 5->5
407;13;mission;Supply 5->5
407;13;mission;Supply 6->6
407;13;mission;Supply 1->1
407;13;mission;Supply 5->5
407;13;mission;Supply 1->1
407;13;mission;Supply 2->2
407;13;mission;Supply 3->3
407;13;mission;Supply 5->5
407;13;mission;Supply 1->1
407;13;mission;Supply 2->2
407;13;mission;Prospection 4->4
407;13;mission;Supply 1->1
407;13;mission;Supply 3->3
407;13;mission;Supply 6->6
407;14;mission;Prospection 2->2
407;14;mission;Supply 1->1
407;14;mission;Supply 3->3
407;14;mission;Supply 3->3
407;14;mission;Supply 6->6
407;14;mission;Supply 3->3
407;14;mission;Supply 1->1
407;14;mission;Prospection 4->4
407;14;mission;Supply 2->2
407;14;mission;Supply 3->3
407;14;mission;Supply 3->3
407;14;mission;Supply 6->6
407;14;mission;Supply 1->1
407;14;mission;Supply 3->3
407;14;mission;Supply 6->6
407;15;mission;Prospection 2->2
407;15;mission;Supply 1->1
407;15;mission;RoadWork 5->5
407;15;mission;Supply 3->3
407;15;mission;Supply 1->1
407;15;mission;Prospection 4->4
407;15;mission;Foundation 6->6
407;15;mission;Supply 6->6
407;15;mission;Supply 1->1
407;15;mission;Prospection 2->2
407;16;mission;RoadWork 5->5
407;16;mission;Supply 2->2
407;16;mission;Supply 3->3
407;16;mission;Supply 1->1
407;16;mission;Supply 2->2
407;16;mission;Supply 3->3
407;16;mission;Supply 6->6
407;16;mission;Supply 2->2
407;16;mission;RoadWork 4->4
407;16;mission;Supply 6->6
407;16;mission;Supply 3->3
407;16;mission;Supply 6->6
407;16;mission;Supply 3->3
407;16;mission;Supply 2->2
407;16;mission;Supply 1->1
407;16;mission;Supply 3->3
407;17;mission;RoadWork 5->5
407;17;mission;Supply 6->6
407;17;mission;Supply 6->6
407;17;mission;Supply 3->3
407;17;mission;RoadWork 4->4
407;17;mission;Prospection 2->2
407;17;mission;Supply 3->3
407;17;mission;Supply 3->3
407;17;mission;Supply 1->1
407;17;mission;Supply 2->2
407;17;mission;RoadWork 5->5
407;17;mission;Foundation 6->6
407;17;mission;Supply 6->6
407;17;mission;RoadWork 4->4
407;17;mission;Supply 6->6
407;17;mission;Supply 1->1
407;18;mission;Supply 6->6
407;18;mission;Supply 1->1
407;18;mission;Prospection 2->2
407;18;mission;RoadWork 5->5
407;18;mission;Supply 6->6
407;18;mission;Supply 1->1
407;18;mission;Supply 3->3
407;18;mission;Supply 1->1
407;18;mission;Supply 3->3
407;18;mission;Supply 6->6
407;18;mission;Supply 1->1
407;18;mission;Supply 3->3
407;18;mission;Supply 6->6
407;18;mission;Supply 3->3
407;18;mission;Supply 6->6
407;18;mission;Prospection 2->2
407;18;mission;RoadWork 5->5
407;18;mission;Supply 6->6
407;18;mission;Supply 1->1
407;18;mission;Supply 3->3
407;18;mission;Supply 6->6
407;19;mission;Supply 3->3
407;19;mission;Supply 2->2
407;19;mission;Supply 6->6
407;19;mission;Supply 3->3
407;19;mission;Supply 6->6
407;19;mission;Supply 2->2
407;19;mission;Supply 3->3
407;19;mission;Supply 6->6
407;19;mission;Supply 3->3
407;19;mission;Supply 2->2
407;19;mission;RoadWork 5->5
407;19;mission;Supply 6->6
407;19;mission;Supply 3->3
407;19;mission;Supply 6->6
407;19;mission;Supply 2->2
407;19;mission;Supply 3->3
407;19;mission;Supply 6->6
407;19;mission;Supply 6->6
407;19;mission;RoadWork 1->1
407;19;mission;Prospection 5->5
407;19;mission;Supply 6->6
407;19;mission;Supply 1->1
407;19;mission;Supply 2->2
407;19;mission;Supply 3->3
407;20;mission;Supply 3->3
407;20;mission;Supply 1->1
407;20;mission;Supply 3->3
407;20;mission;Supply 2->2
407;20;mission;Supply 3->3
407;20;mission;Supply 6->6
407;20;mission;Supply 3->3
407;20;mission;Supply 6->6
407;20;mission;Supply 2->2
407;20;mission;Supply 6->6
407;20;mission;RoadWork 5->5
407;20;mission;Supply 2->2
407;20;mission;Supply 6->6
407;20;mission;Supply 6->6
407;20;mission;Supply 6->6
407;20;mission;RoadWork 1->1
407;20;mission;Supply 6->6
407;20;mission;RoadWork 4->4
407;20;mission;Supply 6->6
407;21;mission;Supply 6->6
407;21;mission;Supply 1->1
407;21;mission;Supply 6->6
407;21;mission;Supply 3->3
407;21;mission;Foundation 5->5
407;21;mission;Supply 3->3
407;21;mission;Supply 5->5
407;21;mission;Supply 1->1
407;21;mission;Supply 3->3
407;21;mission;Supply 1->1
407;21;mission;Supply 3->3
407;21;mission;RoadWork 4->4
407;21;mission;Supply 6->6
407;21;mission;RoadWork 5->5
407;21;mission;Supply 1->1
407;21;mission;Supply 1->1
407;22;pacte;Alliance 2-6
407;22;mission;Supply 5->5
407;22;mission;Relocation 2->2
407;22;mission;Supply 6->6
407;22;mission;RoadWork 4->4
407;22;mission;Supply 6->6
407;22;mission;Supply 2->2
407;22;mission;Supply 5->5
407;22;mission;Supply 6->6
407;22;mission;Supply 1->1
407;22;mission;Supply 6->6
407;22;mission;Supply 2->2
407;22;mission;Supply 6->6
407;22;mission;Supply 2->2
407;22;mission;Prospection 4->4
407;23;mission;Supply 1->1
407;23;mission;Prospection 5->5
407;23;mission;Supply 6->6
407;23;mission;Supply 6->6
407;23;mission;Supply 3->3
407;23;mission;Supply 5->5
407;23;mission;Supply 6->6
407;23;mission;Supply 3->3
407;23;mission;Supply 1->1
407;23;mission;Supply 2->2
407;23;mission;Supply 6->6
407;23;mission;Supply 3->3
407;23;mission;Supply 1->1
407;23;mission;RoadWork 4->4
407;23;mission;Supply 6->6
407;23;mission;Supply 1->1
407;23;mission;Supply 3->3
407;23;mission;Supply 6->6
407;24;mission;Supply 3->3
407;24;mission;Supply 6->6
407;24;mission;Supply 5->5
407;24;mission;Supply 1->1
407;24;mission;Supply 6->6
407;24;mission;Supply 2->2
407;24;mission;Supply 3->3
407;24;mission;Supply 1->1
407;24;mission;Supply 6->6
407;24;mission;Supply 3->3
407;24;mission;Supply 6->6
407;24;mission;Supply 3->3
407;24;mission;Supply 6->6
407;24;mission;Supply 2->2
407;24;mission;Supply 3->3
407;24;mission;RoadWork 4->4
407;24;mission;Supply 5->5
407;24;mission;Supply 2->2
407;25;mission;Supply 1->1
407;25;mission;Supply 6->6
407;25;mission;Supply 1->1
407;25;mission;RoadWork 5->5
407;25;mission;Supply 3->3
407;25;mission;Supply 6->6
407;25;mission;Supply 1->1
407;25;mission;Supply 3->3
407;25;mission;Supply 6->6
407;25;mission;Supply 2->2
407;25;mission;Supply 3->3
407;25;mission;Supply 5->5
407;25;mission;Supply 3->3
407;25;mission;Supply 1->1
407;25;mission;Supply 3->3
407;25;mission;Supply 2->2
407;25;mission;Supply 3->3
407;25;mission;Prospection 5->5
407;26;mission;Supply 3->3
407;26;mission;RoadWork 6->6
407;26;mission;RoadWork 1->1
407;26;mission;Supply 3->3
407;26;mission;Supply 3->3
407;26;mission;Supply 5->5
407;26;mission;Supply 3->3
407;26;mission;Supply 3->3
407;26;mission;Supply 3->3
407;26;mission;RoadWork 1->1
407;26;mission;RoadWork 6->6
407;27;mission;Supply 3->3
407;27;mission;RoadWork 4->4
407;27;mission;Supply 3->3
407;27;mission;Supply 5->5
407;27;mission;RoadWork 1->1
407;27;mission;Supply 3->3
407;27;mission;Supply 3->3
407;27;mission;Supply 6->6
407;27;mission;Supply 3->3
407;27;mission;Supply 2->2
407;27;mission;Prospection 4->4
407;27;mission;RoadWork 1->1
407;27;mission;Prospection 5->5
407;27;mission;Supply 6->6
407;28;mission;Supply 6->6
407;28;mission;Supply 2->2
407;28;mission;RoadWork 4->4
407;28;mission;RoadWork 1->1
407;28;mission;Supply 2->2
407;28;mission;Supply 2->2
407;28;mission;Supply 2->2
407;28;mission;Prospection 5->5
407;28;mission;Supply 3->3
407;28;mission;RoadWork 6->6
407;28;mission;RoadWork 1->1
407;28;mission;Supply 2->2
407;28;mission;Supply 3->3
407;28;mission;Supply 6->6
407;29;mission;Supply 3->3
407;29;mission;Supply 3->3
407;29;mission;Prospection 4->4
407;29;mission;Supply 6->6
407;29;mission;Supply 3->3
407;29;mission;Prospection 5->5
407;29;mission;Supply 3->3
407;29;mission;Supply 3->3
407;29;mission;Prospection 2->2
407;29;mission;Supply 3->3
407;29;mission;Foundation 1->1
407;29;mission;Prospection 4->4
407;29;mission;Supply 1->1
407;29;mission;Prospection 5->5
407;29;mission;Supply 2->2
407;29;mission;Supply 6->6
407;30;mission;Supply 6->6
407;30;mission;Supply 6->6
407;30;mission;Prospection 2->2
407;30;mission;RoadWork 4->4
407;30;mission;Prospection 5->5
407;30;mission;Supply 3->3
407;30;mission;Foundation 1->1
407;30;mission;Supply 2->2
407;30;mission;Supply 1->1
407;30;mission;RoadWork 4->4
407;30;mission;Supply 6->6
407;31;mission;Supply 1->1
407;31;mission;Supply 1->1
407;31;mission;Supply 3->3
407;31;mission;Supply 1->1
407;31;mission;Supply 2->2
407;31;mission;Supply 3->3
407;31;mission;Prospection 5->5
407;31;mission;Supply 6->6
407;31;mission;Supply 1->1
407;31;mission;RoadWork 4->4
407;31;mission;Supply 1->1
407;31;mission;Supply 3->3
407;31;mission;Supply 2->2
407;31;mission;Supply 3->3
407;31;mission;Supply 1->1
407;31;mission;Prospection 5->5
407;31;mission;Supply 1->1
407;31;mission;Supply 2->2
407;32;mission;RoadWork 4->4
407;32;mission;Supply 6->6
407;32;mission;Supply 3->3
407;32;mission;Supply 3->3
407;32;mission;Supply 6->6
407;32;mission;Supply 1->1
407;32;mission;Prospection 5->5
407;32;mission;Supply 2->2
407;32;mission;Supply 3->3
407;32;mission;Supply 1->1
407;32;mission;Supply 3->3
407;32;mission;Supply 1->1
407;32;mission;Supply 2->2
407;32;mission;Prospection 4->4
407;32;mission;Supply 6->6
407;32;mission;Supply 2->2
407;32;mission;Supply 3->3
407;32;mission;Supply 1->1
407;32;mission;Prospection 5->5
407;32;mission;Supply 6->6
407;33;mission;Supply 1->1
407;33;mission;Supply 1->1
407;33;mission;Supply 2->2
407;33;mission;Supply 3->3
407;33;mission;Prospection 4->4
407;33;mission;Supply 1->1
407;33;mission;Supply 3->3
407;33;mission;Supply 1->1
407;33;mission;Supply 3->3
407;33;mission;Supply 1->1
407;33;mission;Supply 2->2
407;33;mission;Supply 3->3
407;33;mission;Prospection 6->6
407;33;mission;Supply 1->1
407;33;mission;Supply 2->2
407;33;mission;Prospection 4->4
407;33;mission;Prospection 5->5
407;33;mission;Supply 1->1
407;33;mission;Supply 1->1
407;34;mission;Supply 1->1
407;34;mission;RoadWork 6->6
407;34;mission;Supply 1->1
407;34;mission;Supply 2->2
407;34;mission;Prospection 4->4
407;34;mission;Supply 1->1
407;34;mission;Supply 1->1
407;34;mission;Supply 2->2
407;34;mission;Prospection 5->5
407;34;mission;Supply 1->1
407;34;mission;Supply 2->2
407;34;mission;Supply 1->1
407;34;mission;Supply 1->1
407;34;mission;Supply 2->2
407;34;mission;Prospection 4->4
407;34;mission;Supply 3->3
407;35;mission;Supply 1->1
407;35;mission;Supply 3->3
407;35;mission;Supply 1->1
407;35;mission;Supply 2->2
407;35;mission;Supply 3->3
407;35;mission;Supply 1->1
407;35;mission;Supply 3->3
407;35;mission;RoadWork 6->6
407;35;mission;Supply 1->1
407;35;mission;Supply 2->2
407;35;mission;Supply 3->3
407;35;mission;Supply 1->1
407;35;mission;Supply 3->3
407;35;mission;Prospection 4->4
407;35;mission;Supply 2->2
407;35;mission;Supply 1->1
407;35;mission;Supply 3->3
407;35;mission;Supply 1->1
407;35;mission;Supply 2->2
407;35;mission;Supply 6->6
407;35;mission;Prospection 5->5
407;35;mission;Supply 6->6
407;35;mission;Supply 6->6
407;36;mission;Supply 6->6
407;36;mission;Supply 1->1
407;36;mission;Prospection 4->4
407;36;mission;Prospection 5->5
407;36;mission;Supply 6->6
407;36;mission;Supply 1->1
407;36;mission;Supply 1->1
407;36;mission;Supply 6->6
407;36;mission;Supply 1->1
407;36;mission;Supply 3->3
407;36;mission;Supply 1->1
407;36;mission;Prospection 5->5
407;36;mission;Prospection 4->4
407;36;mission;Supply 3->3
407;37;mission;Supply 1->1
407;37;mission;Supply 3->3
407;37;mission;Supply 3->3
407;37;mission;Supply 3->3
407;37;mission;Supply 1->1
407;37;mission;Supply 3->3
407;37;mission;RoadWork 5->5
407;37;mission;Supply 6->6
407;37;mission;Supply 1->1
407;37;mission;Supply 3->3
407;37;mission;Prospection 4->4
407;37;mission;Supply 1->1
407;37;mission;Supply 3->3
407;37;mission;Supply 2->2
407;37;mission;Supply 3->3
407;37;mission;Supply 6->6
407;38;mission;Supply 2->2
407;38;mission;Prospection 5->5
407;38;mission;Supply 2->2
407;38;mission;Supply 1->1
407;38;mission;Supply 1->1
407;38;mission;Supply 1->1
407;38;mission;Supply 2->2
407;38;mission;Evacuation 6->6
407;38;mission;Prospection 5->5
407;38;mission;Supply 1->1
407;38;mission;Prospection 4->4
407;38;mission;Prospection 3->3
407;38;mission;Supply 2->2
407;38;mission;Supply 1->1
407;39;mission;Supply 3->3
407;39;mission;Supply 3->3
407;39;mission;Prospection 5->5
407;39;mission;Supply 1->1
407;39;mission;Supply 3->3
407;39;mission;Prospection 6->6
407;39;mission;Supply 1->1
407;39;mission;Prospection 4->4
407;39;mission;Supply 1->1
407;39;mission;Supply 1->1
407;39;mission;Supply 2->2
407;39;mission;Prospection 5->5
407;39;mission;RoadWork 6->6
407;39;mission;Supply 3->3
407;39;mission;Prospection 4->4
407;40;mission;Supply 1->1
407;40;mission;Supply 1->1
407;40;mission;Supply 1->1
407;40;mission;Supply 1->1
407;40;mission;Prospection 4->4
407;40;mission;Supply 1->1
407;40;mission;Supply 3->3
407;40;mission;Prospection 5->5
407;40;mission;Supply 3->3
407;40;mission;Foundation 6->6
407;40;mission;Supply 1->1
407;40;mission;Supply 3->3
407;40;mission;Foundation 2->2
407;40;mission;Supply 1->1
407;40;mission;Supply 2->2
407;40;mission;Prospection 4->4
407;41;mission;Supply 1->1
407;41;mission;Supply 6->6
407;41;mission;Supply 1->1
407;41;mission;Prospection 4->4
407;41;mission;Prospection 5->5
407;41;mission;Supply 6->6
407;41;mission;Supply 2->2
407;41;mission;Supply 6->6
407;41;mission;Supply 1->1
407;41;mission;Supply 6->6
407;42;mission;Supply 3->3
407;42;mission;Prospection 4->4
407;42;mission;Supply 1->1
407;42;mission;Supply 3->3
407;42;mission;Supply 1->1
407;42;mission;Supply 1->1
407;42;mission;Supply 3->3
407;42;mission;RoadWork 5->5
407;42;mission;Supply 3->3
407;42;mission;Prospection 4->4
407;42;mission;Supply 3->3
407;42;mission;Supply 1->1
407;42;mission;Supply 6->6
407;42;mission;Supply 1->1
407;43;mission;Prospection 4->4
407;43;mission;Supply 6->6
407;43;mission;Supply 1->1
407;43;mission;Prospection 4->4
407;43;mission;Supply 6->6
407;43;mission;Supply 1->1
407;43;mission;Supply 6->6
407;43;mission;Supply 1->1
407;44;mission;Supply 6->6
407;44;mission;Supply 3->3
407;44;mission;Supply 3->3
407;44;mission;Supply 6->6
407;44;mission;Supply 1->1
407;44;mission;Prospection 4->4
407;44;mission;Supply 3->3
407;44;mission;Supply 1->1
407;44;mission;Supply 6->6
407;44;mission;Supply 3->3
407;44;mission;Supply 1->1
407;44;mission;Supply 3->3
407;44;mission;Supply 6->6
407;44;mission;Supply 3->3
407;44;mission;Prospection 4->4
407;44;mission;Supply 6->6
407;44;mission;Supply 1->1
407;44;mission;Supply 3->3
407;45;mission;Supply 1->1
407;45;mission;Supply 6->6
407;45;mission;Supply 1->1
407;45;mission;Prospection 4->4
407;45;mission;Supply 6->6
407;45;mission;Supply 1->1
407;45;mission;Supply 6->6
407;45;mission;Supply 1->1
407;45;mission;Prospection 4->4
407;46;mission;Supply 1->1
407;46;mission;Supply 1->1
407;46;mission;Supply 6->6
407;46;mission;Supply 1->1
407;46;mission;Prospection 4->4
407;46;mission;Supply 1->1
407;46;mission;Prospection 3->3
407;46;mission;Supply 6->6
407;46;mission;Supply 3->3
407;47;mission;Supply 3->3
407;47;mission;Supply 1->1
407;47;mission;Supply 3->3
407;47;mission;Prospection 4->4
407;47;mission;Supply 1->1
407;47;mission;Supply 3->3
407;47;mission;Supply 1->1
407;47;mission;Supply 3->3
407;47;mission;Supply 1->1
407;47;mission;Supply 1->1
407;47;mission;Prospection 6->6
407;47;mission;Prospection 5->5
407;47;mission;Supply 6->6
407;48;mission;Supply 6->6
407;48;mission;Supply 1->1
407;48;mission;Supply 3->3
407;48;mission;Supply 1->1
407;48;mission;Supply 3->3
407;48;mission;Prospection 4->4
407;48;mission;Supply 1->1
407;48;mission;Supply 6->6
407;48;mission;Prospection 4->4
407;48;mission;Supply 2->2
407;48;mission;Supply 6->6
407;49;mission;Supply 1->1
407;49;mission;Supply 2->2
407;49;mission;Prospection 4->4
407;49;mission;Supply 3->3
407;49;mission;Supply 1->1
407;49;mission;Supply 1->1
407;49;mission;Supply 2->2
407;49;mission;Prospection 6->6
407;49;mission;Supply 1->1
407;49;mission;Supply 2->2
407;49;mission;Prospection 4->4
407;50;mission;Supply 6->6
407;50;mission;Supply 1->1
407;50;mission;Supply 2->2
407;50;mission;Supply 1->1
407;50;mission;Prospection 4->4
407;50;mission;Supply 3->3
407;50;mission;Supply 1->1
407;50;mission;Supply 3->3
407;50;mission;Supply 3->3
407;50;mission;Supply 1->1
407;50;mission;Supply 3->3
407;51;mission;Supply 3->3
407;51;mission;Supply 6->6
407;51;mission;Prospection 5->5
407;51;mission;Supply 1->1
407;51;mission;Supply 3->3
407;51;mission;Prospection 4->4
407;51;mission;Supply 6->6
407;51;mission;Supply 3->3
407;51;mission;Supply 1->1
407;51;mission;Supply 3->3
407;51;mission;Supply 6->6
407;51;mission;Supply 2->2
407;51;mission;Supply 3->3
407;51;mission;Supply 1->1
407;51;mission;Supply 3->3
407;51;mission;Supply 3->3
407;51;mission;Prospection 5->5
407;51;mission;Prospection 4->4
407;51;mission;Supply 1->1
407;51;mission;Supply 3->3
407;52;mission;Supply 2->2
407;52;mission;Supply 3->3
407;52;mission;Supply 3->3
407;52;mission;Prospection 5->5
407;52;mission;Supply 2->2
407;52;mission;Supply 3->3
407;52;mission;Supply 3->3
407;52;mission;Supply 6->6
407;52;mission;RoadWork 1->1
407;52;mission;Supply 3->3
407;52;mission;Supply 2->2
407;52;mission;Prospection 4->4
407;52;mission;Supply 2->2
407;52;mission;Prospection 5->5
407;52;mission;Supply 6->6
407;52;mission;Supply 2->2
407;52;mission;Supply 3->3
407;52;mission;Supply 6->6
407;52;mission;Supply 3->3
407;53;mission;Supply 1->1
407;53;mission;Supply 3->3
407;53;mission;Supply 2->2
407;53;mission;Supply 3->3
407;53;mission;Supply 3->3
407;53;mission;Supply 2->2
407;53;mission;Supply 3->3
407;53;mission;Supply 3->3
407;53;mission;Supply 1->1
407;53;mission;Prospection 5->5
407;53;mission;Supply 2->2
407;53;mission;Supply 6->6
407;53;mission;Prospection 4->4
407;53;mission;Supply 1->1
407;53;mission;Supply 6->6
407;54;mission;Supply 2->2
407;54;mission;Supply 6->6
407;54;mission;Supply 2->2
407;54;mission;Supply 6->6
407;54;mission;Prospection 4->4
407;54;mission;Prospection 5->5
407;54;mission;RoadWork 1->1
407;54;mission;Supply 6->6
407;54;mission;Supply 3->3
407;54;mission;Supply 3->3
407;54;mission;Supply 2->2
407;54;mission;Prospection 4->4
407;54;mission;Prospection 5->5
407;55;mission;Supply 1->1
407;55;mission;Supply 6->6
407;55;mission;Supply 3->3
407;55;mission;Supply 6->6
407;55;mission;Supply 2->2
407;55;mission;Supply 3->3
407;55;mission;Supply 2->2
407;55;mission;Prospection 4->4
407;55;mission;RoadWork 1->1
407;55;mission;Supply 6->6
407;56;mission;Supply 2->2
407;56;mission;RoadWork 4->4
407;56;mission;RoadWork 1->1
407;56;mission;Supply 2->2
407;56;mission;Supply 2->2
407;56;mission;Prospection 4->4
407;56;mission;RoadWork 6->6
407;56;mission;RoadWork 1->1
407;56;mission;Supply 3->3
407;56;mission;Supply 3->3
407;56;mission;Supply 6->6
407;57;mission;Supply 1->1
407;57;mission;Supply 3->3
407;57;mission;Supply 1->1
407;57;mission;RoadWork 4->4
407;57;mission;Supply 3->3
407;57;mission;Supply 1->1
407;57;mission;Supply 2->2
407;57;mission;Supply 6->6
407;57;mission;Supply 1->1
407;57;mission;Supply 2->2
407;57;mission;Supply 2->2
407;57;mission;RoadWork 1->1
407;57;mission;RoadWork 4->4
407;57;mission;RoadWork 6->6
407;58;mission;Supply 1->1
407;58;mission;Supply 1->1
407;58;mission;Supply 2->2
407;58;mission;Supply 1->1
407;58;mission;Prospection 4->4
407;58;mission;RoadWork 6->6
407;58;mission;Supply 2->2
407;58;mission;Supply 3->3
407;59;mission;Supply 3->3
407;59;mission;Prospection 4->4
407;59;mission;RoadWork 6->6
407;59;mission;Prospection 1->1
407;59;mission;Supply 2->2
407;59;mission;Supply 2->2
407;59;mission;Prospection 4->4
407;59;mission;Supply 3->3
407;59;mission;Supply 2->2
407;59;mission;RoadWork 6->6
407;59;mission;RoadWork 5->5
407;59;mission;Prospection 1->1
407;60;mission;Prospection 4->4
407;60;mission;Supply 2->2
407;60;mission;Prospection 5->5
407;60;mission;Supply 2->2
407;60;mission;Prospection 4->4
407;60;mission;Prospection 1->1
407;60;mission;Supply 3->3
407;61;mission;Supply 3->3
407;61;mission;Supply 2->2
407;61;mission;Supply 3->3
407;61;mission;Supply 3->3
407;61;mission;Supply 2->2
407;61;mission;Supply 2->2
407;61;mission;Prospection 4->4
407;61;mission;Supply 3->3
407;61;mission;Prospection 1->1
407;61;mission;Supply 3->3
407;61;mission;Prospection 5->5
407;62;mission;Prospection 4->4
407;62;mission;Prospection 1->1
407;62;mission;Supply 3->3
407;62;mission;Prospection 5->5
407;62;mission;Prospection 4->4
407;62;mission;Supply 3->3
407;62;mission;Supply 3->3
407;62;mission;Supply 3->3
407;62;mission;Prospection 1->1
407;63;mission;Prospection 4->4
407;63;mission;Supply 3->3
407;63;mission;Prospection 1->1
407;63;mission;Supply 2->2
407;63;mission;Prospection 4->4
407;63;mission;RoadWork 5->5
407;63;mission;Supply 3->3
407;63;mission;Supply 3->3
407;64;mission;Supply 3->3
407;64;mission;Supply 2->2
407;64;mission;Supply 3->3
407;64;mission;Prospection 4->4
407;64;mission;Prospection 1->1
407;64;mission;Supply 2->2
407;64;mission;Supply 3->3
407;64;mission;Prospection 5->5
407;64;mission;Supply 2->2
407;64;mission;Supply 2->2
407;64;mission;Prospection 4->4
407;64;mission;Prospection 1->1
407;64;mission;Supply 3->3
407;65;mission;Supply 3->3
407;65;mission;Prospection 4->4
407;65;mission;Supply 2->2
407;65;mission;Supply 3->3
407;65;mission;Supply 2->2
407;65;mission;Supply 3->3
407;65;mission;Prospection 4->4
407;66;mission;Supply 2->2
407;66;mission;Prospection 1->1
407;66;mission;Supply 3->3
407;66;mission;Prospection 4->4
407;66;mission;Supply 2->2
407;66;mission;Supply 3->3
407;66;mission;Prospection 1->1
407;66;mission;Supply 2->2
407;66;mission;Supply 3->3
407;67;mission;Supply 3->3
407;67;mission;Supply 2->2
407;67;mission;Supply 3->3
407;67;mission;Supply 3->3
407;67;mission;Prospection 4->4
407;67;mission;Supply 2->2
407;67;mission;Prospection 1->1
407;67;mission;Supply 3->3
407;67;mission;Supply 2->2
407;67;mission;Prospection 4->4
407;67;mission;Supply 2->2
407;68;mission;Supply 3->3
407;68;mission;Prospection 1->1
407;68;mission;Supply 2->2
407;68;mission;Prospection 4->4
407;68;mission;Prospection 1->1
407;68;mission;Prospection 2->2
407;69;mission;Prospection 4->4
407;69;mission;Prospection 1->1
407;69;mission;Supply 2->2
407;69;mission;Supply 2->2
407;69;mission;Supply 2->2
407;69;mission;Prospection 4->4
407;69;mission;Supply 3->3
407;69;mission;Supply 3->3
407;69;mission;Supply 2->2
407;69;mission;Supply 3->3
407;70;mission;Supply 2->2
407;70;mission;Supply 2->2
407;70;mission;Supply 3->3
407;70;mission;Prospection 4->4
407;70;mission;Supply 2->2
407;70;mission;Supply 2->2
407;70;mission;Supply 3->3
407;71;mission;Supply 2->2
407;71;mission;Prospection 4->4
407;71;mission;Supply 3->3
407;71;mission;Supply 2->2
407;71;mission;Supply 2->2
407;71;mission;Supply 3->3
407;71;mission;Prospection 4->4
407;72;mission;Supply 3->3
407;72;mission;Supply 3->3
407;72;mission;Supply 3->3
407;72;mission;Prospection 2->2
407;72;mission;Supply 2->2
407;72;mission;Prospection 4->4
407;72;mission;Prospection 1->1
407;72;mission;Supply 2->2
407;73;mission;Supply 3->3
407;73;mission;Prospection 1->1
407;73;mission;Supply 2->2
407;73;mission;Prospection 4->4
407;73;mission;Supply 2->2
407;73;mission;Supply 3->3
407;73;mission;Prospection 5->5
407;73;mission;Prospection 1->1
407;73;mission;Supply 3->3
407;73;mission;RoadWork 4->4
407;73;mission;Supply 3->3
407;73;mission;Supply 2->2
407;74;mission;Prospection 1->1
407;74;mission;Supply 2->2
407;74;mission;Prospection 4->4
407;74;mission;Prospection 5->5
407;74;mission;Supply 3->3
407;74;mission;Supply 2->2
407;75;mission;Prospection 4->4
407;75;mission;Supply 2->2
407;75;mission;Supply 3->3
407;75;mission;Supply 2->2
407;75;mission;Supply 3->3
407;75;mission;Supply 3->3
407;75;mission;Prospection 1->1
407;75;mission;Supply 3->3
407;75;mission;Prospection 4->4
407;75;mission;Supply 2->2
407;76;mission;Supply 3->3
407;76;mission;Supply 3->3
407;76;mission;Prospection 4->4
407;76;mission;Prospection 1->1
407;76;mission;Supply 3->3
407;76;mission;Supply 3->3
407;76;mission;Supply 3->3
407;76;mission;Supply 2->2
407;76;mission;Supply 3->3
407;76;mission;Prospection 4->4
407;76;mission;Supply 2->2
407;76;mission;Supply 3->3
407;76;mission;Supply 3->3
407;76;mission;Prospection 1->1
407;76;mission;Supply 2->2
407;77;mission;Prospection 5->5
407;77;mission;Prospection 4->4
407;77;mission;Prospection 1->1
407;77;mission;Prospection 5->5
407;77;mission;Prospection 2->2
407;77;mission;Prospection 4->4
407;77;mission;Prospection 1->1
407;78;mission;Prospection 4->4
407;78;mission;Prospection 1->1
407;78;mission;RoadWork 4->4
407;78;mission;Prospection 5->5
407;79;mission;Prospection 1->1
407;79;mission;Prospection 4->4
407;79;mission;Prospection 5->5
407;79;mission;Prospection 1->1
407;79;mission;Supply 2->2
407;80;mission;Supply 3->3
407;80;mission;Prospection 4->4
407;80;mission;Prospection 5->5
407;80;mission;Supply 3->3
407;80;mission;Prospection 1->1
407;80;mission;Supply 2->2
407;80;mission;Supply 3->3
407;80;mission;Supply 2->2
407;80;mission;Supply 3->3
407;80;mission;Prospection 1->1
407;80;mission;Prospection 4->4
407;80;mission;Supply 2->2
407;81;mission;Supply 3->3
407;81;mission;Supply 2->2
407;81;mission;Supply 3->3
407;81;mission;Supply 3->3
407;81;mission;Prospection 4->4
407;81;mission;Supply 2->2
407;81;mission;Prospection 1->1
407;81;mission;Supply 3->3
407;81;mission;Supply 2->2
407;81;mission;Supply 3->3
407;81;mission;Supply 3->3
407;81;mission;Prospection 5->5
407;81;mission;Supply 3->3
407;82;mission;Prospection 1->1
407;82;mission;Supply 3->3
407;82;mission;Supply 2->2
407;82;mission;Supply 3->3
407;82;mission;Supply 3->3
407;82;mission;Supply 2->2
407;82;mission;Supply 3->3
407;82;mission;Supply 3->3
407;82;mission;Prospection 4->4
407;82;mission;Supply 2->2
407;82;mission;Prospection 5->5
407;82;mission;Prospection 1->1
407;82;mission;Supply 3->3
407;82;mission;Prospection 4->4
407;82;mission;Supply 3->3
407;83;mission;Prospection 5->5
407;83;mission;Supply 3->3
407;83;mission;Prospection 2->2
407;83;mission;Supply 3->3
407;83;mission;Supply 3->3
407;83;mission;Prospection 1->1
407;83;mission;Prospection 4->4
407;83;mission;Supply 3->3
407;83;mission;Prospection 5->5
407;83;mission;Prospection 2->2
407;83;mission;Prospection 1->1
407;83;mission;Supply 3->3
407;84;mission;Supply 2->2
407;84;mission;Prospection 4->4
407;84;mission;Supply 3->3
407;84;mission;Supply 2->2
407;84;mission;Supply 3->3
407;84;mission;Supply 3->3
407;84;mission;Prospection 1->1
407;84;mission;Supply 2->2
407;84;mission;Prospection 5->5
407;84;mission;Supply 2->2
407;84;mission;RoadWork 4->4
407;84;mission;Supply 3->3
407;84;mission;Supply 3->3
407;84;mission;Supply 3->3
407;84;mission;Prospection 1->1
407;84;mission;Supply 3->3
407;85;mission;Supply 2->2
407;85;mission;Prospection 4->4
407;85;mission;Supply 2->2
407;85;mission;Prospection 5->5
407;85;mission;Supply 3->3
407;85;mission;Supply 2->2
407;85;mission;Supply 3->3
407;85;mission;Prospection 1->1
407;85;mission;Supply 3->3
407;85;mission;Supply 2->2
407;85;mission;Prospection 4->4
407;85;mission;Supply 3->3
407;85;mission;Supply 2->2
407;85;mission;Supply 3->3
407;86;mission;Supply 3->3
407;86;mission;Supply 3->3
407;86;mission;Supply 2->2
407;86;mission;Supply 3->3
407;86;mission;Prospection 4->4
407;86;mission;Supply 3->3
407;86;mission;Supply 3->3
407;86;mission;Prospection 2->2
407;86;mission;Supply 3->3
407;86;mission;Prospection 4->4
407;87;mission;Supply 2->2
407;87;mission;Prospection 4->4
407;87;mission;Prospection 2->2
407;87;mission;Prospection 5->5
407;87;mission;Supply 3->3
407;87;mission;Prospection 4->4
407;88;mission;Supply 3->3
407;88;mission;Prospection 1->1
407;88;mission;Supply 2->2
407;88;mission;Supply 3->3
407;88;mission;Supply 3->3
407;88;mission;Supply 3->3
407;88;mission;Prospection 5->5
407;88;mission;Supply 2->2
407;88;mission;Supply 3->3
407;88;mission;Prospection 4->4
407;88;mission;Prospection 1->1
407;88;mission;Supply 2->2
407;89;mission;Prospection 4->4
407;89;mission;Supply 2->2
407;89;mission;Prospection 1->1
407;89;mission;Prospection 5->5
407;89;mission;Supply 2->2
407;89;mission;Supply 3->3
407;89;mission;Prospection 4->4
407;89;mission;Supply 2->2
407;89;mission;Prospection 1->1
407;89;mission;Supply 3->3
407;89;mission;Prospection 5->5
407;89;mission;Supply 3->3
407;90;mission;Supply 3->3
407;90;mission;Prospection 4->4
407;90;mission;Supply 2->2
407;90;mission;Prospection 1->1
407;90;mission;Supply 2->2
407;90;mission;Supply 3->3
407;90;mission;Prospection 4->4
407;90;mission;Prospection 5->5
407;90;mission;Prospection 1->1
407;91;mission;Prospection 4->4
407;91;mission;Supply 3->3
407;91;mission;Supply 3->3
407;91;mission;Prospection 1->1
407;91;mission;Prospection 2->2
407;91;mission;Prospection 4->4
407;92;mission;Prospection 1->1
407;92;mission;RoadWork 4->4
407;92;mission;Prospection 5->5
407;92;mission;Supply 3->3
407;92;mission;Supply 3->3
407;92;mission;Prospection 1->1
407;92;mission;Supply 3->3
407;92;mission;Prospection 5->5
407;92;mission;Prospection 4->4
407;92;mission;Supply 3->3
407;93;mission;Supply 3->3
407;93;mission;Prospection 1->1
407;93;mission;Supply 3->3
407;93;mission;Prospection 4->4
407;93;mission;Prospection 1->1
407;94;mission;Prospection 4->4
407;94;mission;Prospection 1->1
407;94;mission;Prospection 4->4
407;94;mission;Prospection 5->5
407;94;mission;Prospection 1->1
407;95;mission;Prospection 4->4
407;95;mission;Prospection 1->1
407;96;mission;Prospection 4->4
407;96;mission;Prospection 4->4
407;97;mission;Prospection 4->4
407;97;mission;Prospection 4->4
407;98;mission;Prospection 1->1
407;98;mission;Prospection 4->4
407;98;mission;Prospection 1->1
407;98;mission;Prospection 4->4
407;99;mission;Prospection 1->1
407;99;mission;Prospection 1->1
407;100;mission;Prospection 2->2
407;100;mission;Prospection 1->1
407;100;mission;Prospection 2->2
407;100;mission;Prospection 1->1
408;1;colonie_nee;1 Première colonie (Humains) mere=0
408;1;colonie_nee;2 Colonie naine (Nains) mere=0
408;1;colonie_nee;3 Colonie elfe (Elfes) mere=0
408;1;colonie_nee;4 Colonie orque (Orques) mere=0
408;1;colonie_nee;5 Colonie humaine (Humains) mere=0
408;1;colonie_nee;6 Colonie naine (Nains) mere=0
408;1;mission;Prospection 2->2
408;2;mission;Prospection 1->1
408;2;mission;Prospection 4->4
408;2;pacte;War 4-3
408;2;expedition_guerre;4->3 guerriers=4 armes=4
408;2;bataille;4->3 victoire=True butin=117
408;2;mission;Prospection 2->2
408;2;pacte;Truce 4-3
408;2;expedition_guerre;4->3 guerriers=4 armes=4
408;2;mission;Prospection 5->5
408;2;mission;Prospection 1->1
408;3;mission;Prospection 2->2
408;3;mission;Prospection 6->6
408;3;mission;Prospection 4->4
408;3;pacte;War 4-3
408;3;expedition_guerre;4->3 guerriers=4 armes=4
408;3;mission;Prospection 1->1
408;3;bataille;4->3 victoire=False butin=0
408;3;mission;Prospection 5->5
408;3;expedition_guerre;4->3 guerriers=3 armes=3
408;3;mission;Prospection 3->3
408;3;mission;Prospection 6->6
408;3;bataille;4->3 victoire=False butin=0
408;3;mission;Prospection 2->2
408;3;pacte;Truce 4-3
408;4;mission;Prospection 1->1
408;4;mission;Prospection 5->5
408;4;mission;Prospection 2->2
408;4;mission;Prospection 4->4
408;4;mission;Prospection 6->6
408;4;mission;Prospection 3->3
408;4;mission;Prospection 1->1
408;4;mission;Prospection 4->4
408;5;mission;Prospection 2->2
408;5;mission;Prospection 6->6
408;5;mission;Prospection 3->3
408;5;mission;Prospection 1->1
408;5;mission;RoadWork 2->2
408;5;mission;Prospection 4->4
408;5;mission;Prospection 6->6
408;6;mission;Prospection 1->1
408;6;mission;Prospection 3->3
408;6;mission;Prospection 2->2
408;6;mission;Prospection 4->4
408;6;mission;RoadWork 6->6
408;6;mission;Prospection 1->1
408;6;mission;Prospection 4->4
408;7;mission;Prospection 3->3
408;7;mission;RoadWork 6->6
408;7;mission;Prospection 1->1
408;7;mission;Prospection 4->4
408;7;mission;Prospection 3->3
408;7;mission;RoadWork 2->2
408;7;mission;RoadWork 1->1
408;7;mission;Prospection 6->6
408;8;mission;Prospection 3->3
408;8;mission;Prospection 4->4
408;8;mission;Prospection 1->1
408;8;mission;Prospection 6->6
408;8;mission;Foundation 2->2
408;8;mission;Supply 2->2
408;8;mission;Prospection 1->1
408;8;mission;Prospection 3->3
408;8;mission;Supply 2->2
408;9;mission;Prospection 6->6
408;9;mission;Supply 2->2
408;9;mission;Prospection 4->4
408;9;mission;Supply 2->2
408;9;mission;RoadWork 1->1
408;9;mission;RoadWork 3->3
408;9;mission;Supply 2->2
408;9;mission;Prospection 6->6
408;9;mission;Prospection 4->4
408;9;mission;Prospection 2->2
408;10;mission;RoadWork 1->1
408;10;mission;Prospection 3->3
408;10;mission;Prospection 4->4
408;10;mission;Prospection 6->6
408;10;mission;Prospection 2->2
408;10;mission;Prospection 3->3
408;10;mission;Prospection 1->1
408;10;mission;Supply 2->2
408;10;mission;Prospection 4->4
408;10;mission;Prospection 6->6
408;11;mission;RoadWork 3->3
408;11;mission;Prospection 1->1
408;11;mission;Prospection 6->6
408;11;mission;Prospection 2->2
408;11;mission;Prospection 4->4
408;11;mission;RoadWork 3->3
408;11;mission;Prospection 1->1
408;12;mission;RoadWork 2->2
408;12;mission;RoadWork 3->3
408;12;mission;Supply 2->2
408;12;mission;RoadWork 4->4
408;12;mission;Prospection 1->1
408;12;mission;Supply 2->2
408;12;mission;Prospection 6->6
408;12;mission;Supply 2->2
408;13;mission;Prospection 1->1
408;13;mission;RoadWork 3->3
408;13;mission;RoadWork 2->2
408;13;mission;Prospection 6->6
408;13;mission;Supply 2->2
408;13;mission;RoadWork 4->4
408;13;mission;Supply 2->2
408;13;mission;RoadWork 3->3
408;13;mission;Prospection 6->6
408;13;mission;Prospection 1->1
408;13;mission;Foundation 2->2
408;13;mission;RoadWork 4->4
408;14;mission;Prospection 6->6
408;14;mission;Prospection 1->1
408;14;mission;Prospection 3->3
408;14;mission;Foundation 6->6
408;14;mission;Supply 6->6
408;14;mission;Foundation 1->1
408;14;mission;Supply 2->2
408;14;mission;Supply 1->1
408;14;mission;Supply 2->2
408;14;mission;Supply 1->1
408;15;mission;Supply 2->2
408;15;mission;RoadWork 4->4
408;15;mission;Supply 6->6
408;15;mission;Supply 6->6
408;15;mission;Supply 6->6
408;15;mission;Supply 2->2
408;15;mission;Prospection 1->1
408;15;mission;Supply 3->3
408;15;mission;Relocation 6->6
408;16;mission;RoadWork 4->4
408;16;mission;Supply 6->6
408;16;mission;Supply 2->2
408;16;mission;Supply 1->1
408;16;mission;Prospection 6->6
408;16;mission;Prospection 4->4
408;16;mission;Relocation 2->2
408;16;mission;Supply 1->1
408;16;mission;Supply 3->3
408;17;mission;Prospection 6->6
408;17;mission;Supply 1->1
408;17;mission;RoadWork 4->4
408;17;mission;Supply 3->3
408;17;mission;Supply 1->1
408;17;mission;Supply 2->2
408;17;mission;Supply 6->6
408;17;mission;Supply 1->1
408;17;mission;RoadWork 4->4
408;17;mission;Supply 2->2
408;17;mission;Supply 3->3
408;18;mission;Supply 1->1
408;18;mission;Supply 2->2
408;18;mission;Supply 3->3
408;18;mission;Supply 1->1
408;18;mission;Supply 6->6
408;18;mission;Supply 1->1
408;18;mission;Supply 2->2
408;18;mission;RoadWork 4->4
408;18;mission;Supply 2->2
408;18;mission;Supply 1->1
408;18;mission;Supply 6->6
408;18;mission;Supply 1->1
408;18;mission;Supply 6->6
408;18;mission;Supply 1->1
408;18;mission;Prospection 4->4
408;19;mission;Supply 2->2
408;19;mission;Supply 6->6
408;19;mission;Supply 2->2
408;19;mission;Supply 1->1
408;19;mission;Supply 2->2
408;19;mission;Supply 1->1
408;19;mission;Supply 2->2
408;19;mission;Supply 6->6
408;19;mission;Supply 1->1
408;19;mission;Foundation 3->3
408;19;mission;Supply 3->3
408;19;mission;Supply 3->3
408;19;mission;Supply 1->1
408;19;mission;Supply 6->6
408;19;mission;RoadWork 4->4
408;19;mission;Supply 3->3
408;19;mission;Supply 1->1
408;19;mission;RoadWork 2->2
408;20;mission;Supply 1->1
408;20;mission;Supply 1->1
408;20;mission;Supply 2->2
408;20;mission;Supply 1->1
408;20;mission;Supply 6->6
408;20;mission;Supply 3->3
408;20;mission;RoadWork 4->4
408;20;mission;Supply 1->1
408;20;mission;Supply 2->2
408;20;mission;Supply 3->3
408;21;mission;Supply 1->1
408;21;mission;Supply 2->2
408;21;mission;RoadWork 4->4
408;21;mission;Supply 6->6
408;21;mission;Supply 1->1
408;21;mission;Supply 3->3
408;21;mission;Supply 2->2
408;21;mission;Supply 1->1
408;21;mission;Supply 2->2
408;21;mission;Supply 2->2
408;21;mission;Supply 1->1
408;21;mission;Supply 3->3
408;21;mission;Supply 2->2
408;21;mission;Supply 1->1
408;21;mission;Supply 3->3
408;21;mission;Supply 3->3
408;21;mission;Supply 1->1
408;21;mission;Prospection 4->4
408;21;mission;Supply 3->3
408;21;mission;Supply 6->6
408;21;mission;Supply 3->3
408;21;mission;Supply 6->6
408;21;mission;Supply 1->1
408;21;mission;Supply 6->6
408;22;mission;Supply 3->3
408;22;mission;Supply 6->6
408;22;mission;Supply 1->1
408;22;mission;Supply 2->2
408;22;mission;Supply 2->2
408;22;mission;Supply 3->3
408;22;mission;RoadWork 4->4
408;22;mission;Supply 2->2
408;22;mission;Supply 6->6
408;22;mission;Supply 6->6
408;22;mission;Supply 1->1
408;22;mission;Supply 2->2
408;22;mission;Supply 1->1
408;22;mission;Supply 2->2
408;22;mission;Supply 3->3
408;22;mission;RoadWork 4->4
408;23;mission;Supply 2->2
408;23;mission;Supply 6->6
408;23;mission;Supply 1->1
408;23;mission;Supply 2->2
408;23;mission;Supply 3->3
408;23;mission;Supply 6->6
408;23;mission;Supply 1->1
408;23;mission;Supply 2->2
408;23;mission;Supply 6->6
408;23;mission;Supply 3->3
408;23;mission;Supply 1->1
408;23;mission;Supply 1->1
408;23;mission;Supply 2->2
408;23;mission;Prospection 4->4
408;23;mission;Supply 3->3
408;23;mission;Supply 1->1
408;23;mission;Supply 3->3
408;23;mission;Supply 1->1
408;24;mission;Supply 3->3
408;24;mission;Prospection 4->4
408;24;pacte;Alliance 6-2
408;24;mission;Supply 1->1
408;24;mission;Supply 3->3
408;24;mission;Foundation 6->6
408;24;mission;Supply 6->6
408;24;mission;Supply 2->2
408;24;mission;Supply 6->6
408;24;mission;Supply 2->2
408;24;mission;Supply 2->2
408;24;mission;Supply 3->3
408;24;mission;Supply 2->2
408;24;mission;Prospection 4->4
408;24;mission;Supply 6->6
408;24;mission;Supply 3->3
408;24;mission;Supply 1->1
408;24;mission;Supply 2->2
408;24;mission;Supply 6->6
408;24;mission;Supply 6->6
408;24;mission;Supply 1->1
408;24;mission;Supply 2->2
408;25;mission;Supply 6->6
408;25;mission;Supply 2->2
408;25;mission;Supply 3->3
408;25;mission;Supply 6->6
408;25;mission;Supply 2->2
408;25;mission;Supply 3->3
408;25;mission;Supply 6->6
408;25;mission;Supply 2->2
408;25;mission;Prospection 4->4
408;25;mission;Supply 6->6
408;25;mission;Supply 2->2
408;25;mission;Supply 6->6
408;25;mission;Supply 2->2
408;25;mission;Supply 3->3
408;25;mission;Supply 6->6
408;25;mission;Supply 1->1
408;25;mission;Supply 2->2
408;25;mission;Supply 3->3
408;25;mission;Supply 3->3
408;25;mission;Supply 2->2
408;25;mission;Prospection 4->4
408;25;mission;Supply 2->2
408;25;mission;Supply 3->3
408;26;mission;Supply 6->6
408;26;mission;Supply 2->2
408;26;mission;Supply 1->1
408;26;mission;Supply 6->6
408;26;mission;Supply 1->1
408;26;mission;Supply 6->6
408;26;mission;Supply 1->1
408;26;mission;Supply 6->6
408;26;mission;Supply 3->3
408;26;mission;Prospection 4->4
408;26;mission;Supply 1->1
408;26;mission;Supply 6->6
408;26;mission;Supply 2->2
408;26;mission;Supply 1->1
408;26;mission;Supply 2->2
408;26;mission;Supply 3->3
408;26;mission;RoadWork 4->4
408;27;mission;Prospection 6->6
408;27;mission;Supply 1->1
408;27;mission;Supply 3->3
408;27;mission;Supply 2->2
408;27;mission;Supply 3->3
408;27;mission;Supply 6->6
408;27;mission;Supply 1->1
408;27;mission;Supply 2->2
408;27;mission;Prospection 4->4
408;27;mission;Supply 6->6
408;27;mission;Supply 2->2
408;27;mission;Supply 6->6
408;27;mission;Supply 2->2
408;27;mission;Supply 2->2
408;27;mission;Supply 3->3
408;27;mission;Supply 6->6
408;27;mission;Supply 1->1
408;27;mission;Supply 2->2
408;27;mission;Supply 3->3
408;28;mission;Supply 6->6
408;28;mission;Supply 2->2
408;28;mission;Supply 3->3
408;28;mission;Supply 1->1
408;28;mission;Supply 1->1
408;28;mission;Supply 2->2
408;28;mission;Supply 3->3
408;28;mission;Supply 2->2
408;28;mission;Supply 2->2
408;28;mission;Supply 6->6
408;28;mission;Supply 1->1
408;28;mission;Supply 2->2
408;28;mission;Supply 6->6
408;28;mission;Supply 2->2
408;28;mission;RoadWork 3->3
408;28;mission;Supply 3->3
408;28;mission;Supply 6->6
408;29;mission;Supply 1->1
408;29;mission;Supply 6->6
408;29;mission;Supply 1->1
408;29;mission;Supply 2->2
408;29;mission;Prospection 4->4
408;29;mission;Supply 6->6
408;29;mission;Supply 2->2
408;29;mission;Supply 3->3
408;29;mission;Supply 6->6
408;29;mission;Supply 3->3
408;29;mission;Supply 2->2
408;29;mission;Supply 3->3
408;29;mission;Supply 3->3
408;29;mission;Foundation 1->1
408;29;mission;Supply 1->1
408;29;mission;Supply 2->2
408;29;mission;Prospection 6->6
408;29;mission;Supply 2->2
408;30;mission;Supply 3->3
408;30;mission;Prospection 4->4
408;30;mission;Supply 6->6
408;30;mission;Supply 1->1
408;30;mission;Supply 6->6
408;30;mission;Supply 3->3
408;30;mission;Supply 1->1
408;30;mission;Supply 3->3
408;30;mission;Supply 6->6
408;30;mission;Supply 1->1
408;30;mission;Supply 6->6
408;30;mission;Supply 1->1
408;30;mission;Supply 6->6
408;30;mission;Prospection 4->4
408;30;mission;Supply 3->3
408;30;mission;Supply 6->6
408;30;mission;Supply 3->3
408;30;mission;Supply 1->1
408;30;mission;Supply 1->1
408;30;mission;Supply 1->1
408;30;mission;Supply 2->2
408;30;mission;Supply 6->6
408;31;mission;Supply 1->1
408;31;mission;Supply 3->3
408;31;mission;Supply 2->2
408;31;mission;Supply 3->3
408;31;mission;Supply 6->6
408;31;mission;Supply 3->3
408;31;mission;Supply 6->6
408;31;mission;Supply 1->1
408;31;mission;Supply 2->2
408;31;mission;Supply 3->3
408;31;mission;Supply 1->1
408;31;mission;Prospection 4->4
408;31;mission;Supply 1->1
408;31;mission;Supply 6->6
408;31;mission;Supply 1->1
408;31;mission;Supply 2->2
408;31;mission;Supply 6->6
408;31;mission;Supply 1->1
408;31;mission;Supply 2->2
408;31;mission;Supply 3->3
408;31;mission;Supply 6->6
408;31;mission;Supply 1->1
408;31;mission;Supply 2->2
408;31;mission;Supply 3->3
408;31;mission;Prospection 4->4
408;32;mission;Supply 6->6
408;32;mission;Supply 1->1
408;32;mission;Supply 2->2
408;32;mission;Supply 6->6
408;32;mission;Supply 3->3
408;32;mission;Supply 1->1
408;32;mission;Supply 6->6
408;32;mission;Supply 1->1
408;32;mission;Supply 6->6
408;32;mission;Supply 1->1
408;32;mission;Supply 6->6
408;32;mission;Supply 1->1
408;32;mission;Prospection 4->4
408;32;mission;Supply 6->6
408;32;mission;Supply 3->3
408;32;mission;Supply 3->3
408;32;mission;Supply 6->6
408;32;mission;Supply 2->2
408;32;mission;Supply 1->1
408;32;mission;Supply 6->6
408;32;mission;Supply 1->1
408;33;mission;Supply 1->1
408;33;mission;Supply 6->6
408;33;mission;Prospection 4->4
408;33;mission;Supply 1->1
408;33;mission;Supply 6->6
408;33;mission;Supply 1->1
408;33;mission;RoadWork 3->3
408;33;mission;Supply 1->1
408;33;mission;Supply 6->6
408;33;mission;Supply 1->1
408;33;mission;Supply 3->3
408;33;mission;Supply 6->6
408;33;mission;Supply 1->1
408;33;mission;Supply 3->3
408;33;mission;Supply 6->6
408;33;mission;Supply 1->1
408;33;mission;Supply 2->2
408;33;mission;Supply 2->2
408;33;mission;Supply 2->2
408;33;mission;Supply 3->3
408;33;mission;Supply 3->3
408;33;mission;Supply 2->2
408;33;mission;Prospection 6->6
408;34;mission;Supply 3->3
408;34;mission;Supply 3->3
408;34;mission;Supply 4->4
408;34;mission;Supply 1->1
408;34;mission;Supply 6->6
408;34;mission;Supply 1->1
408;34;mission;Supply 4->4
408;34;mission;Supply 6->6
408;34;mission;Supply 1->1
408;34;mission;Supply 6->6
408;34;mission;Supply 1->1
408;34;mission;Supply 4->4
408;34;mission;Supply 3->3
408;34;mission;Supply 6->6
408;34;mission;Supply 1->1
408;34;mission;Supply 3->3
408;34;mission;Supply 6->6
408;34;mission;Supply 2->2
408;34;mission;Supply 1->1
408;34;mission;Supply 4->4
408;34;mission;Supply 1->1
408;34;mission;Supply 1->1
408;34;mission;Supply 3->3
408;35;mission;Supply 1->1
408;35;mission;Supply 1->1
408;35;mission;Supply 4->4
408;35;mission;Supply 1->1
408;35;mission;Supply 1->1
408;35;mission;Supply 4->4
408;35;mission;Supply 6->6
408;35;mission;Supply 1->1
408;35;mission;Supply 3->3
408;35;mission;Supply 6->6
408;35;mission;Supply 1->1
408;35;mission;Supply 4->4
408;35;mission;Supply 6->6
408;35;mission;Supply 1->1
408;35;mission;Supply 3->3
408;35;mission;Supply 4->4
408;35;mission;Supply 1->1
408;35;mission;Supply 2->2
408;35;mission;Supply 3->3
408;35;mission;Supply 4->4
408;35;mission;Supply 6->6
408;35;mission;Supply 2->2
408;35;mission;Supply 3->3
408;35;mission;Supply 6->6
408;35;mission;Supply 1->1
408;36;mission;Supply 4->4
408;36;mission;Supply 1->1
408;36;mission;Supply 3->3
408;36;mission;Supply 6->6
408;36;mission;Supply 1->1
408;36;mission;Supply 4->4
408;36;mission;Supply 2->2
408;36;mission;Supply 6->6
408;36;mission;Supply 1->1
408;36;mission;Supply 4->4
408;36;mission;Supply 6->6
408;36;mission;Supply 1->1
408;36;mission;Supply 3->3
408;36;mission;Supply 6->6
408;36;mission;Supply 1->1
408;36;mission;Supply 4->4
408;36;mission;Supply 6->6
408;36;mission;Supply 2->2
408;36;mission;Supply 2->2
408;36;mission;Supply 4->4
408;36;mission;Supply 1->1
408;37;mission;Supply 4->4
408;37;mission;Supply 1->1
408;37;mission;Supply 2->2
408;37;mission;Supply 3->3
408;37;mission;Supply 4->4
408;37;mission;Prospection 6->6
408;37;mission;Supply 1->1
408;37;mission;Supply 3->3
408;37;mission;Supply 1->1
408;37;mission;Supply 3->3
408;37;mission;Supply 1->1
408;37;mission;Supply 4->4
408;37;mission;Supply 3->3
408;37;mission;Supply 4->4
408;37;mission;Supply 6->6
408;37;mission;Prospection 2->2
408;37;mission;Supply 6->6
408;37;mission;Supply 3->3
408;37;mission;Supply 1->1
408;37;mission;Supply 2->2
408;37;mission;Supply 4->4
408;37;mission;Supply 6->6
408;37;mission;Supply 1->1
408;37;mission;Supply 2->2
408;37;mission;Supply 3->3
408;38;mission;Supply 1->1
408;38;mission;Supply 2->2
408;38;mission;Supply 3->3
408;38;mission;Supply 1->1
408;38;mission;Supply 2->2
408;38;mission;Supply 3->3
408;38;mission;Supply 4->4
408;38;mission;Supply 3->3
408;38;mission;Supply 1->1
408;38;mission;Supply 6->6
408;38;mission;Supply 1->1
408;38;mission;Supply 4->4
408;38;mission;Supply 6->6
408;38;mission;Supply 1->1
408;38;mission;Prospection 2->2
408;38;mission;Supply 3->3
408;38;mission;Supply 1->1
408;38;mission;Supply 2->2
408;39;mission;Supply 2->2
408;39;mission;Prospection 4->4
408;39;mission;Supply 6->6
408;39;mission;Supply 2->2
408;39;mission;Supply 4->4
408;39;mission;Supply 6->6
408;39;mission;Supply 2->2
408;39;mission;Supply 3->3
408;39;mission;Prospection 1->1
408;39;mission;Supply 6->6
408;39;mission;Supply 2->2
408;39;mission;Supply 3->3
408;39;mission;Supply 4->4
408;39;mission;Supply 3->3
408;39;mission;Supply 6->6
408;39;mission;Supply 1->1
408;39;mission;Supply 2->2
408;39;mission;Supply 6->6
408;40;mission;Supply 1->1
408;40;mission;Supply 3->3
408;40;mission;Supply 2->2
408;40;mission;Supply 4->4
408;40;mission;Supply 3->3
408;40;mission;Supply 1->1
408;40;mission;Supply 3->3
408;40;mission;Supply 4->4
408;40;mission;Supply 6->6
408;40;mission;Supply 1->1
408;40;mission;Supply 6->6
408;40;mission;Supply 2->2
408;40;mission;Supply 6->6
408;40;mission;Supply 4->4
408;40;mission;Supply 3->3
408;40;mission;Supply 6->6
408;40;mission;Supply 2->2
408;40;mission;Supply 6->6
408;40;mission;Supply 6->6
408;40;mission;Prospection 1->1
408;40;mission;Supply 2->2
408;40;mission;Supply 3->3
408;40;mission;Supply 2->2
408;40;mission;Prospection 4->4
408;40;mission;Supply 1->1
408;41;mission;Supply 1->1
408;41;mission;Supply 6->6
408;41;mission;Supply 3->3
408;41;mission;Supply 1->1
408;41;mission;Supply 6->6
408;41;mission;Supply 3->3
408;41;mission;Supply 6->6
408;41;mission;Supply 1->1
408;41;mission;Supply 3->3
408;41;mission;Supply 6->6
408;41;mission;Prospection 4->4
408;41;mission;Supply 1->1
408;41;mission;Supply 6->6
408;41;mission;Supply 3->3
408;41;mission;Supply 6->6
408;41;mission;Evacuation 2->2
408;41;mission;Supply 1->1
408;41;mission;Supply 3->3
408;41;mission;Supply 1->1
408;41;mission;Supply 1->1
408;42;mission;RoadWork 4->4
408;42;mission;Supply 3->3
408;42;mission;Supply 6->6
408;42;mission;Supply 1->1
408;42;mission;Supply 3->3
408;42;mission;Supply 3->3
408;42;mission;Supply 6->6
408;42;mission;Supply 1->1
408;42;mission;Supply 6->6
408;42;mission;Supply 6->6
408;42;mission;Supply 1->1
408;42;mission;Prospection 4->4
408;42;mission;Supply 6->6
408;42;mission;Supply 3->3
408;43;mission;Supply 6->6
408;43;mission;Prospection 4->4
408;43;mission;Supply 3->3
408;43;mission;Supply 6->6
408;43;mission;Supply 2->2
408;43;mission;Supply 3->3
408;43;mission;Supply 3->3
408;43;mission;Supply 6->6
408;43;mission;Supply 3->3
408;43;mission;Prospection 1->1
408;43;mission;Supply 6->6
408;43;mission;Supply 6->6
408;43;mission;Prospection 4->4
408;43;mission;Supply 6->6
408;43;mission;Supply 3->3
408;44;mission;Prospection 1->1
408;44;mission;Supply 2->2
408;44;mission;Prospection 4->4
408;44;mission;Supply 3->3
408;44;mission;Supply 2->2
408;44;mission;Supply 3->3
408;44;mission;Supply 2->2
408;44;mission;Prospection 1->1
408;44;mission;Supply 3->3
408;44;mission;Prospection 4->4
408;45;mission;Supply 3->3
408;45;mission;Supply 3->3
408;45;mission;Supply 2->2
408;45;mission;Supply 3->3
408;45;mission;Supply 2->2
408;45;mission;Supply 3->3
408;45;mission;Supply 2->2
408;45;mission;Prospection 4->4
408;45;mission;Prospection 1->1
408;45;mission;Supply 2->2
408;45;mission;Supply 3->3
408;45;mission;RoadWork 4->4
408;45;mission;Supply 3->3
408;46;mission;Prospection 1->1
408;46;mission;Supply 2->2
408;46;mission;Supply 2->2
408;46;mission;Supply 3->3
408;46;mission;Supply 3->3
408;46;mission;Supply 3->3
408;46;mission;Supply 2->2
408;46;mission;Supply 6->6
408;46;mission;Prospection 4->4
408;46;mission;Prospection 1->1
408;46;mission;Supply 2->2
408;46;mission;Supply 3->3
408;46;mission;Supply 3->3
408;46;mission;Prospection 4->4
408;47;mission;Prospection 1->1
408;47;mission;Prospection 6->6
408;47;mission;Supply 3->3
408;47;mission;Supply 2->2
408;47;mission;Supply 3->3
408;47;mission;Supply 3->3
408;47;mission;Prospection 4->4
408;47;mission;Supply 2->2
408;47;mission;Prospection 1->1
408;47;mission;Supply 2->2
408;47;mission;Supply 3->3
408;47;mission;Prospection 6->6
408;47;mission;Supply 2->2
408;47;mission;Prospection 4->4
408;48;mission;Supply 2->2
408;48;mission;Supply 3->3
408;48;mission;Supply 2->2
408;48;mission;Supply 3->3
408;48;mission;Prospection 1->1
408;48;mission;Supply 3->3
408;48;mission;Supply 2->2
408;48;mission;Supply 3->3
408;48;mission;Prospection 6->6
408;48;mission;Prospection 1->1
408;48;mission;Prospection 4->4
408;48;mission;Supply 3->3
408;48;mission;Supply 2->2
408;49;mission;Prospection 6->6
408;49;mission;Supply 2->2
408;49;mission;Supply 3->3
408;49;mission;Supply 2->2
408;49;mission;Prospection 1->1
408;49;mission;RoadWork 4->4
408;49;mission;Supply 2->2
408;49;mission;Supply 2->2
408;49;mission;Supply 3->3
408;49;mission;Prospection 6->6
408;49;mission;Supply 2->2
408;49;mission;Prospection 4->4
408;49;mission;Supply 3->3
408;49;mission;Prospection 1->1
408;50;mission;Supply 3->3
408;50;mission;Supply 2->2
408;50;mission;Prospection 6->6
408;50;mission;Supply 2->2
408;50;mission;Supply 3->3
408;50;mission;Supply 3->3
408;50;mission;Prospection 4->4
408;50;mission;Supply 3->3
408;50;mission;Supply 2->2
408;50;mission;Supply 3->3
408;50;mission;Supply 3->3
408;50;mission;Prospection 1->1
408;50;mission;Prospection 6->6
408;50;mission;Supply 2->2
408;50;mission;RoadWork 4->4
408;50;mission;Supply 2->2
408;51;mission;Supply 2->2
408;51;mission;Supply 3->3
408;51;mission;Prospection 1->1
408;51;mission;Prospection 6->6
408;51;mission;Supply 2->2
408;51;mission;Supply 3->3
408;51;mission;Supply 3->3
408;51;mission;Prospection 4->4
408;51;mission;Supply 2->2
408;51;mission;Prospection 1->1
408;51;mission;Supply 2->2
408;51;mission;Supply 3->3
408;51;mission;Prospection 4->4
408;51;mission;Prospection 6->6
408;52;mission;Supply 2->2
408;52;mission;Supply 3->3
408;52;mission;Supply 2->2
408;52;mission;Prospection 1->1
408;52;mission;Supply 2->2
408;52;mission;Prospection 6->6
408;52;mission;Supply 2->2
408;52;mission;Prospection 4->4
408;52;mission;Supply 3->3
408;52;mission;Supply 2->2
408;52;mission;Prospection 1->1
408;53;mission;Supply 2->2
408;53;mission;Prospection 4->4
408;53;mission;Supply 3->3
408;53;mission;Prospection 6->6
408;53;mission;Supply 2->2
408;53;mission;Supply 3->3
408;53;mission;Supply 2->2
408;53;mission;Supply 3->3
408;53;mission;Supply 2->2
408;53;mission;Supply 2->2
408;53;mission;Prospection 1->1
408;53;mission;Supply 3->3
408;53;mission;Supply 2->2
408;53;mission;Prospection 4->4
408;53;mission;Prospection 6->6
408;53;mission;Supply 3->3
408;53;mission;Supply 2->2
408;54;mission;Prospection 1->1
408;54;mission;Supply 2->2
408;54;mission;Prospection 4->4
408;54;mission;Prospection 6->6
408;54;mission;Supply 2->2
408;54;mission;Supply 3->3
408;54;mission;Prospection 6->6
408;54;mission;RoadWork 2->2
408;54;mission;RoadWork 4->4
408;54;mission;Supply 3->3
408;54;mission;Prospection 1->1
408;54;mission;Supply 2->2
408;55;mission;Supply 3->3
408;55;mission;Prospection 6->6
408;55;mission;RoadWork 4->4
408;55;mission;Supply 3->3
408;55;mission;Prospection 1->1
408;55;mission;Supply 3->3
408;55;mission;Supply 2->2
408;55;mission;Supply 2->2
408;55;mission;Supply 3->3
408;55;mission;Prospection 6->6
408;55;mission;Supply 2->2
408;55;mission;Prospection 4->4
408;55;mission;Supply 3->3
408;56;mission;Prospection 1->1
408;56;mission;Supply 2->2
408;56;mission;Supply 2->2
408;56;mission;Supply 3->3
408;56;mission;Supply 2->2
408;56;mission;Prospection 6->6
408;56;mission;Supply 3->3
408;56;mission;Prospection 4->4
408;56;mission;Supply 2->2
408;56;mission;Supply 6->6
408;56;mission;Prospection 1->1
408;56;mission;Supply 3->3
408;56;mission;Prospection 4->4
408;57;mission;Prospection 6->6
408;57;mission;Prospection 1->1
408;57;mission;Supply 3->3
408;57;mission;Supply 3->3
408;57;mission;Prospection 4->4
408;57;mission;Prospection 6->6
408;57;mission;Supply 2->2
408;57;mission;Supply 3->3
408;57;mission;Prospection 1->1
408;57;mission;Supply 2->2
408;58;mission;Supply 3->3
408;58;mission;Supply 3->3
408;58;mission;Supply 3->3
408;58;mission;Supply 3->3
408;58;mission;Prospection 1->1
408;58;mission;Prospection 6->6
408;58;mission;Supply 3->3
408;58;mission;Prospection 4->4
408;58;mission;Supply 3->3
408;58;mission;Supply 2->2
408;59;mission;Supply 3->3
408;59;mission;Supply 2->2
408;59;mission;Supply 6->6
408;59;mission;Prospection 1->1
408;59;mission;Supply 3->3
408;59;mission;Supply 2->2
408;59;mission;Supply 2->2
408;59;mission;Supply 3->3
408;59;mission;Prospection 6->6
408;59;mission;Prospection 1->1
408;59;mission;Prospection 4->4
408;59;mission;Supply 3->3
408;59;mission;RoadWork 2->2
408;60;mission;Supply 3->3
408;60;mission;Supply 2->2
408;60;mission;Supply 6->6
408;60;mission;Supply 2->2
408;60;mission;Supply 3->3
408;60;mission;Prospection 1->1
408;60;mission;Supply 2->2
408;60;mission;Supply 6->6
408;60;mission;Supply 6->6
408;60;mission;Prospection 4->4
408;60;mission;Supply 3->3
408;60;mission;Prospection 1->1
408;60;mission;Supply 6->6
408;61;mission;Supply 6->6
408;61;mission;Supply 2->2
408;61;mission;Supply 6->6
408;61;mission;Supply 3->3
408;61;mission;Supply 6->6
408;61;mission;Supply 2->2
408;61;mission;Prospection 1->1
408;61;mission;Supply 2->2
408;61;mission;Supply 3->3
408;61;mission;Supply 3->3
408;61;mission;Supply 6->6
408;61;mission;Supply 3->3
408;62;mission;Supply 6->6
408;62;mission;Supply 3->3
408;62;mission;Supply 6->6
408;62;mission;Prospection 1->1
408;62;mission;Supply 6->6
408;62;mission;Supply 3->3
408;62;mission;Supply 6->6
408;62;mission;Prospection 1->1
408;62;mission;Supply 2->2
408;62;mission;Prospection 4->4
408;62;mission;Supply 3->3
408;63;mission;Supply 3->3
408;63;mission;Supply 3->3
408;63;mission;Supply 2->2
408;63;mission;Supply 3->3
408;63;mission;Supply 3->3
408;63;mission;Supply 3->3
408;63;mission;Prospection 1->1
408;63;mission;Supply 2->2
408;63;mission;Supply 2->2
408;63;mission;Prospection 4->4
408;63;mission;Supply 3->3
408;63;mission;Supply 2->2
408;63;mission;Supply 3->3
408;64;mission;Supply 3->3
408;64;mission;Prospection 1->1
408;64;mission;Supply 2->2
408;64;mission;Supply 2->2
408;64;mission;Supply 3->3
408;64;mission;Supply 2->2
408;64;mission;Supply 3->3
408;64;mission;Supply 2->2
408;64;mission;Prospection 1->1
408;64;mission;Prospection 4->4
408;64;mission;Supply 3->3
408;65;mission;Supply 2->2
408;65;mission;Supply 3->3
408;65;mission;Supply 2->2
408;65;mission;Supply 2->2
408;65;mission;Prospection 4->4
408;65;mission;Prospection 1->1
408;65;mission;Supply 2->2
408;65;mission;Supply 3->3
408;65;mission;Supply 2->2
408;65;mission;Supply 3->3
408;65;mission;Supply 2->2
408;65;mission;Supply 2->2
408;65;mission;Prospection 4->4
408;65;mission;Prospection 1->1
408;65;mission;Supply 2->2
408;65;mission;Supply 3->3
408;65;mission;Supply 6->6
408;66;mission;Supply 3->3
408;66;mission;Supply 3->3
408;66;mission;Supply 3->3
408;66;mission;Supply 3->3
408;66;mission;Supply 6->6
408;66;mission;Prospection 1->1
408;66;mission;Supply 3->3
408;66;mission;Supply 3->3
408;66;mission;Supply 3->3
408;66;mission;Prospection 4->4
408;66;mission;Prospection 6->6
408;66;mission;Prospection 1->1
408;66;mission;Supply 3->3
408;67;mission;Supply 3->3
408;67;mission;Supply 3->3
408;67;mission;Prospection 1->1
408;67;mission;Prospection 6->6
408;67;mission;Supply 3->3
408;67;mission;Supply 2->2
408;67;mission;Supply 2->2
408;67;mission;Supply 3->3
408;68;mission;Prospection 1->1
408;68;mission;Supply 2->2
408;68;mission;Supply 3->3
408;68;mission;Supply 3->3
408;68;mission;Supply 3->3
408;68;mission;Supply 2->2
408;68;mission;Supply 2->2
408;68;mission;Supply 3->3
408;68;mission;Supply 2->2
408;68;mission;Prospection 4->4
408;68;mission;Supply 3->3
408;69;mission;Supply 2->2
408;69;mission;Supply 2->2
408;69;mission;Supply 2->2
408;69;mission;Supply 3->3
408;69;mission;Supply 3->3
408;69;mission;Supply 2->2
408;69;mission;Supply 3->3
408;69;mission;Supply 3->3
408;69;mission;Prospection 6->6
408;69;mission;Prospection 4->4
408;69;mission;Supply 3->3
408;70;mission;Supply 2->2
408;70;mission;Supply 3->3
408;70;mission;Supply 2->2
408;70;mission;Prospection 6->6
408;70;mission;Supply 3->3
408;70;mission;Prospection 1->1
408;70;mission;Prospection 4->4
408;70;mission;Supply 3->3
408;70;mission;Supply 2->2
408;70;mission;Prospection 6->6
408;71;mission;Supply 3->3
408;71;mission;Supply 2->2
408;71;mission;Supply 3->3
408;71;mission;Prospection 1->1
408;71;mission;Prospection 4->4
408;71;mission;Supply 3->3
408;71;mission;Prospection 6->6
408;71;mission;Prospection 1->1
408;71;mission;Supply 4->4
408;71;mission;RoadWork 3->3
408;71;mission;Supply 2->2
408;71;mission;Supply 4->4
408;72;mission;Supply 2->2
408;72;mission;Supply 3->3
408;72;mission;Supply 3->3
408;72;mission;Prospection 6->6
408;72;mission;Supply 3->3
408;72;mission;Supply 3->3
408;72;mission;Supply 4->4
408;72;mission;Supply 2->2
408;72;mission;Supply 4->4
408;72;mission;Prospection 1->1
408;72;mission;Supply 4->4
408;72;mission;Supply 3->3
408;72;mission;Supply 2->2
408;72;mission;Prospection 6->6
408;72;mission;Supply 3->3
408;72;mission;Prospection 1->1
408;72;mission;Supply 4->4
408;72;mission;Supply 3->3
408;73;mission;Supply 2->2
408;73;mission;Supply 4->4
408;73;mission;Supply 4->4
408;73;mission;Supply 3->3
408;73;mission;Supply 2->2
408;73;mission;Supply 3->3
408;73;mission;Prospection 6->6
408;73;mission;Prospection 1->1
408;73;mission;Supply 4->4
408;73;mission;Supply 2->2
408;73;mission;Supply 4->4
408;73;mission;Supply 4->4
408;73;mission;Supply 4->4
408;73;mission;Supply 2->2
408;73;mission;Prospection 6->6
408;73;mission;RoadWork 3->3
408;73;mission;Supply 4->4
408;73;mission;Prospection 1->1
408;74;mission;Supply 2->2
408;74;mission;Supply 3->3
408;74;mission;Supply 4->4
408;74;mission;Supply 4->4
408;74;mission;Supply 4->4
408;74;mission;Prospection 1->1
408;74;mission;Supply 2->2
408;74;mission;Supply 3->3
408;74;mission;Supply 4->4
408;74;mission;Prospection 6->6
408;74;mission;Supply 2->2
408;74;mission;Supply 3->3
408;74;mission;Supply 3->3
408;74;mission;Prospection 6->6
408;75;mission;Supply 4->4
408;75;mission;RoadWork 2->2
408;75;mission;Supply 4->4
408;75;mission;Supply 3->3
408;75;mission;Supply 3->3
408;75;mission;Supply 4->4
408;75;mission;Supply 2->2
408;75;mission;Prospection 6->6
408;75;mission;Supply 2->2
408;75;mission;Prospection 1->1
408;75;mission;Supply 3->3
408;75;mission;Supply 4->4
408;76;mission;Supply 3->3
408;76;mission;Supply 2->2
408;76;mission;Supply 4->4
408;76;mission;Supply 3->3
408;76;mission;Prospection 6->6
408;76;mission;Supply 3->3
408;76;mission;Supply 4->4
408;76;mission;Supply 3->3
408;76;mission;Supply 3->3
408;76;mission;Supply 4->4
408;76;mission;Supply 3->3
408;76;mission;Supply 4->4
408;76;mission;Prospection 6->6
408;76;mission;Foundation 2->2
408;76;mission;Supply 2->2
408;77;mission;RoadWork 3->3
408;77;mission;Supply 2->2
408;77;mission;Prospection 1->1
408;77;mission;Supply 3->3
408;77;mission;Supply 2->2
408;77;mission;Supply 3->3
408;77;mission;Supply 2->2
408;77;mission;Supply 4->4
408;77;mission;Supply 2->2
408;77;mission;Supply 3->3
408;77;mission;Supply 4->4
408;77;mission;Prospection 6->6
408;77;mission;Supply 4->4
408;77;mission;Prospection 1->1
408;77;mission;Supply 2->2
408;77;mission;Supply 3->3
408;77;mission;Supply 4->4
408;77;mission;Prospection 6->6
408;78;mission;Supply 2->2
408;78;mission;Supply 4->4
408;78;mission;Prospection 1->1
408;78;mission;Supply 4->4
408;78;mission;Supply 3->3
408;78;mission;Supply 3->3
408;78;mission;Supply 4->4
408;78;mission;Supply 4->4
408;78;mission;Prospection 2->2
408;78;mission;Prospection 6->6
408;78;mission;Prospection 1->1
408;78;mission;Supply 2->2
408;78;mission;Supply 3->3
408;78;mission;Supply 3->3
408;78;mission;Supply 3->3
408;79;mission;Supply 3->3
408;79;mission;Prospection 4->4
408;79;mission;Supply 3->3
408;79;mission;Prospection 6->6
408;79;mission;Supply 3->3
408;79;mission;Supply 3->3
408;79;mission;Prospection 1->1
408;79;mission;Supply 3->3
408;79;mission;Prospection 4->4
408;79;mission;Prospection 6->6
408;79;mission;Prospection 1->1
408;79;mission;Supply 3->3
408;80;mission;Supply 3->3
408;80;mission;Supply 3->3
408;80;mission;Prospection 4->4
408;80;mission;Prospection 6->6
408;80;mission;Supply 3->3
408;80;mission;Prospection 1->1
408;80;mission;Supply 3->3
408;80;mission;Prospection 2->2
408;80;mission;Supply 2->2
408;80;mission;Supply 3->3
408;80;mission;Prospection 4->4
408;80;mission;Prospection 1->1
408;80;mission;Supply 2->2
408;80;mission;Prospection 6->6
408;81;mission;Supply 3->3
408;81;mission;Supply 3->3
408;81;mission;Supply 2->2
408;81;mission;Prospection 4->4
408;81;mission;Supply 2->2
408;81;mission;Prospection 1->1
408;81;mission;Prospection 6->6
408;81;mission;Supply 2->2
408;81;mission;Supply 3->3
408;81;mission;Supply 2->2
408;81;mission;Prospection 4->4
408;82;mission;Prospection 1->1
408;82;mission;Supply 2->2
408;82;mission;Supply 3->3
408;82;mission;Prospection 6->6
408;82;mission;Supply 3->3
408;82;mission;Supply 2->2
408;82;mission;Supply 3->3
408;82;mission;Supply 2->2
408;82;mission;Prospection 6->6
408;82;mission;RoadWork 3->3
408;82;mission;Supply 2->2
408;82;mission;Prospection 4->4
408;82;mission;Supply 3->3
408;83;mission;Prospection 1->1
408;83;mission;Supply 3->3
408;83;mission;Supply 3->3
408;83;mission;Prospection 6->6
408;83;mission;Supply 3->3
408;83;mission;Supply 2->2
408;83;mission;Supply 2->2
408;83;mission;Prospection 1->1
408;83;mission;Prospection 6->6
408;83;mission;RoadWork 3->3
408;83;mission;Prospection 4->4
408;83;mission;Supply 2->2
408;83;mission;Supply 3->3
408;84;mission;Supply 3->3
408;84;mission;Prospection 1->1
408;84;mission;Supply 3->3
408;84;mission;Supply 3->3
408;84;mission;Prospection 6->6
408;84;mission;Supply 2->2
408;84;mission;Supply 2->2
408;84;mission;Prospection 1->1
408;84;mission;Supply 2->2
408;84;mission;Supply 3->3
408;84;mission;Prospection 6->6
408;84;mission;Prospection 4->4
408;84;mission;Supply 3->3
408;85;mission;Supply 3->3
408;85;mission;Supply 3->3
408;85;mission;Supply 3->3
408;85;mission;Prospection 1->1
408;85;mission;Supply 2->2
408;85;mission;Supply 3->3
408;85;mission;Prospection 6->6
408;85;mission;Supply 2->2
408;85;mission;Prospection 1->1
408;85;mission;Supply 3->3
408;85;mission;Prospection 4->4
408;85;mission;Prospection 6->6
408;86;mission;Supply 2->2
408;86;mission;Supply 3->3
408;86;mission;Supply 2->2
408;86;mission;Supply 3->3
408;86;mission;Prospection 1->1
408;86;mission;Supply 3->3
408;86;mission;Prospection 4->4
408;86;mission;Prospection 6->6
408;86;mission;Supply 2->2
408;86;mission;Supply 3->3
408;86;mission;Prospection 1->1
408;86;mission;Supply 2->2
408;86;mission;Prospection 6->6
408;87;mission;Supply 3->3
408;87;mission;Supply 4->4
408;87;mission;Supply 3->3
408;87;mission;Supply 4->4
408;87;mission;Supply 3->3
408;87;mission;Supply 2->2
408;87;mission;Supply 3->3
408;87;mission;Supply 4->4
408;87;mission;Prospection 1->1
408;87;mission;Supply 4->4
408;87;mission;Supply 3->3
408;87;mission;Supply 4->4
408;87;mission;Supply 4->4
408;87;mission;Supply 2->2
408;87;mission;Supply 4->4
408;87;mission;Prospection 6->6
408;87;mission;Supply 2->2
408;87;mission;Supply 3->3
408;87;mission;Supply 4->4
408;88;mission;Prospection 1->1
408;88;mission;Supply 2->2
408;88;mission;Supply 4->4
408;88;mission;Supply 3->3
408;88;mission;Supply 3->3
408;88;mission;Supply 4->4
408;88;mission;Supply 3->3
408;88;mission;Supply 4->4
408;88;mission;Supply 4->4
408;88;mission;Prospection 6->6
408;88;mission;Supply 3->3
408;88;mission;Supply 4->4
408;88;mission;Supply 4->4
408;88;mission;Supply 4->4
408;88;mission;Prospection 1->1
408;88;mission;Supply 4->4
408;88;mission;Supply 2->2
408;88;mission;Supply 4->4
408;89;mission;Supply 2->2
408;89;mission;Supply 3->3
408;89;mission;Prospection 1->1
408;89;mission;Supply 4->4
408;89;mission;Supply 3->3
408;89;mission;Supply 3->3
408;89;mission;Supply 4->4
408;89;mission;Supply 3->3
408;89;mission;Supply 4->4
408;89;mission;Supply 3->3
408;89;mission;Supply 2->2
408;89;mission;Prospection 6->6
408;89;mission;Supply 4->4
408;89;mission;Supply 3->3
408;90;mission;Supply 3->3
408;90;mission;Supply 4->4
408;90;mission;Supply 4->4
408;90;mission;Supply 3->3
408;90;mission;Supply 4->4
408;90;mission;Supply 4->4
408;90;mission;Supply 3->3
408;90;mission;Supply 4->4
408;90;mission;Supply 4->4
408;90;mission;Supply 3->3
408;90;mission;Supply 4->4
408;90;mission;Supply 3->3
408;90;mission;Supply 4->4
408;90;mission;Supply 2->2
408;90;mission;Prospection 6->6
408;90;mission;Supply 3->3
408;90;mission;Supply 4->4
408;91;mission;Supply 4->4
408;91;mission;Supply 3->3
408;91;mission;Supply 3->3
408;91;mission;Supply 3->3
408;91;mission;Supply 3->3
408;91;mission;Supply 4->4
408;91;mission;Supply 3->3
408;91;mission;Supply 4->4
408;91;mission;Supply 4->4
408;91;mission;Prospection 1->1
408;91;mission;Prospection 6->6
408;91;mission;Supply 2->2
408;91;mission;Supply 3->3
408;92;mission;Supply 3->3
408;92;mission;Supply 3->3
408;92;mission;Supply 4->4
408;92;mission;Supply 2->2
408;92;mission;Supply 4->4
408;92;mission;Supply 3->3
408;92;mission;Supply 2->2
408;92;mission;Prospection 1->1
408;92;mission;Supply 3->3
408;92;mission;Supply 4->4
408;92;mission;Supply 3->3
408;92;mission;Supply 3->3
408;92;mission;Supply 2->2
408;92;mission;Prospection 1->1
408;92;mission;Supply 3->3
408;92;mission;Supply 3->3
408;92;mission;Supply 4->4
408;92;mission;Supply 4->4
408;93;mission;Supply 3->3
408;93;mission;Supply 4->4
408;93;mission;Supply 2->2
408;93;mission;Supply 4->4
408;93;mission;Supply 3->3
408;93;mission;Supply 4->4
408;93;mission;Supply 4->4
408;93;mission;Supply 3->3
408;93;mission;Supply 4->4
408;93;mission;Supply 4->4
408;93;mission;Prospection 1->1
408;93;mission;Supply 3->3
408;93;mission;Supply 4->4
408;93;mission;Supply 2->2
408;93;mission;Supply 4->4
408;93;mission;Supply 3->3
408;93;mission;Supply 4->4
408;93;mission;Supply 3->3
408;93;mission;Supply 4->4
408;93;mission;Supply 2->2
408;93;mission;Prospection 1->1
408;94;mission;Supply 2->2
408;94;mission;Supply 3->3
408;94;mission;Supply 2->2
408;94;mission;Supply 3->3
408;94;mission;Prospection 1->1
408;94;mission;Supply 2->2
408;94;mission;Supply 3->3
408;94;mission;Supply 2->2
408;94;mission;Prospection 1->1
408;95;mission;RoadWork 3->3
408;95;mission;Supply 2->2
408;95;mission;Supply 3->3
408;95;mission;Supply 2->2
408;95;mission;Supply 2->2
408;95;mission;Prospection 1->1
408;95;mission;Supply 3->3
408;95;mission;Supply 3->3
408;95;mission;Supply 2->2
408;95;mission;Prospection 4->4
408;95;mission;Supply 2->2
408;96;mission;Prospection 1->1
408;96;mission;Supply 2->2
408;96;mission;RoadWork 3->3
408;96;mission;Supply 3->3
408;96;mission;Supply 3->3
408;96;mission;Prospection 4->4
408;96;mission;Supply 3->3
408;96;mission;Supply 2->2
408;96;mission;Prospection 1->1
408;96;mission;Supply 2->2
408;96;mission;Supply 3->3
408;96;mission;Supply 3->3
408;97;mission;Supply 2->2
408;97;mission;Supply 3->3
408;97;mission;Prospection 4->4
408;97;mission;Prospection 1->1
408;97;mission;Supply 2->2
408;97;mission;Supply 3->3
408;97;mission;Supply 3->3
408;97;mission;Supply 2->2
408;97;mission;Supply 2->2
408;97;mission;Supply 2->2
408;97;mission;Supply 3->3
408;97;mission;Supply 2->2
408;97;mission;Prospection 1->1
408;97;mission;Prospection 4->4
408;98;mission;RoadWork 3->3
408;98;mission;Prospection 1->1
408;98;mission;Supply 2->2
408;98;mission;Supply 3->3
408;98;mission;Supply 2->2
408;98;mission;Supply 3->3
408;98;mission;Supply 2->2
408;98;mission;Supply 2->2
408;98;mission;Prospection 1->1
408;98;mission;Supply 2->2
408;98;mission;Prospection 4->4
408;98;mission;Supply 2->2
408;99;mission;Supply 3->3
408;99;mission;Supply 2->2
408;99;mission;Supply 2->2
408;99;mission;Supply 3->3
408;99;mission;Supply 2->2
408;99;mission;Supply 2->2
408;99;mission;Supply 3->3
408;99;mission;Supply 2->2
408;99;mission;Supply 3->3
408;99;mission;Supply 2->2
408;99;mission;Supply 2->2
408;100;mission;Supply 2->2
408;100;mission;Supply 2->2
408;100;mission;Supply 3->3
408;100;mission;Supply 2->2
408;100;mission;Supply 3->3
408;100;mission;Supply 2->2
408;100;mission;Supply 2->2
408;100;mission;Supply 3->3
408;100;mission;Supply 3->3
409;1;colonie_nee;1 Première colonie (Humains) mere=0
409;1;colonie_nee;2 Colonie naine (Nains) mere=0
409;1;colonie_nee;3 Colonie elfe (Elfes) mere=0
409;1;colonie_nee;4 Colonie orque (Orques) mere=0
409;1;colonie_nee;5 Colonie humaine (Humains) mere=0
409;1;colonie_nee;6 Colonie naine (Nains) mere=0
409;1;mission;Prospection 6->6
409;1;mission;Prospection 2->2
409;2;mission;Prospection 3->3
409;2;mission;Prospection 6->6
409;2;mission;Prospection 5->5
409;2;mission;Prospection 2->2
409;3;mission;Prospection 3->3
409;3;mission;Prospection 2->2
409;3;mission;Prospection 4->4
409;3;mission;Prospection 1->1
409;3;mission;Prospection 6->6
409;3;mission;Prospection 3->3
409;3;mission;Prospection 5->5
409;4;mission;Prospection 6->6
409;4;mission;Prospection 1->1
409;4;mission;Prospection 2->2
409;4;mission;Prospection 3->3
409;4;mission;Prospection 6->6
409;4;mission;Prospection 1->1
409;4;mission;Prospection 5->5
409;4;mission;Prospection 3->3
409;5;mission;Prospection 1->1
409;5;mission;Prospection 6->6
409;5;mission;Prospection 5->5
409;5;mission;Prospection 2->2
409;5;mission;Prospection 4->4
409;5;mission;Prospection 6->6
409;5;mission;Prospection 1->1
409;6;mission;Prospection 2->2
409;6;mission;Prospection 5->5
409;6;mission;Prospection 6->6
409;6;mission;RoadWork 3->3
409;6;mission;RoadWork 1->1
409;6;mission;Prospection 6->6
409;6;mission;Prospection 2->2
409;7;mission;Prospection 1->1
409;7;mission;RoadWork 6->6
409;7;mission;Prospection 4->4
409;7;mission;Prospection 5->5
409;7;mission;Prospection 1->1
409;7;mission;RoadWork 6->6
409;7;mission;Prospection 2->2
409;8;mission;Supply 3->3
409;8;mission;Supply 3->3
409;8;mission;Supply 3->3
409;8;mission;RoadWork 1->1
409;8;mission;Prospection 5->5
409;8;mission;Supply 3->3
409;8;mission;Prospection 6->6
409;8;mission;Supply 3->3
409;8;mission;Prospection 2->2
409;8;mission;Supply 3->3
409;8;mission;Prospection 6->6
409;9;mission;Supply 3->3
409;9;mission;Foundation 5->5
409;9;mission;Supply 5->5
409;9;mission;Prospection 1->1
409;9;mission;RoadWork 2->2
409;9;mission;Prospection 6->6
409;9;mission;Prospection 3->3
409;9;mission;Prospection 1->1
409;9;mission;Supply 3->3
409;9;mission;Supply 5->5
409;10;mission;Supply 3->3
409;10;mission;RoadWork 6->6
409;10;mission;RoadWork 2->2
409;10;mission;Supply 5->5
409;10;mission;Supply 3->3
409;10;mission;Prospection 1->1
409;10;mission;Supply 5->5
409;11;mission;Supply 3->3
409;11;mission;RoadWork 6->6
409;11;mission;Supply 5->5
409;11;mission;Prospection 2->2
409;11;mission;Prospection 1->1
409;11;mission;RoadWork 6->6
409;11;mission;Supply 3->3
409;11;mission;Supply 3->3
409;11;mission;RoadWork 2->2
409;11;mission;Supply 3->3
409;11;mission;RoadWork 4->4
409;11;mission;Prospection 1->1
409;11;mission;Supply 5->5
409;12;mission;RoadWork 6->6
409;12;mission;RoadWork 1->1
409;12;mission;Foundation 2->2
409;12;mission;RoadWork 5->5
409;12;mission;Supply 2->2
409;12;mission;Prospection 4->4
409;12;mission;Prospection 3->3
409;12;mission;Supply 5->5
409;12;mission;Prospection 6->6
409;12;mission;RoadWork 1->1
409;13;mission;Prospection 4->4
409;13;mission;RoadWork 2->2
409;13;mission;Prospection 6->6
409;13;mission;RoadWork 1->1
409;13;mission;RoadWork 3->3
409;13;mission;Supply 5->5
409;13;mission;Prospection 4->4
409;13;mission;Supply 2->2
409;13;mission;Supply 3->3
409;13;mission;RoadWork 1->1
409;13;mission;Supply 3->3
409;14;mission;Prospection 6->6
409;14;mission;Supply 2->2
409;14;mission;RoadWork 5->5
409;14;mission;Prospection 1->1
409;14;mission;Prospection 4->4
409;14;mission;Supply 2->2
409;14;mission;Prospection 3->3
409;14;mission;Prospection 6->6
409;14;mission;RoadWork 5->5
409;14;mission;RoadWork 2->2
409;15;mission;RoadWork 3->3
409;15;mission;RoadWork 5->5
409;15;mission;Supply 2->2
409;15;mission;RoadWork 6->6
409;15;mission;Supply 3->3
409;15;mission;Prospection 4->4
409;15;mission;Supply 2->2
409;15;mission;RoadWork 5->5
409;15;mission;RoadWork 1->1
409;15;mission;Prospection 6->6
409;16;mission;RoadWork 4->4
409;16;mission;RoadWork 1->1
409;16;mission;Supply 3->3
409;16;mission;Supply 2->2
409;16;mission;Supply 3->3
409;16;mission;Prospection 6->6
409;16;mission;Prospection 5->5
409;16;mission;Supply 2->2
409;16;mission;Supply 3->3
409;16;mission;Prospection 4->4
409;16;mission;Supply 3->3
409;16;mission;RoadWork 1->1
409;16;mission;Supply 2->2
409;16;mission;RoadWork 6->6
409;17;mission;Prospection 5->5
409;17;mission;Supply 3->3
409;17;mission;Supply 2->2
409;17;mission;Supply 3->3
409;17;mission;RoadWork 1->1
409;17;mission;Prospection 4->4
409;17;mission;Prospection 6->6
409;17;mission;Prospection 5->5
409;17;mission;Supply 2->2
409;18;mission;RoadWork 3->3
409;18;mission;Prospection 1->1
409;18;mission;RoadWork 6->6
409;18;mission;Prospection 4->4
409;18;mission;Prospection 1->1
409;18;mission;Supply 2->2
409;18;mission;RoadWork 5->5
409;18;mission;Supply 3->3
409;18;mission;Prospection 4->4
409;19;mission;Supply 2->2
409;19;mission;Supply 3->3
409;19;mission;Prospection 1->1
409;19;mission;Supply 3->3
409;19;mission;Supply 3->3
409;19;mission;Prospection 5->5
409;19;mission;Prospection 2->2
409;19;mission;Prospection 4->4
409;19;mission;Supply 3->3
409;19;mission;RoadWork 6->6
409;20;mission;Supply 2->2
409;20;mission;Supply 3->3
409;20;mission;Prospection 4->4
409;20;mission;RoadWork 1->1
409;20;mission;Supply 3->3
409;20;mission;Prospection 2->2
409;20;mission;Supply 3->3
409;20;mission;Prospection 6->6
409;20;mission;Prospection 5->5
409;20;mission;Prospection 4->4
409;20;mission;RoadWork 1->1
409;21;mission;Supply 3->3
409;21;mission;Prospection 4->4
409;21;mission;RoadWork 1->1
409;21;mission;Supply 2->2
409;21;mission;Prospection 6->6
409;21;mission;Supply 3->3
409;21;mission;Prospection 5->5
409;21;mission;Supply 3->3
409;21;mission;RoadWork 2->2
409;21;mission;Prospection 6->6
409;21;mission;Prospection 4->4
409;21;mission;RoadWork 1->1
409;22;mission;Prospection 5->5
409;22;mission;Supply 2->2
409;22;mission;RoadWork 6->6
409;22;mission;Prospection 4->4
409;22;mission;Supply 2->2
409;22;mission;Supply 3->3
409;22;mission;Supply 3->3
409;22;mission;RoadWork 1->1
409;22;mission;Supply 2->2
409;22;mission;Prospection 5->5
409;22;mission;Supply 2->2
409;23;mission;RoadWork 6->6
409;23;mission;Prospection 4->4
409;23;mission;Supply 2->2
409;23;mission;Supply 3->3
409;23;mission;Supply 2->2
409;23;mission;Prospection 5->5
409;23;mission;Supply 3->3
409;23;mission;Supply 2->2
409;23;mission;Supply 3->3
409;23;pacte;War 4-6
409;23;mission;Prospection 4->4
409;23;mission;Prospection 6->6
409;23;expedition_guerre;4->6 guerriers=4 armes=4
409;23;bataille;4->6 victoire=True butin=42
409;23;mission;Prospection 5->5
409;23;expedition_guerre;4->6 guerriers=3 armes=3
409;24;pacte;Truce 4-6
409;24;bataille;4->6 victoire=False butin=0
409;24;mission;Supply 2->2
409;24;mission;Prospection 4->4
409;24;mission;Supply 2->2
409;24;mission;RoadWork 3->3
409;24;mission;Prospection 6->6
409;24;mission;Supply 2->2
409;24;mission;Prospection 5->5
409;24;mission;Supply 3->3
409;24;mission;RoadWork 4->4
409;24;mission;Prospection 6->6
409;25;mission;Prospection 5->5
409;25;mission;Supply 3->3
409;25;mission;Supply 3->3
409;25;mission;Supply 3->3
409;25;mission;RoadWork 4->4
409;25;mission;Prospection 5->5
409;25;mission;Supply 2->2
409;25;mission;Supply 3->3
409;25;mission;RoadWork 4->4
409;26;mission;RoadWork 1->1
409;26;mission;Prospection 5->5
409;26;mission;Evacuation 2->2
409;26;mission;Supply 3->3
409;26;mission;RoadWork 4->4
409;26;mission;Prospection 6->6
409;26;mission;RoadWork 1->1
409;26;mission;Prospection 5->5
409;26;mission;RoadWork 3->3
409;27;mission;RoadWork 2->2
409;27;mission;RoadWork 4->4
409;27;mission;Supply 3->3
409;27;mission;Prospection 6->6
409;27;mission;Prospection 5->5
409;27;mission;Prospection 4->4
409;27;mission;Prospection 6->6
409;27;mission;Prospection 5->5
409;27;mission;Prospection 3->3
409;28;mission;RoadWork 2->2
409;28;mission;RoadWork 4->4
409;28;mission;Supply 3->3
409;28;mission;Prospection 5->5
409;28;mission;RoadWork 6->6
409;28;mission;RoadWork 1->1
409;28;mission;Supply 3->3
409;28;pacte;Alliance 6-2
409;28;mission;RoadWork 2->2
409;28;mission;RoadWork 4->4
409;28;mission;RoadWork 6->6
409;28;mission;Prospection 5->5
409;28;mission;Prospection 1->1
409;28;mission;Supply 3->3
409;29;mission;Supply 3->3
409;29;mission;RoadWork 2->2
409;29;mission;Prospection 4->4
409;29;mission;Prospection 5->5
409;29;mission;RoadWork 6->6
409;29;mission;Prospection 1->1
409;29;mission;Prospection 3->3
409;29;mission;RoadWork 6->6
409;29;mission;Prospection 5->5
409;30;mission;Supply 3->3
409;30;mission;Prospection 1->1
409;30;mission;Supply 3->3
409;30;mission;Prospection 4->4
409;30;mission;RoadWork 2->2
409;30;mission;Prospection 6->6
409;30;mission;Prospection 5->5
409;30;mission;Prospection 1->1
409;30;mission;Prospection 3->3
409;30;mission;RoadWork 2->2
409;30;mission;Prospection 4->4
409;30;mission;Prospection 6->6
409;31;mission;Prospection 5->5
409;31;mission;Supply 3->3
409;31;mission;Supply 3->3
409;31;mission;Supply 3->3
409;31;mission;Prospection 4->4
409;31;mission;RoadWork 2->2
409;31;mission;Supply 3->3
409;31;mission;RoadWork 6->6
409;31;mission;RoadWork 1->1
409;31;mission;RoadWork 5->5
409;31;mission;RoadWork 2->2
409;31;mission;Supply 3->3
409;32;mission;RoadWork 2->2
409;32;mission;Supply 3->3
409;32;mission;RoadWork 6->6
409;32;mission;Supply 3->3
409;32;mission;Prospection 4->4
409;32;mission;Prospection 5->5
409;32;mission;RoadWork 2->2
409;32;mission;Prospection 6->6
409;33;mission;Prospection 4->4
409;33;mission;Prospection 3->3
409;33;mission;Prospection 5->5
409;33;mission;Supply 3->3
409;33;mission;Foundation 2->2
409;33;mission;Prospection 6->6
409;33;mission;Prospection 4->4
409;33;mission;Supply 2->2
409;33;mission;Prospection 5->5
409;34;mission;Prospection 3->3
409;34;mission;Supply 2->2
409;34;mission;Prospection 6->6
409;34;mission;RoadWork 4->4
409;34;mission;Prospection 1->1
409;34;mission;Supply 2->2
409;34;mission;Supply 3->3
409;34;mission;Prospection 5->5
409;34;mission;Supply 2->2
409;34;mission;RoadWork 6->6
409;34;mission;Supply 2->2
409;34;mission;Prospection 4->4
409;34;mission;RoadWork 5->5
409;35;mission;Supply 3->3
409;35;mission;Prospection 1->1
409;35;mission;Supply 2->2
409;35;mission;Supply 3->3
409;35;mission;Prospection 4->4
409;35;mission;Supply 2->2
409;35;mission;Prospection 1->1
409;35;mission;Prospection 5->5
409;35;mission;Prospection 3->3
409;35;mission;Supply 2->2
409;36;mission;Prospection 4->4
409;36;mission;Supply 3->3
409;36;mission;Prospection 5->5
409;36;mission;Supply 2->2
409;36;mission;Supply 3->3
409;36;mission;Prospection 4->4
409;36;mission;Prospection 5->5
409;36;mission;Prospection 3->3
409;36;mission;Supply 2->2
409;37;mission;Prospection 4->4
409;37;mission;Supply 2->2
409;37;mission;Supply 3->3
409;37;mission;Prospection 5->5
409;37;mission;Supply 3->3
409;37;mission;Prospection 2->2
409;37;mission;Prospection 4->4
409;37;mission;RoadWork 5->5
409;37;mission;Supply 3->3
409;38;mission;Supply 2->2
409;38;mission;Supply 3->3
409;38;mission;Supply 2->2
409;38;mission;Prospection 5->5
409;38;mission;Prospection 4->4
409;38;mission;Prospection 5->5
409;38;mission;Prospection 3->3
409;38;mission;Prospection 4->4
409;38;mission;Supply 2->2
409;39;mission;Supply 2->2
409;39;mission;Supply 3->3
409;39;mission;Supply 3->3
409;39;mission;Prospection 4->4
409;39;mission;Prospection 5->5
409;39;mission;Supply 2->2
409;39;mission;Prospection 3->3
409;39;mission;RoadWork 4->4
409;39;mission;Supply 3->3
409;39;mission;Prospection 5->5
409;40;mission;Supply 2->2
409;40;mission;Supply 3->3
409;40;mission;Supply 3->3
409;40;mission;Prospection 4->4
409;40;mission;Prospection 5->5
409;40;mission;Supply 2->2
409;40;mission;Prospection 4->4
409;40;mission;RoadWork 5->5
409;41;mission;Supply 2->2
409;41;mission;Supply 3->3
409;41;mission;Supply 2->2
409;41;mission;Supply 3->3
409;41;mission;Supply 2->2
409;41;mission;Prospection 4->4
409;41;mission;Prospection 5->5
409;41;mission;Prospection 4->4
409;42;mission;Supply 2->2
409;42;pacte;War 4-3
409;42;mission;Prospection 5->5
409;42;expedition_guerre;4->3 guerriers=5 armes=3
409;42;mission;Supply 3->3
409;42;mission;Supply 3->3
409;42;mission;Supply 3->3
409;42;expedition_guerre;4->3 guerriers=5 armes=3
409;42;conquete;3 Colonie elfe royaume=1
409;42;royaume_fonde;1 Royaume de Colonie orque membres=2
409;42;mission;Prospection 4->4
409;42;mission;Prospection 5->5
409;42;mission;Prospection 2->2
409;42;mission;Supply 2->2
409;43;mission;Prospection 4->4
409;43;mission;Supply 2->2
409;43;mission;Prospection 5->5
409;43;mission;Prospection 4->4
409;43;mission;Prospection 2->2
409;43;royaume_roi;1 Royaume de Colonie orque roi=354
409;43;mission;Supply 2->2
409;44;mission;RoadWork 5->5
409;44;mission;Prospection 4->4
409;44;mission;Supply 2->2
409;44;mission;Prospection 5->5
409;44;royaume_roi;1 Royaume de Colonie orque roi=158
409;44;mission;Prospection 4->4
409;44;mission;Supply 2->2
409;45;mission;Prospection 5->5
409;45;mission;Prospection 4->4
409;45;mission;Prospection 6->6
409;45;mission;Supply 2->2
409;45;mission;Prospection 5->5
409;45;mission;Supply 2->2
409;45;mission;Prospection 6->6
409;46;mission;Prospection 4->4
409;46;mission;Supply 2->2
409;46;mission;Prospection 1->1
409;46;mission;Prospection 5->5
409;46;mission;Supply 2->2
409;46;mission;Prospection 4->4
409;46;mission;Supply 2->2
409;47;mission;Prospection 4->4
409;47;mission;Supply 2->2
409;47;mission;Prospection 5->5
409;47;mission;Supply 2->2
409;47;mission;Prospection 4->4
409;48;mission;Prospection 5->5
409;48;mission;Supply 2->2
409;48;mission;Supply 2->2
409;48;mission;Prospection 4->4
409;48;mission;RoadWork 6->6
409;48;royaume_roi;1 Royaume de Colonie orque roi=31
409;48;mission;Supply 2->2
409;48;mission;Supply 2->2
409;48;mission;Prospection 4->4
409;49;mission;Supply 2->2
409;49;mission;Prospection 5->5
409;49;mission;Supply 2->2
409;49;mission;Prospection 4->4
409;49;mission;Prospection 5->5
409;49;mission;RoadWork 2->2
409;50;mission;Supply 2->2
409;50;mission;Prospection 4->4
409;50;mission;Prospection 5->5
409;50;mission;Supply 2->2
409;50;mission;Prospection 4->4
409;50;mission;Prospection 5->5
409;51;mission;Supply 2->2
409;51;mission;Prospection 4->4
409;51;mission;Supply 2->2
409;51;mission;Prospection 6->6
409;51;mission;Supply 2->2
409;51;royaume_roi;1 Royaume de Colonie orque roi=163
409;51;mission;Prospection 5->5
409;51;mission;Supply 2->2
409;51;mission;Prospection 4->4
409;51;mission;Supply 2->2
409;51;mission;Prospection 6->6
409;52;mission;Prospection 1->1
409;52;mission;Supply 2->2
409;52;mission;Prospection 4->4
409;52;mission;Supply 2->2
409;52;mission;Prospection 5->5
409;52;mission;Prospection 6->6
409;52;mission;Supply 2->2
409;52;mission;Prospection 5->5
409;52;mission;Supply 2->2
409;52;mission;Prospection 4->4
409;52;mission;Prospection 6->6
409;53;mission;Supply 2->2
409;53;mission;Supply 2->2
409;53;mission;Prospection 4->4
409;53;mission;Prospection 5->5
409;53;mission;Prospection 6->6
409;53;mission;Prospection 4->4
409;54;mission;Supply 2->2
409;54;mission;Prospection 5->5
409;54;mission;Prospection 4->4
409;54;mission;Foundation 2->2
409;54;mission;Supply 2->2
409;55;mission;Prospection 5->5
409;55;mission;Prospection 4->4
409;55;mission;Supply 2->2
409;55;royaume_roi;1 Royaume de Colonie orque roi=434
409;55;mission;Prospection 4->4
409;55;mission;Supply 2->2
409;55;mission;RoadWork 5->5
409;56;mission;Supply 2->2
409;56;mission;Prospection 5->5
409;56;mission;Supply 2->2
409;56;mission;Prospection 4->4
409;56;mission;Prospection 5->5
409;56;mission;Prospection 1->1
409;57;mission;Prospection 4->4
409;57;mission;Supply 2->2
409;57;mission;Prospection 5->5
409;57;mission;Supply 2->2
409;57;mission;Prospection 4->4
409;57;mission;Prospection 5->5
409;58;mission;RoadWork 2->2
409;58;mission;Prospection 4->4
409;58;mission;Prospection 1->1
409;58;mission;Supply 2->2
409;58;mission;Supply 2->2
409;58;mission;Prospection 5->5
409;58;mission;Prospection 4->4
409;59;mission;Prospection 5->5
409;59;mission;Prospection 4->4
409;59;mission;Prospection 2->2
409;59;mission;Prospection 1->1
409;59;royaume_roi;1 Royaume de Colonie orque roi=444
409;59;mission;Prospection 2->2
409;59;mission;Prospection 4->4
409;59;mission;Supply 2->2
409;60;mission;Supply 2->2
409;60;mission;Prospection 1->1
409;60;mission;Prospection 4->4
409;60;mission;Supply 2->2
409;60;mission;Prospection 1->1
409;60;mission;Prospection 4->4
409;60;mission;Supply 2->2
409;61;mission;Prospection 4->4
409;61;mission;Supply 2->2
409;61;mission;Supply 3->3
409;62;mission;Supply 2->2
409;62;mission;Prospection 4->4
409;62;mission;Supply 2->2
409;62;mission;Supply 2->2
409;62;mission;Supply 2->2
409;62;mission;Prospection 5->5
409;62;mission;Prospection 4->4
409;62;mission;Supply 2->2
409;63;mission;Prospection 4->4
409;63;mission;Prospection 5->5
409;63;mission;Prospection 2->2
409;64;mission;RoadWork 2->2
409;64;mission;Prospection 4->4
409;64;mission;Prospection 5->5
409;64;mission;Foundation 2->2
409;64;mission;Supply 2->2
409;64;mission;Prospection 4->4
409;64;mission;Supply 2->2
409;65;mission;Prospection 5->5
409;65;mission;Prospection 4->4
409;65;mission;Supply 2->2
409;65;mission;Supply 2->2
409;65;mission;Supply 2->2
409;65;mission;Prospection 4->4
409;65;mission;Prospection 5->5
409;66;mission;Supply 2->2
409;66;mission;Supply 2->2
409;66;mission;Prospection 4->4
409;66;mission;Prospection 5->5
409;66;mission;Supply 2->2
409;67;mission;Prospection 4->4
409;67;mission;Prospection 5->5
409;67;mission;Supply 2->2
409;67;mission;Supply 2->2
409;67;mission;Prospection 4->4
409;67;mission;Prospection 5->5
409;67;mission;Supply 2->2
409;68;mission;Supply 2->2
409;68;mission;Prospection 5->5
409;68;mission;Prospection 4->4
409;68;mission;Supply 2->2
409;68;mission;Prospection 4->4
409;68;mission;Prospection 5->5
409;68;mission;RoadWork 2->2
409;69;mission;Supply 3->3
409;69;mission;Prospection 4->4
409;69;mission;Prospection 5->5
409;69;mission;Supply 3->3
409;69;mission;Supply 2->2
409;69;mission;Supply 2->2
409;69;mission;Prospection 4->4
409;69;mission;Prospection 5->5
409;69;mission;Supply 3->3
409;70;mission;Supply 3->3
409;70;mission;Supply 2->2
409;70;mission;Supply 3->3
409;70;mission;Prospection 4->4
409;70;mission;Supply 3->3
409;70;mission;Prospection 5->5
409;70;mission;Supply 2->2
409;70;mission;Supply 3->3
409;70;mission;Prospection 4->4
409;71;mission;Prospection 2->2
409;71;mission;Prospection 5->5
409;71;mission;Supply 2->2
409;71;mission;Prospection 4->4
409;71;mission;Prospection 5->5
409;72;mission;Supply 2->2
409;72;mission;Supply 3->3
409;72;mission;Supply 3->3
409;72;mission;Prospection 4->4
409;72;mission;Prospection 5->5
409;72;mission;Supply 2->2
409;72;mission;Prospection 2->2
409;72;mission;Prospection 5->5
409;73;mission;Supply 2->2
409;73;mission;Prospection 4->4
409;73;mission;Supply 2->2
409;73;mission;Supply 2->2
409;73;mission;Prospection 5->5
409;73;mission;Prospection 4->4
409;73;mission;Supply 3->3
409;73;mission;Supply 3->3
409;73;mission;Supply 3->3
409;73;mission;Supply 3->3
409;73;mission;Prospection 2->2
409;73;mission;Prospection 5->5
409;74;mission;Prospection 4->4
409;74;mission;Supply 3->3
409;74;mission;Supply 2->2
409;74;mission;Supply 2->2
409;74;mission;Supply 2->2
409;74;mission;Prospection 5->5
409;74;mission;Supply 3->3
409;74;mission;Prospection 4->4
409;75;mission;Supply 3->3
409;75;mission;Prospection 2->2
409;75;mission;Supply 3->3
409;75;mission;Prospection 5->5
409;75;mission;Supply 3->3
409;75;mission;Supply 4->4
409;75;mission;Supply 3->3
409;75;mission;Supply 4->4
409;75;mission;Supply 3->3
409;75;mission;Supply 4->4
409;75;royaume_roi;1 Royaume de Colonie orque roi=163
409;75;mission;Supply 4->4
409;75;mission;Supply 4->4
409;75;mission;Prospection 2->2
409;75;mission;Prospection 5->5
409;75;mission;Supply 3->3
409;75;mission;Supply 3->3
409;75;mission;Supply 4->4
409;75;mission;Supply 4->4
409;76;mission;Supply 3->3
409;76;mission;Prospection 2->2
409;76;mission;Supply 3->3
409;76;mission;Supply 3->3
409;76;mission;Supply 3->3
409;76;mission;Supply 3->3
409;76;mission;Supply 3->3
409;76;mission;Supply 2->2
409;76;mission;Prospection 4->4
409;76;mission;Supply 3->3
409;76;mission;Prospection 5->5
409;76;mission;Supply 3->3
409;76;mission;Supply 4->4
409;77;mission;Supply 4->4
409;77;mission;Supply 2->2
409;77;mission;Supply 4->4
409;77;mission;Supply 3->3
409;77;mission;Supply 3->3
409;77;mission;Supply 3->3
409;77;mission;Supply 3->3
409;77;mission;Prospection 5->5
409;77;mission;Supply 4->4
409;77;mission;Supply 4->4
409;77;mission;Prospection 2->2
409;78;mission;Prospection 5->5
409;78;mission;Supply 3->3
409;78;mission;Supply 4->4
409;78;mission;Supply 3->3
409;78;mission;Supply 4->4
409;78;mission;Supply 3->3
409;78;mission;Supply 4->4
409;78;mission;Supply 2->2
409;78;mission;Supply 3->3
409;78;mission;Supply 4->4
409;78;mission;Supply 4->4
409;78;mission;Supply 4->4
409;78;mission;Supply 4->4
409;78;mission;Supply 3->3
409;78;mission;Supply 4->4
409;78;mission;Prospection 5->5
409;78;mission;Prospection 2->2
409;78;mission;Supply 3->3
409;78;mission;Supply 3->3
409;78;mission;Supply 3->3
409;78;mission;Supply 3->3
409;78;mission;Supply 4->4
409;79;mission;Supply 2->2
409;79;mission;Supply 4->4
409;79;mission;Prospection 5->5
409;79;mission;Supply 3->3
409;79;mission;Supply 4->4
409;79;mission;Supply 2->2
409;79;royaume_roi;1 Royaume de Colonie orque roi=444
409;79;mission;Supply 4->4
409;79;mission;Supply 3->3
409;79;mission;Supply 4->4
409;79;mission;Prospection 5->5
409;79;mission;Supply 3->3
409;79;mission;Supply 4->4
409;79;mission;Supply 3->3
409;79;mission;Supply 4->4
409;79;mission;Supply 4->4
409;80;mission;Supply 3->3
409;80;mission;Supply 2->2
409;80;mission;Supply 4->4
409;80;mission;Supply 4->4
409;80;mission;Supply 4->4
409;80;mission;Supply 2->2
409;80;mission;Supply 4->4
409;80;mission;Supply 3->3
409;80;mission;Supply 4->4
409;80;mission;Supply 3->3
409;80;mission;Supply 3->3
409;80;mission;Supply 4->4
409;80;mission;Supply 4->4
409;80;mission;Prospection 2->2
409;80;mission;Supply 4->4
409;81;mission;Supply 3->3
409;81;mission;Supply 3->3
409;81;mission;Supply 3->3
409;81;mission;Supply 3->3
409;81;mission;Supply 3->3
409;81;mission;Supply 4->4
409;81;mission;Supply 3->3
409;81;mission;Supply 2->2
409;81;mission;Supply 3->3
409;81;mission;Supply 3->3
409;81;mission;Supply 3->3
409;81;mission;Prospection 4->4
409;81;mission;Supply 3->3
409;82;mission;Prospection 2->2
409;82;mission;Supply 3->3
409;82;mission;Supply 3->3
409;82;mission;Supply 3->3
409;82;mission;Supply 2->2
409;82;mission;Foundation 4->4
409;82;mission;Supply 4->4
409;83;mission;Supply 4->4
409;83;mission;RoadWork 2->2
409;83;mission;Supply 4->4
409;83;mission;Supply 4->4
409;83;mission;Supply 4->4
409;83;royaume_roi;1 Royaume de Colonie orque roi=163
409;83;mission;Prospection 2->2
409;83;mission;Supply 4->4
409;83;mission;Supply 3->3
409;84;mission;Prospection 2->2
409;84;mission;Supply 3->3
409;84;mission;Supply 3->3
409;84;mission;Supply 4->4
409;84;mission;Supply 3->3
409;84;mission;Supply 3->3
409;84;mission;Supply 3->3
409;84;mission;Supply 2->2
409;84;mission;Supply 3->3
409;84;mission;Supply 4->4
409;84;mission;Supply 3->3
409;84;mission;Supply 4->4
409;84;mission;Supply 3->3
409;84;mission;Supply 3->3
409;84;mission;Supply 4->4
409;84;mission;Supply 3->3
409;84;mission;Supply 3->3
409;85;mission;Supply 3->3
409;85;mission;Prospection 2->2
409;85;mission;Supply 3->3
409;85;mission;Supply 4->4
409;85;mission;Supply 4->4
409;85;mission;Supply 4->4
409;85;royaume_roi;1 Royaume de Colonie orque roi=444
409;85;mission;Supply 2->2
409;85;mission;Supply 4->4
409;85;mission;Prospection 2->2
409;86;mission;Supply 4->4
409;86;mission;Supply 4->4
409;86;mission;Supply 2->2
409;86;mission;Supply 4->4
409;86;mission;Supply 4->4
409;86;mission;Supply 2->2
409;87;mission;RoadWork 4->4
409;87;mission;Supply 2->2
409;87;mission;Supply 4->4
409;88;mission;Supply 2->2
409;88;royaume_roi;1 Royaume de Colonie orque roi=460
409;88;mission;Prospection 5->5
409;88;mission;Prospection 4->4
409;88;mission;Prospection 2->2
409;88;mission;Supply 4->4
409;88;mission;Prospection 5->5
409;89;mission;Supply 4->4
409;89;mission;Supply 2->2
409;89;mission;Supply 4->4
409;89;mission;Prospection 5->5
409;89;mission;Prospection 2->2
409;89;mission;Supply 4->4
409;89;mission;Supply 4->4
409;90;mission;Supply 4->4
409;90;mission;Supply 4->4
409;90;mission;Prospection 5->5
409;90;mission;Prospection 2->2
409;90;mission;Supply 4->4
409;90;mission;Supply 4->4
409;90;mission;Prospection 5->5
409;90;mission;Prospection 4->4
409;91;mission;Supply 4->4
409;91;mission;Prospection 2->2
409;91;mission;Supply 4->4
409;91;mission;Prospection 5->5
409;91;mission;Supply 4->4
409;91;mission;Supply 4->4
409;91;mission;Supply 4->4
409;91;mission;Prospection 5->5
409;91;mission;RoadWork 2->2
409;92;mission;Supply 4->4
409;92;mission;Prospection 5->5
409;92;mission;Prospection 2->2
409;92;mission;Prospection 5->5
409;92;mission;Supply 4->4
409;92;mission;Prospection 2->2
409;93;mission;Supply 4->4
409;93;mission;Supply 4->4
409;93;mission;Prospection 5->5
409;93;mission;Supply 4->4
409;93;mission;Prospection 2->2
409;93;mission;Prospection 5->5
409;94;mission;Prospection 2->2
409;94;mission;Supply 4->4
409;94;mission;Supply 4->4
409;94;mission;Supply 4->4
409;94;mission;Prospection 2->2
409;94;mission;Prospection 5->5
409;94;mission;RoadWork 4->4
409;95;mission;Supply 2->2
409;95;mission;Supply 4->4
409;95;mission;Supply 4->4
409;95;mission;Supply 4->4
409;95;mission;Prospection 5->5
409;95;mission;Supply 4->4
409;95;mission;Supply 4->4
409;95;mission;Prospection 2->2
409;95;mission;Prospection 5->5
409;96;mission;Prospection 2->2
409;96;mission;Prospection 4->4
409;96;mission;Prospection 5->5
409;96;mission;Prospection 2->2
409;96;mission;Prospection 4->4
409;96;mission;Supply 2->2
409;97;mission;Prospection 5->5
409;97;mission;Prospection 4->4
409;97;mission;Prospection 5->5
409;97;mission;Prospection 2->2
409;98;mission;Supply 2->2
409;98;mission;Prospection 4->4
409;98;mission;Prospection 5->5
409;98;mission;Supply 2->2
409;98;mission;Prospection 4->4
409;98;mission;Supply 2->2
409;99;mission;Prospection 4->4
409;99;mission;Supply 2->2
409;99;mission;Supply 2->2
409;99;mission;Prospection 4->4
409;100;mission;Supply 2->2
409;100;mission;Prospection 4->4
409;100;mission;Supply 2->2
409;100;mission;Supply 2->2
409;100;mission;Prospection 4->4
409;100;mission;Prospection 2->2
410;1;colonie_nee;1 Première colonie (Humains) mere=0
410;1;colonie_nee;2 Colonie naine (Nains) mere=0
410;1;colonie_nee;3 Colonie elfe (Elfes) mere=0
410;1;colonie_nee;4 Colonie orque (Orques) mere=0
410;1;colonie_nee;5 Colonie humaine (Humains) mere=0
410;1;colonie_nee;6 Colonie naine (Nains) mere=0
410;1;mission;Prospection 3->3
410;1;mission;Prospection 5->5
410;2;mission;Prospection 4->4
410;2;mission;Prospection 1->1
410;2;mission;Prospection 3->3
410;2;mission;Prospection 6->6
410;2;mission;Prospection 5->5
410;2;mission;Prospection 1->1
410;2;mission;Prospection 2->2
410;2;mission;Prospection 4->4
410;2;mission;Prospection 3->3
410;2;mission;Prospection 6->6
410;3;mission;Prospection 5->5
410;3;mission;Prospection 1->1
410;3;mission;Prospection 6->6
410;3;mission;Prospection 1->1
410;3;mission;Prospection 3->3
410;3;mission;Prospection 5->5
410;3;mission;Prospection 6->6
410;3;mission;Prospection 2->2
410;4;mission;Prospection 1->1
410;4;mission;Prospection 6->6
410;4;mission;Prospection 2->2
410;4;mission;Prospection 3->3
410;4;mission;Prospection 6->6
410;5;mission;Prospection 2->2
410;5;mission;RoadWork 3->3
410;5;mission;RoadWork 1->1
410;5;mission;RoadWork 2->2
410;5;mission;Prospection 6->6
410;6;mission;RoadWork 2->2
410;6;mission;Prospection 6->6
410;6;mission;RoadWork 3->3
410;6;mission;Prospection 1->1
410;6;mission;Prospection 6->6
410;6;mission;RoadWork 2->2
410;7;mission;RoadWork 2->2
410;7;mission;RoadWork 3->3
410;7;mission;Prospection 6->6
410;7;mission;Prospection 1->1
410;7;mission;RoadWork 2->2
410;8;mission;Prospection 1->1
410;8;mission;RoadWork 3->3
410;8;mission;Prospection 6->6
410;8;mission;RoadWork 2->2
410;8;mission;Prospection 3->3
410;8;mission;Prospection 6->6
410;8;mission;Prospection 1->1
410;8;mission;RoadWork 2->2
410;9;pacte;Alliance 2-6
410;9;mission;RoadWork 1->1
410;9;mission;Prospection 6->6
410;9;mission;RoadWork 2->2
410;9;mission;RoadWork 1->1
410;9;mission;Prospection 3->3
410;9;mission;Prospection 6->6
410;10;mission;RoadWork 1->1
410;10;mission;RoadWork 2->2
410;10;mission;RoadWork 6->6
410;10;mission;Prospection 3->3
410;10;mission;RoadWork 2->2
410;10;mission;RoadWork 6->6
410;10;mission;RoadWork 1->1
410;11;pacte;War 4-5
410;11;mission;RoadWork 2->2
410;11;expedition_guerre;4->5 guerriers=2 armes=2
410;11;mission;Prospection 3->3
410;11;mission;RoadWork 1->1
410;11;expedition_guerre;4->5 guerriers=2 armes=2
410;11;conquete;5 Colonie humaine royaume=1
410;11;royaume_fonde;1 Royaume de Colonie orque membres=2
410;11;mission;RoadWork 6->6
410;11;mission;RoadWork 2->2
410;11;mission;Prospection 3->3
410;12;mission;RoadWork 1->1
410;12;mission;Prospection 3->3
410;12;mission;RoadWork 2->2
410;12;mission;RoadWork 1->1
410;12;mission;RoadWork 6->6
410;13;mission;RoadWork 2->2
410;13;mission;Prospection 3->3
410;13;mission;RoadWork 1->1
410;13;mission;RoadWork 6->6
410;13;mission;RoadWork 1->1
410;13;mission;Prospection 3->3
410;13;mission;RoadWork 6->6
410;13;mission;Supply 2->2
410;14;mission;RoadWork 1->1
410;14;mission;Supply 2->2
410;14;mission;Supply 2->2
410;14;mission;Prospection 6->6
410;14;mission;RoadWork 1->1
410;14;mission;Supply 2->2
410;14;mission;Prospection 3->3
410;15;royaume_roi;1 Royaume de Colonie orque roi=89
410;15;mission;RoadWork 6->6
410;15;mission;Supply 2->2
410;15;mission;RoadWork 1->1
410;15;mission;Prospection 3->3
410;15;royaume_roi;1 Royaume de Colonie orque roi=134
410;15;mission;Prospection 4->4
410;15;mission;RoadWork 2->2
410;15;mission;RoadWork 6->6
410;15;mission;RoadWork 1->1
410;16;mission;Supply 2->2
410;16;mission;Prospection 3->3
410;16;mission;RoadWork 4->4
410;16;mission;Supply 2->2
410;16;mission;Supply 2->2
410;16;mission;RoadWork 6->6
410;16;mission;RoadWork 1->1
410;16;mission;Prospection 3->3
410;16;mission;Supply 2->2
410;16;mission;Prospection 4->4
410;17;mission;RoadWork 6->6
410;17;mission;RoadWork 1->1
410;17;mission;Supply 2->2
410;17;mission;Prospection 3->3
410;17;mission;Supply 2->2
410;17;mission;Prospection 1->1
410;17;mission;Prospection 4->4
410;17;mission;Prospection 6->6
410;17;mission;Prospection 2->2
410;18;mission;Foundation 3->3
410;18;mission;Supply 3->3
410;18;mission;Supply 2->2
410;18;mission;Prospection 1->1
410;18;mission;Supply 2->2
410;18;mission;Supply 3->3
410;18;mission;RoadWork 6->6
410;18;mission;Supply 3->3
410;18;mission;Prospection 4->4
410;18;mission;Supply 2->2
410;18;mission;Supply 3->3
410;18;mission;Supply 3->3
410;18;mission;RoadWork 1->1
410;18;mission;RoadWork 6->6
410;19;mission;Supply 2->2
410;19;mission;Supply 3->3
410;19;mission;Supply 2->2
410;19;mission;Prospection 1->1
410;19;mission;RoadWork 4->4
410;19;mission;Supply 6->6
410;19;royaume_roi;1 Royaume de Colonie orque roi=159
410;19;mission;Foundation 3->3
410;19;mission;Supply 3->3
410;19;mission;Prospection 2->2
410;19;mission;Supply 3->3
410;19;mission;Supply 6->6
410;19;mission;Prospection 1->1
410;20;mission;Supply 2->2
410;20;mission;Supply 3->3
410;20;mission;Supply 3->3
410;20;mission;Supply 3->3
410;20;mission;Supply 6->6
410;20;mission;Supply 3->3
410;20;mission;RoadWork 4->4
410;20;mission;Supply 2->2
410;20;mission;Supply 3->3
410;20;mission;Prospection 1->1
410;20;mission;Supply 3->3
410;20;mission;Supply 3->3
410;20;mission;Supply 6->6
410;20;mission;Prospection 2->2
410;20;mission;Supply 6->6
410;21;mission;Prospection 1->1
410;21;mission;Supply 6->6
410;21;royaume_roi;1 Royaume de Colonie orque roi=184
410;21;mission;Supply 3->3
410;21;mission;Supply 2->2
410;21;mission;Supply 3->3
410;21;mission;Supply 3->3
410;21;mission;Supply 6->6
410;21;mission;Supply 3->3
410;21;mission;Prospection 4->4
410;21;mission;Supply 6->6
410;21;mission;Supply 3->3
410;21;mission;RoadWork 1->1
410;21;mission;Supply 6->6
410;21;mission;Prospection 2->2
410;22;mission;Supply 3->3
410;22;mission;Supply 6->6
410;22;mission;Supply 2->2
410;22;mission;Supply 3->3
410;22;mission;Supply 6->6
410;22;mission;RoadWork 4->4
410;22;mission;Prospection 1->1
410;22;mission;Supply 2->2
410;22;mission;Supply 3->3
410;22;mission;Supply 3->3
410;22;mission;Supply 6->6
410;22;mission;Supply 6->6
410;22;mission;Supply 3->3
410;22;mission;RoadWork 4->4
410;22;mission;Prospection 1->1
410;22;mission;Supply 6->6
410;23;mission;Supply 2->2
410;23;mission;Supply 3->3
410;23;mission;Supply 2->2
410;23;mission;Supply 2->2
410;23;mission;Supply 3->3
410;23;mission;Supply 6->6
410;23;mission;Prospection 1->1
410;23;mission;Supply 3->3
410;23;mission;Supply 2->2
410;23;mission;Supply 3->3
410;23;mission;Supply 6->6
410;23;mission;Supply 2->2
410;23;mission;Supply 2->2
410;23;mission;Supply 3->3
410;23;mission;Prospection 4->4
410;23;mission;Supply 6->6
410;23;royaume_roi;1 Royaume de Colonie orque roi=231
410;23;mission;Supply 2->2
410;23;mission;Prospection 1->1
410;23;mission;Supply 2->2
410;23;mission;Supply 2->2
410;23;mission;Supply 2->2
410;23;mission;Supply 3->3
410;23;mission;Supply 6->6
410;24;royaume_roi;1 Royaume de Colonie orque roi=258
410;24;mission;Supply 2->2
410;24;mission;Supply 2->2
410;24;mission;Supply 3->3
410;24;mission;Supply 2->2
410;24;mission;Supply 3->3
410;24;mission;Supply 3->3
410;24;mission;Supply 6->6
410;24;mission;Supply 2->2
410;24;mission;Supply 2->2
410;24;mission;Supply 3->3
410;24;mission;RoadWork 4->4
410;24;mission;Supply 6->6
410;24;mission;Supply 2->2
410;24;mission;Supply 6->6
410;24;mission;Prospection 1->1
410;24;mission;Supply 2->2
410;24;mission;Supply 3->3
410;24;mission;Supply 2->2
410;24;mission;Supply 2->2
410;25;mission;Supply 2->2
410;25;mission;Prospection 4->4
410;25;mission;Supply 6->6
410;25;mission;Supply 2->2
410;25;mission;Supply 2->2
410;25;mission;Prospection 1->1
410;25;mission;Supply 3->3
410;25;mission;Supply 2->2
410;25;mission;Supply 3->3
410;25;mission;Supply 2->2
410;25;mission;Supply 2->2
410;25;mission;Supply 2->2
410;25;mission;Supply 2->2
410;25;mission;Prospection 4->4
410;25;royaume_roi;1 Royaume de Colonie orque roi=218
410;25;mission;Supply 2->2
410;25;mission;Prospection 1->1
410;25;mission;Supply 3->3
410;25;mission;Supply 6->6
410;25;mission;Supply 2->2
410;25;mission;Supply 3->3
410;25;mission;Supply 2->2
410;26;mission;Supply 2->2
410;26;mission;Supply 3->3
410;26;mission;Supply 2->2
410;26;mission;Prospection 4->4
410;26;mission;Supply 2->2
410;26;mission;Supply 3->3
410;26;mission;Supply 2->2
410;26;mission;Prospection 1->1
410;26;mission;Supply 2->2
410;26;mission;Supply 3->3
410;26;mission;Supply 2->2
410;26;mission;Supply 2->2
410;26;mission;Supply 6->6
410;26;mission;Supply 2->2
410;26;mission;Supply 3->3
410;26;mission;Supply 2->2
410;26;mission;Supply 2->2
410;26;mission;Supply 2->2
410;26;mission;Supply 6->6
410;26;mission;Prospection 1->1
410;26;mission;Supply 2->2
410;26;mission;Prospection 4->4
410;26;mission;Supply 6->6
410;27;mission;Supply 2->2
410;27;mission;Supply 3->3
410;27;mission;Supply 2->2
410;27;mission;Supply 2->2
410;27;mission;Supply 3->3
410;27;mission;Supply 2->2
410;27;mission;Supply 2->2
410;27;mission;Supply 3->3
410;27;mission;Supply 3->3
410;27;mission;Supply 3->3
410;27;mission;Prospection 1->1
410;27;mission;Supply 2->2
410;27;royaume_roi;1 Royaume de Colonie orque roi=225
410;27;mission;Supply 2->2
410;27;mission;Supply 3->3
410;27;mission;Supply 2->2
410;27;royaume_roi;1 Royaume de Colonie orque roi=251
410;27;mission;Supply 3->3
410;27;mission;RoadWork 5->5
410;27;mission;Prospection 4->4
410;27;mission;RoadWork 6->6
410;27;mission;Supply 2->2
410;27;mission;Supply 6->6
410;27;mission;Supply 2->2
410;27;mission;Supply 3->3
410;28;mission;Prospection 1->1
410;28;mission;Supply 3->3
410;28;mission;Supply 6->6
410;28;mission;Supply 2->2
410;28;mission;Supply 3->3
410;28;mission;Supply 2->2
410;28;mission;Supply 2->2
410;28;mission;Supply 2->2
410;28;mission;Supply 6->6
410;28;mission;Supply 2->2
410;28;mission;Supply 2->2
410;28;mission;Supply 3->3
410;28;mission;Supply 2->2
410;28;mission;Supply 2->2
410;28;mission;Supply 3->3
410;28;mission;Supply 6->6
410;28;mission;Supply 2->2
410;28;mission;Supply 3->3
410;28;mission;Supply 2->2
410;28;mission;RoadWork 4->4
410;28;mission;Prospection 1->1
410;28;mission;Supply 2->2
410;28;mission;Supply 2->2
410;29;mission;Supply 2->2
410;29;mission;Supply 6->6
410;29;mission;Supply 2->2
410;29;mission;Supply 3->3
410;29;royaume_roi;1 Royaume de Colonie orque roi=264
410;29;mission;Supply 2->2
410;29;mission;Supply 2->2
410;29;mission;Supply 2->2
410;29;mission;Supply 2->2
410;29;mission;Supply 2->2
410;29;mission;Prospection 1->1
410;29;mission;Supply 2->2
410;29;mission;Supply 3->3
410;29;mission;Supply 2->2
410;29;mission;Supply 6->6
410;29;mission;Supply 2->2
410;29;mission;Supply 3->3
410;29;mission;Supply 3->3
410;29;mission;Prospection 4->4
410;29;mission;Supply 2->2
410;29;mission;Supply 2->2
410;29;mission;Supply 6->6
410;29;mission;Supply 3->3
410;30;mission;Supply 6->6
410;30;royaume_roi;1 Royaume de Colonie orque roi=277
410;30;mission;Supply 2->2
410;30;mission;Supply 3->3
410;30;mission;RoadWork 4->4
410;30;mission;Supply 6->6
410;30;mission;Supply 3->3
410;30;mission;Supply 2->2
410;30;mission;Supply 3->3
410;30;mission;Supply 6->6
410;30;mission;Supply 3->3
410;30;mission;Supply 6->6
410;30;mission;Supply 2->2
410;30;mission;Prospection 1->1
410;30;mission;Supply 2->2
410;30;mission;Prospection 4->4
410;30;mission;Supply 3->3
410;30;mission;Supply 6->6
410;30;mission;Supply 2->2
410;30;mission;Supply 3->3
410;31;mission;Supply 6->6
410;31;mission;Supply 3->3
410;31;mission;Supply 6->6
410;31;mission;Prospection 1->1
410;31;mission;Supply 3->3
410;31;mission;Supply 2->2
410;31;mission;RoadWork 4->4
410;31;mission;Supply 6->6
410;31;mission;Supply 3->3
410;31;mission;Supply 6->6
410;31;mission;Prospection 1->1
410;32;royaume_roi;1 Royaume de Colonie orque roi=299
410;32;mission;Supply 2->2
410;32;mission;Supply 6->6
410;32;pacte;Alliance 1-5
410;32;mission;Supply 3->3
410;32;mission;RoadWork 4->4
410;32;mission;Supply 6->6
410;32;mission;Supply 3->3
410;32;mission;Supply 6->6
410;32;mission;Supply 2->2
410;32;mission;Supply 3->3
410;32;mission;Supply 3->3
410;32;mission;Prospection 1->1
410;32;mission;Supply 3->3
410;32;mission;RoadWork 4->4
410;32;mission;RoadWork 6->6
410;32;mission;Prospection 2->2
410;32;mission;Supply 3->3
410;33;mission;Supply 2->2
410;33;mission;Supply 3->3
410;33;mission;RoadWork 4->4
410;33;mission;Supply 6->6
410;33;mission;Supply 3->3
410;33;mission;Supply 6->6
410;33;mission;Prospection 1->1
410;33;mission;Supply 2->2
410;33;mission;Supply 3->3
410;33;mission;Supply 3->3
410;33;mission;Supply 2->2
410;33;mission;Supply 3->3
410;33;mission;RoadWork 4->4
410;33;mission;Prospection 1->1
410;33;mission;RoadWork 6->6
410;34;mission;Supply 2->2
410;34;mission;Supply 3->3
410;34;mission;Supply 2->2
410;34;mission;Supply 3->3
410;34;mission;Supply 6->6
410;34;mission;Prospection 1->1
410;34;mission;Supply 2->2
410;34;mission;Supply 6->6
410;34;royaume_roi;1 Royaume de Colonie orque roi=356
410;34;mission;Supply 2->2
410;34;mission;Supply 3->3
410;34;mission;Supply 6->6
410;34;mission;Prospection 1->1
410;34;mission;Supply 3->3
410;35;mission;Supply 6->6
410;35;mission;Supply 3->3
410;35;mission;Supply 2->2
410;35;mission;Supply 3->3
410;35;mission;Supply 6->6
410;35;mission;Supply 2->2
410;35;mission;Supply 3->3
410;35;mission;Supply 2->2
410;35;mission;Supply 6->6
410;35;mission;Supply 3->3
410;35;mission;Supply 1->1
410;35;mission;Supply 6->6
410;35;mission;Supply 1->1
410;35;mission;Supply 1->1
410;35;mission;Supply 1->1
410;35;mission;Supply 2->2
410;35;mission;Supply 3->3
410;36;mission;Supply 1->1
410;36;mission;Supply 1->1
410;36;mission;Supply 3->3
410;36;mission;Supply 6->6
410;36;mission;Supply 2->2
410;36;mission;Supply 1->1
410;36;mission;Supply 3->3
410;36;mission;Supply 6->6
410;36;mission;Supply 6->6
410;36;mission;Supply 1->1
410;36;mission;Supply 3->3
410;36;mission;Supply 2->2
410;36;mission;Supply 6->6
410;36;mission;Supply 1->1
410;36;mission;Supply 6->6
410;36;mission;Supply 3->3
410;36;mission;Supply 3->3
410;36;mission;Supply 6->6
410;36;mission;Supply 6->6
410;36;mission;Supply 1->1
410;36;mission;Supply 3->3
410;37;mission;Supply 2->2
410;37;mission;Supply 3->3
410;37;mission;Supply 2->2
410;37;mission;Supply 3->3
410;37;mission;Supply 6->6
410;37;mission;Supply 3->3
410;37;mission;Supply 6->6
410;37;mission;Supply 2->2
410;37;mission;Supply 3->3
410;37;mission;Supply 6->6
410;37;mission;Supply 6->6
410;37;mission;Prospection 1->1
410;37;mission;Supply 3->3
410;37;mission;Prospection 2->2
410;37;mission;Supply 3->3
410;37;mission;Supply 1->1
410;37;mission;Supply 1->1
410;37;mission;Supply 3->3
410;37;mission;Supply 6->6
410;38;mission;Supply 2->2
410;38;mission;Supply 3->3
410;38;royaume_roi;1 Royaume de Colonie orque roi=396
410;38;mission;Supply 1->1
410;38;mission;Supply 1->1
410;38;mission;Supply 6->6
410;38;mission;Supply 1->1
410;38;mission;Supply 2->2
410;38;mission;Supply 3->3
410;38;mission;Supply 2->2
410;38;mission;Supply 6->6
410;38;mission;Supply 1->1
410;38;mission;Supply 6->6
410;38;mission;Supply 1->1
410;38;mission;Supply 3->3
410;38;mission;Supply 6->6
410;38;royaume_roi;1 Royaume de Colonie orque roi=361
410;38;mission;Supply 3->3
410;38;mission;Supply 1->1
410;38;mission;Supply 2->2
410;38;mission;Supply 3->3
410;38;mission;Supply 1->1
410;39;mission;Supply 1->1
410;39;mission;Supply 2->2
410;39;mission;Supply 3->3
410;39;mission;Supply 1->1
410;39;mission;Supply 2->2
410;39;mission;Supply 6->6
410;39;royaume_roi;1 Royaume de Colonie orque roi=412
410;39;mission;Supply 1->1
410;39;mission;Supply 3->3
410;39;mission;Supply 1->1
410;39;mission;Supply 6->6
410;39;mission;Supply 3->3
410;39;mission;Supply 6->6
410;39;mission;Supply 1->1
410;39;mission;Supply 2->2
410;39;mission;Supply 3->3
410;39;mission;Supply 3->3
410;39;mission;Supply 1->1
410;39;mission;Supply 2->2
410;39;mission;Supply 2->2
410;39;mission;Supply 3->3
410;39;mission;Supply 6->6
410;39;royaume_roi;1 Royaume de Colonie orque roi=380
410;39;mission;Supply 2->2
410;39;mission;Supply 3->3
410;39;royaume_roi;1 Royaume de Colonie orque roi=419
410;39;mission;Supply 6->6
410;39;mission;Supply 2->2
410;39;mission;Supply 3->3
410;39;mission;Supply 6->6
410;40;mission;Supply 1->1
410;40;mission;Supply 3->3
410;40;mission;Supply 6->6
410;40;mission;Supply 2->2
410;40;mission;Supply 1->1
410;40;mission;Supply 2->2
410;40;mission;Supply 3->3
410;40;mission;Supply 6->6
410;40;mission;Supply 1->1
410;40;mission;Supply 1->1
410;40;mission;Supply 3->3
410;40;royaume_roi;1 Royaume de Colonie orque roi=358
410;40;mission;Supply 1->1
410;40;mission;Supply 2->2
410;40;royaume_roi;1 Royaume de Colonie orque roi=337
410;40;mission;Supply 1->1
410;40;mission;Supply 3->3
410;40;mission;Supply 6->6
410;40;mission;Supply 2->2
410;40;mission;Supply 3->3
410;40;mission;Supply 3->3
410;40;mission;Supply 6->6
410;40;mission;Supply 1->1
410;40;mission;Supply 6->6
410;40;mission;Supply 1->1
410;40;mission;Supply 2->2
410;41;mission;Supply 6->6
410;41;mission;Supply 1->1
410;41;mission;Supply 3->3
410;41;mission;Supply 6->6
410;41;mission;Supply 1->1
410;41;mission;Supply 2->2
410;41;mission;Supply 6->6
410;41;mission;Supply 1->1
410;41;mission;Supply 3->3
410;41;mission;Supply 1->1
410;41;mission;Supply 6->6
410;41;mission;Supply 1->1
410;41;mission;Supply 3->3
410;41;mission;Supply 1->1
410;41;mission;Supply 2->2
410;41;mission;Supply 6->6
410;41;mission;Supply 1->1
410;41;mission;Supply 2->2
410;41;mission;Supply 3->3
410;41;mission;Supply 1->1
410;41;mission;Supply 6->6
410;41;mission;Supply 3->3
410;41;mission;Supply 2->2
410;41;mission;Supply 6->6
410;41;mission;Supply 1->1
410;41;mission;Supply 2->2
410;41;mission;Supply 1->1
410;41;mission;Supply 3->3
410;42;royaume_roi;1 Royaume de Colonie orque roi=371
410;42;mission;Supply 1->1
410;42;mission;Supply 6->6
410;42;mission;Supply 1->1
410;42;mission;Supply 3->3
410;42;mission;Supply 6->6
410;42;mission;Supply 2->2
410;42;mission;Supply 6->6
410;42;mission;Supply 3->3
410;42;mission;Supply 6->6
410;42;mission;Supply 1->1
410;42;mission;Supply 2->2
410;42;mission;Supply 6->6
410;42;mission;Supply 1->1
410;42;mission;Supply 3->3
410;42;mission;Supply 6->6
410;42;mission;Supply 1->1
410;42;mission;Supply 2->2
410;42;mission;Supply 6->6
410;42;mission;Supply 1->1
410;42;mission;Supply 3->3
410;42;mission;Supply 6->6
410;42;mission;Supply 6->6
410;42;mission;Supply 2->2
410;42;mission;Supply 3->3
410;42;mission;Supply 6->6
410;42;mission;Supply 6->6
410;42;mission;Supply 2->2
410;42;mission;Supply 3->3
410;42;mission;Supply 2->2
410;42;mission;Supply 3->3
410;42;mission;Supply 1->1
410;42;mission;Supply 6->6
410;43;mission;Supply 1->1
410;43;mission;Supply 6->6
410;43;mission;Supply 1->1
410;43;mission;Supply 6->6
410;43;mission;Supply 2->2
410;43;mission;Supply 6->6
410;43;mission;Supply 1->1
410;43;mission;Supply 2->2
410;43;mission;Supply 3->3
410;43;mission;Supply 6->6
410;43;mission;Supply 6->6
410;43;mission;Supply 1->1
410;43;mission;Supply 3->3
410;43;mission;Supply 6->6
410;43;mission;Supply 1->1
410;43;mission;Supply 6->6
410;43;mission;Supply 1->1
410;43;mission;Supply 3->3
410;43;mission;Supply 6->6
410;43;mission;Supply 1->1
410;43;mission;Supply 6->6
410;43;mission;Supply 1->1
410;43;mission;Supply 6->6
410;43;mission;Supply 2->2
410;43;mission;Supply 6->6
410;43;mission;Supply 6->6
410;43;mission;Supply 6->6
410;43;mission;Supply 6->6
410;43;mission;Supply 1->1
410;43;mission;Supply 6->6
410;43;mission;Supply 6->6
410;43;mission;Supply 2->2
410;43;mission;Supply 6->6
410;44;mission;Supply 3->3
410;44;mission;Supply 6->6
410;44;mission;Supply 6->6
410;44;mission;Supply 6->6
410;44;mission;Supply 6->6
410;44;mission;Supply 6->6
410;44;mission;Supply 6->6
410;44;mission;Supply 6->6
410;44;mission;Supply 3->3
410;44;mission;Supply 6->6
410;44;mission;Supply 6->6
410;44;mission;Supply 2->2
410;44;mission;Supply 6->6
410;44;mission;Supply 1->1
410;44;mission;Supply 6->6
410;44;mission;Supply 6->6
410;44;mission;Supply 6->6
410;44;mission;Supply 1->1
410;44;mission;Supply 6->6
410;44;mission;Supply 1->1
410;44;mission;Supply 1->1
410;44;mission;Supply 1->1
410;44;mission;Supply 6->6
410;44;mission;Supply 2->2
410;44;mission;RoadWork 3->3
410;44;mission;Supply 6->6
410;44;mission;Supply 6->6
410;45;mission;Supply 1->1
410;45;mission;Supply 6->6
410;45;mission;Supply 3->3
410;45;mission;Supply 6->6
410;45;mission;Supply 6->6
410;45;mission;Supply 3->3
410;45;mission;Supply 6->6
410;45;mission;Supply 1->1
410;45;mission;Supply 2->2
410;45;mission;Supply 6->6
410;45;mission;Supply 1->1
410;45;mission;Supply 3->3
410;45;mission;Supply 6->6
410;45;royaume_roi;1 Royaume de Colonie orque roi=374
410;45;mission;Supply 1->1
410;45;mission;Supply 6->6
410;45;mission;Supply 6->6
410;45;mission;Supply 6->6
410;45;mission;Supply 6->6
410;45;mission;Supply 1->1
410;45;mission;Supply 6->6
410;45;mission;Supply 6->6
410;45;mission;Supply 1->1
410;45;mission;Supply 6->6
410;45;mission;Supply 2->2
410;45;mission;Supply 6->6
410;45;mission;Supply 6->6
410;45;mission;Supply 6->6
410;45;mission;Supply 6->6
410;45;mission;Supply 1->1
410;45;mission;Supply 6->6
410;45;mission;RoadWork 3->3
410;45;mission;Supply 6->6
410;45;mission;Supply 6->6
410;46;mission;Supply 2->2
410;46;mission;Supply 6->6
410;46;mission;Supply 1->1
410;46;mission;Supply 3->3
410;46;mission;Supply 6->6
410;46;mission;Supply 6->6
410;46;mission;Supply 6->6
410;46;mission;Supply 1->1
410;46;mission;Supply 6->6
410;46;mission;Supply 1->1
410;46;mission;Supply 6->6
410;46;mission;Supply 1->1
410;46;mission;Supply 6->6
410;46;mission;Supply 1->1
410;46;mission;Supply 6->6
410;46;mission;Supply 6->6
410;46;mission;Supply 6->6
410;46;mission;Supply 6->6
410;46;mission;Supply 1->1
410;46;mission;Supply 2->2
410;46;mission;Supply 3->3
410;46;mission;Supply 1->1
410;46;mission;Supply 2->2
410;47;mission;Supply 3->3
410;47;mission;Supply 1->1
410;47;mission;Supply 2->2
410;47;mission;RoadWork 6->6
410;47;mission;Supply 1->1
410;47;mission;Supply 1->1
410;47;mission;Supply 3->3
410;47;mission;Supply 1->1
410;47;mission;Supply 1->1
410;47;mission;Supply 1->1
410;47;mission;Supply 2->2
410;47;mission;Supply 1->1
410;47;mission;Supply 1->1
410;47;mission;Foundation 6->6
410;47;mission;Supply 1->1
410;47;mission;Supply 6->6
410;47;mission;RoadWork 3->3
410;47;mission;Supply 3->3
410;47;mission;Supply 6->6
410;48;mission;Supply 1->1
410;48;mission;Supply 6->6
410;48;mission;Supply 6->6
410;48;mission;Supply 1->1
410;48;mission;Supply 3->3
410;48;mission;Supply 6->6
410;48;mission;Supply 1->1
410;48;mission;Supply 3->3
410;48;royaume_roi;1 Royaume de Colonie orque roi=404
410;48;mission;Supply 6->6
410;48;mission;Supply 2->2
410;48;mission;Supply 1->1
410;48;mission;Supply 3->3
410;49;mission;Supply 1->1
410;49;mission;Supply 6->6
410;49;mission;Supply 6->6
410;49;mission;Supply 1->1
410;49;mission;Supply 6->6
410;49;mission;Supply 6->6
410;49;mission;Prospection 5->5
410;49;mission;Supply 6->6
410;49;mission;Supply 1->1
410;49;mission;RoadWork 3->3
410;49;mission;Supply 2->2
410;49;mission;Supply 1->1
410;49;mission;Prospection 5->5
410;49;mission;Supply 6->6
410;50;mission;Supply 1->1
410;50;mission;Supply 1->1
410;50;mission;Supply 1->1
410;50;mission;RoadWork 3->3
410;50;mission;Supply 6->6
410;50;mission;Supply 1->1
410;50;mission;Supply 1->1
410;50;mission;Supply 6->6
410;50;mission;Supply 1->1
410;50;mission;Supply 1->1
410;50;mission;Prospection 5->5
410;50;mission;Supply 1->1
410;50;mission;Supply 1->1
410;50;mission;Supply 1->1
410;50;mission;Supply 1->1
410;50;mission;Supply 1->1
410;50;mission;Supply 6->6
410;50;mission;Supply 2->2
410;50;mission;RoadWork 3->3
410;50;mission;Supply 1->1
410;50;mission;Supply 6->6
410;51;mission;Supply 6->6
410;51;mission;Supply 1->1
410;51;mission;Supply 2->2
410;51;mission;Supply 6->6
410;51;mission;Supply 2->2
410;51;mission;Supply 1->1
410;51;mission;Supply 6->6
410;51;mission;Supply 2->2
410;51;mission;Supply 6->6
410;51;mission;Supply 1->1
410;51;mission;Supply 2->2
410;51;mission;Supply 1->1
410;51;mission;Supply 2->2
410;51;mission;Supply 6->6
410;51;mission;Supply 1->1
410;51;royaume_roi;1 Royaume de Colonie orque roi=441
410;51;mission;Supply 1->1
410;51;mission;Supply 2->2
410;51;mission;Supply 6->6
410;52;mission;Supply 2->2
410;52;mission;Supply 1->1
410;52;mission;Supply 2->2
410;52;mission;Supply 6->6
410;52;mission;Foundation 3->3
410;52;mission;Supply 1->1
410;52;mission;Supply 3->3
410;52;mission;Supply 2->2
410;52;mission;Supply 1->1
410;52;mission;Supply 3->3
410;52;mission;Supply 1->1
410;52;mission;RoadWork 6->6
410;52;mission;Supply 3->3
410;52;mission;Supply 3->3
410;52;mission;Supply 2->2
410;52;mission;Supply 1->1
410;52;mission;Supply 3->3
410;53;mission;Supply 1->1
410;53;mission;Supply 2->2
410;53;mission;Supply 3->3
410;53;mission;Prospection 6->6
410;53;mission;Supply 6->6
410;53;mission;Supply 3->3
410;53;royaume_roi;1 Royaume de Colonie orque roi=513
410;53;mission;Supply 1->1
410;53;mission;Prospection 2->2
410;53;royaume_roi;1 Royaume de Colonie orque roi=516
410;53;mission;Supply 1->1
410;53;mission;Supply 2->2
410;53;mission;Prospection 6->6
410;54;royaume_dissous;1
410;54;mission;Supply 3->3
410;54;mission;Supply 1->1
410;54;mission;Supply 3->3
410;54;mission;Supply 3->3
410;54;mission;Supply 1->1
410;54;mission;Supply 3->3
410;54;mission;Supply 6->6
410;54;mission;Supply 1->1
410;54;mission;Prospection 2->2
410;54;mission;Supply 3->3
410;54;mission;Supply 6->6
410;54;mission;Supply 1->1
410;54;mission;Supply 1->1
410;54;mission;Supply 2->2
410;55;mission;Supply 1->1
410;55;mission;Supply 3->3
410;55;mission;Supply 2->2
410;55;mission;Supply 3->3
410;55;mission;Prospection 6->6
410;55;mission;Supply 1->1
410;55;mission;Supply 2->2
410;55;mission;Supply 6->6
410;55;mission;Supply 3->3
410;55;mission;Supply 6->6
410;55;mission;Supply 6->6
410;55;mission;Supply 1->1
410;55;mission;Supply 3->3
410;55;mission;Prospection 2->2
410;55;mission;Supply 6->6
410;56;mission;Supply 1->1
410;56;mission;Supply 3->3
410;56;mission;Supply 6->6
410;56;mission;Supply 1->1
410;56;mission;Supply 6->6
410;56;mission;Supply 3->3
410;56;mission;Prospection 2->2
410;56;mission;Supply 1->1
410;56;mission;Supply 3->3
410;56;mission;RoadWork 6->6
410;57;mission;Supply 3->3
410;57;mission;Supply 3->3
410;57;mission;Prospection 1->1
410;57;mission;Supply 3->3
410;57;mission;Supply 3->3
410;57;mission;Supply 6->6
410;57;mission;Prospection 2->2
410;57;mission;Supply 3->3
410;57;mission;Supply 1->1
410;57;mission;Supply 3->3
410;58;mission;Supply 1->1
410;58;mission;Supply 1->1
410;58;mission;Supply 6->6
410;58;mission;Supply 1->1
410;58;mission;Supply 3->3
410;58;mission;Supply 1->1
410;58;mission;Supply 1->1
410;58;mission;Supply 6->6
410;58;mission;Supply 3->3
410;58;mission;Supply 1->1
410;58;mission;Supply 3->3
410;58;mission;Supply 6->6
410;58;mission;Supply 3->3
410;58;mission;Supply 1->1
410;58;mission;Prospection 2->2
410;58;mission;Supply 3->3
410;58;mission;Supply 1->1
410;58;mission;Supply 6->6
410;59;mission;Supply 3->3
410;59;mission;Supply 6->6
410;59;mission;Supply 3->3
410;59;mission;Supply 6->6
410;59;mission;Supply 1->1
410;59;mission;Supply 1->1
410;59;mission;Supply 3->3
410;59;mission;Supply 1->1
410;59;mission;Supply 1->1
410;59;mission;Supply 6->6
410;59;mission;Supply 1->1
410;59;mission;Supply 1->1
410;59;mission;Supply 3->3
410;59;mission;Supply 1->1
410;59;mission;Prospection 2->2
410;59;mission;Supply 3->3
410;59;mission;Supply 6->6
410;60;mission;Supply 1->1
410;60;mission;Supply 3->3
410;60;mission;Supply 6->6
410;60;mission;Supply 3->3
410;60;mission;Supply 6->6
410;60;mission;Supply 6->6
410;60;mission;Supply 1->1
410;60;mission;Supply 6->6
410;60;mission;Supply 3->3
410;60;mission;Supply 1->1
410;60;mission;Supply 3->3
410;61;mission;Supply 3->3
410;61;mission;Supply 6->6
410;61;mission;Supply 1->1
410;61;mission;Supply 1->1
410;61;mission;Supply 3->3
410;61;mission;Supply 6->6
410;61;mission;Supply 1->1
410;61;mission;Supply 3->3
410;61;mission;Supply 1->1
410;61;mission;Prospection 2->2
410;61;mission;Supply 6->6
410;62;mission;Supply 1->1
410;62;mission;Supply 3->3
410;62;mission;Supply 1->1
410;62;mission;Supply 1->1
410;62;mission;Supply 1->1
410;62;mission;Supply 3->3
410;62;mission;Supply 1->1
410;62;mission;Supply 3->3
410;62;mission;Supply 6->6
410;62;mission;Supply 3->3
410;62;mission;Supply 1->1
410;62;mission;Prospection 2->2
410;62;mission;Supply 6->6
410;62;mission;Supply 6->6
410;62;mission;Supply 1->1
410;62;mission;Supply 3->3
410;62;mission;Prospection 2->2
410;63;mission;Supply 3->3
410;63;mission;Supply 1->1
410;63;mission;Supply 3->3
410;63;mission;Supply 6->6
410;63;mission;Supply 1->1
410;63;mission;Supply 3->3
410;63;mission;Supply 3->3
410;63;mission;Supply 1->1
410;63;mission;Supply 6->6
410;63;mission;Prospection 2->2
410;63;mission;Supply 1->1
410;63;mission;RoadWork 3->3
410;63;mission;Supply 6->6
410;64;mission;Supply 1->1
410;64;mission;Prospection 2->2
410;64;mission;Supply 3->3
410;64;mission;Supply 1->1
410;64;mission;Supply 6->6
410;64;mission;Supply 3->3
410;64;mission;Supply 6->6
410;64;mission;Supply 3->3
410;64;mission;Supply 1->1
410;64;mission;Prospection 2->2
410;64;mission;Supply 1->1
410;64;mission;Supply 1->1
410;64;mission;Supply 3->3
410;64;mission;Supply 1->1
410;64;mission;Supply 2->2
410;64;mission;Prospection 6->6
410;65;mission;Supply 1->1
410;65;mission;Supply 1->1
410;65;mission;Supply 1->1
410;65;mission;Supply 1->1
410;65;mission;Supply 3->3
410;65;mission;Supply 1->1
410;65;mission;Supply 1->1
410;65;mission;Supply 3->3
410;65;mission;Supply 1->1
410;65;mission;Supply 1->1
410;65;mission;Supply 1->1
410;65;mission;Supply 2->2
410;65;mission;Supply 3->3
410;65;mission;Prospection 6->6
410;65;mission;Supply 1->1
410;65;mission;Supply 3->3
410;65;mission;Supply 1->1
410;65;mission;Supply 1->1
410;65;mission;Supply 1->1
410;65;mission;Supply 2->2
410;65;mission;Prospection 6->6
410;66;mission;Supply 1->1
410;66;mission;Supply 3->3
410;66;mission;Supply 2->2
410;66;mission;Supply 3->3
410;66;mission;Supply 2->2
410;66;mission;Supply 3->3
410;66;mission;Prospection 6->6
410;66;mission;Supply 2->2
410;66;mission;Supply 2->2
410;66;mission;Supply 2->2
410;66;mission;Supply 2->2
410;66;mission;Supply 2->2
410;66;mission;Supply 3->3
410;67;mission;Supply 2->2
410;67;mission;Supply 2->2
410;67;mission;Supply 3->3
410;67;mission;Supply 2->2
410;67;mission;Prospection 6->6
410;67;mission;Supply 2->2
410;67;mission;Supply 3->3
410;67;mission;Supply 2->2
410;67;mission;Prospection 1->1
410;67;mission;Supply 2->2
410;67;mission;Supply 3->3
410;67;mission;Supply 2->2
410;67;mission;Supply 2->2
410;67;mission;Supply 3->3
410;67;mission;Supply 2->2
410;67;mission;Supply 2->2
410;67;mission;Supply 3->3
410;67;mission;Supply 3->3
410;67;mission;Prospection 6->6
410;67;mission;Supply 2->2
410;67;mission;Supply 2->2
410;67;mission;Supply 2->2
410;67;mission;Supply 3->3
410;67;mission;Supply 2->2
410;67;mission;Supply 2->2
410;67;mission;Supply 3->3
410;68;mission;Supply 2->2
410;68;mission;Supply 2->2
410;68;mission;Supply 3->3
410;68;mission;Supply 2->2
410;68;mission;Prospection 6->6
410;68;mission;Supply 2->2
410;68;mission;Supply 3->3
410;68;mission;Supply 2->2
410;68;mission;Supply 2->2
410;68;mission;Supply 2->2
410;68;mission;Supply 2->2
410;68;mission;Supply 2->2
410;68;mission;Supply 2->2
410;68;mission;Supply 3->3
410;68;mission;Prospection 6->6
410;68;mission;Prospection 1->1
410;68;mission;Supply 3->3
410;68;mission;Supply 2->2
410;69;mission;Supply 2->2
410;69;mission;Supply 3->3
410;69;mission;Supply 2->2
410;69;mission;Supply 2->2
410;69;mission;Supply 2->2
410;69;mission;Supply 3->3
410;69;mission;Prospection 6->6
410;69;mission;Supply 2->2
410;69;mission;Supply 2->2
410;69;mission;Supply 2->2
410;69;mission;Supply 3->3
410;69;mission;Prospection 1->1
410;69;mission;Supply 2->2
410;69;mission;Supply 2->2
410;69;mission;Supply 2->2
410;69;mission;Supply 3->3
410;69;mission;Supply 2->2
410;69;mission;Supply 3->3
410;69;mission;Prospection 1->1
410;70;mission;Supply 3->3
410;70;mission;Prospection 2->2
410;70;mission;Supply 3->3
410;70;mission;Prospection 1->1
410;70;mission;Supply 3->3
410;70;mission;Prospection 6->6
410;70;mission;Supply 3->3
410;70;mission;Prospection 2->2
410;70;mission;Supply 3->3
410;70;mission;Supply 3->3
410;71;mission;Supply 3->3
410;71;mission;Supply 3->3
410;71;mission;Prospection 6->6
410;71;mission;Prospection 2->2
410;71;mission;Supply 3->3
410;71;mission;Supply 3->3
410;71;mission;Supply 3->3
410;71;mission;Prospection 1->1
410;71;mission;Prospection 6->6
410;71;mission;Prospection 2->2
410;71;mission;Supply 3->3
410;72;mission;Supply 3->3
410;72;mission;Supply 3->3
410;72;mission;Supply 3->3
410;72;mission;Prospection 6->6
410;72;mission;Supply 3->3
410;72;mission;Prospection 6->6
410;72;mission;RoadWork 3->3
410;72;mission;Prospection 1->1
410;73;mission;Supply 3->3
410;73;mission;RoadWork 6->6
410;73;mission;Supply 3->3
410;73;mission;Prospection 6->6
410;73;mission;Supply 3->3
410;74;mission;Supply 3->3
410;74;mission;Supply 3->3
410;74;mission;Prospection 6->6
410;74;mission;Supply 3->3
410;74;mission;Prospection 6->6
410;74;mission;Prospection 2->2
410;74;mission;Prospection 3->3
410;75;mission;Supply 3->3
410;75;mission;Supply 3->3
410;75;mission;Prospection 6->6
410;75;mission;Supply 3->3
410;75;mission;Prospection 1->1
410;75;mission;Prospection 3->3
410;75;mission;Prospection 6->6
410;76;mission;Supply 3->3
410;76;mission;Supply 3->3
410;76;mission;Supply 3->3
410;76;mission;Prospection 6->6
410;76;mission;Prospection 2->2
410;76;mission;Prospection 1->1
410;76;mission;Prospection 6->6
410;77;mission;Supply 3->3
410;77;mission;Supply 3->3
410;77;mission;Prospection 1->1
410;77;mission;Prospection 3->3
410;77;mission;Supply 3->3
410;78;mission;Supply 3->3
410;78;mission;Prospection 1->1
410;78;mission;Supply 3->3
410;78;mission;Prospection 2->2
410;78;mission;Prospection 1->1
410;79;mission;Prospection 3->3
410;79;mission;Supply 3->3
410;79;mission;Prospection 1->1
410;79;mission;Supply 3->3
410;80;mission;Prospection 1->1
410;80;mission;Supply 3->3
410;80;mission;Supply 3->3
410;80;mission;Supply 3->3
410;80;mission;Prospection 6->6
410;80;mission;Prospection 2->2
410;80;mission;Supply 3->3
410;81;mission;Supply 3->3
410;81;mission;Supply 3->3
410;81;mission;Prospection 3->3
410;82;mission;Supply 3->3
410;82;mission;Supply 3->3
410;82;mission;Prospection 6->6
410;82;mission;Supply 3->3
410;82;mission;Supply 3->3
410;82;mission;Supply 3->3
410;82;mission;Prospection 1->1
410;82;mission;Prospection 6->6
410;82;mission;Supply 3->3
410;83;mission;Supply 3->3
410;83;mission;Prospection 6->6
410;83;mission;Supply 3->3
410;83;mission;Supply 3->3
410;83;mission;Prospection 6->6
410;83;mission;Supply 3->3
410;84;mission;Supply 3->3
410;84;mission;Supply 3->3
410;84;mission;RoadWork 6->6
410;84;mission;Supply 3->3
410;84;mission;Prospection 6->6
410;84;mission;Prospection 3->3
410;84;mission;Supply 3->3
410;85;mission;Supply 3->3
410;85;mission;Prospection 6->6
410;85;mission;Prospection 3->3
410;85;mission;Prospection 6->6
410;85;mission;Prospection 1->1
410;85;mission;Prospection 2->2
410;86;mission;Prospection 6->6
410;86;mission;Prospection 1->1
410;86;mission;Prospection 2->2
410;86;mission;Prospection 1->1
410;87;mission;Prospection 1->1
410;87;mission;Prospection 3->3
410;88;mission;Prospection 1->1
410;88;mission;Prospection 3->3
410;89;mission;Prospection 3->3
410;89;mission;Prospection 1->1
410;89;mission;Prospection 2->2
410;89;mission;RoadWork 3->3
410;89;mission;Prospection 1->1
410;90;mission;Prospection 2->2
410;90;mission;Prospection 3->3
410;90;mission;Prospection 1->1
410;90;mission;Prospection 3->3
410;90;mission;Prospection 2->2
410;91;mission;Prospection 1->1
410;91;mission;Prospection 3->3
410;91;mission;Prospection 1->1
410;91;mission;Prospection 3->3
410;92;mission;Prospection 3->3
410;92;mission;Prospection 2->2
410;92;mission;Prospection 1->1
410;92;mission;Prospection 3->3
410;93;mission;Prospection 1->1
410;93;mission;Prospection 3->3
410;93;mission;Prospection 3->3
410;94;mission;Prospection 3->3
410;95;mission;Prospection 1->1
410;95;mission;Prospection 3->3
410;95;mission;Prospection 1->1
410;95;mission;Prospection 3->3
410;96;mission;Prospection 1->1
410;96;mission;Prospection 3->3
410;96;mission;Prospection 2->2
410;96;mission;RoadWork 3->3
410;96;mission;Prospection 1->1
410;97;mission;Prospection 3->3
410;97;mission;Prospection 1->1
410;97;mission;Prospection 6->6
410;97;mission;Prospection 3->3
410;97;mission;Prospection 1->1
410;98;mission;Prospection 6->6
410;98;mission;Prospection 1->1
410;98;mission;Prospection 6->6
410;98;mission;Prospection 1->1
410;99;mission;Prospection 6->6
410;99;mission;Prospection 2->2
410;99;mission;Prospection 6->6
410;99;mission;Prospection 3->3
410;100;mission;Prospection 3->3
410;100;mission;Prospection 1->1
410;100;mission;Prospection 3->3
